isInSuperMarioMaker1,isInSuperMarioMaker2,categoryInTheEditor,hasAMushroomVariant,canBeInAParachute,canHaveWings,canContainOrSpawnAKey,canBePutInAOnOffBlock,canBePutOnATrack,editorLimit_canBePutOnATrack,whilePlaying_canBePutOnATrack,canSpawnOutOfAPipe,canBePutInASwingingClaw,canBeThrownByALakitu,canBePutInALakituCloud,canBePutInAClownCar,canBeFiredOutOfABulletLauncher,canBePutInABlock,canBePutInATree,lightSourceEmitted,lightSourceEmitted_isInSMB,canIgniteABobOmb,canGoThroughWalls,canBeStacked,isGlobalGroundOrGlobal,canMakeASoundOutOfAMusicBlock,editorLimit,whilePlaying_isInGEL,whilePlaying_isInGEL_comment,whilePlaying_isInGEL_isSuperGlobal,whilePlaying_isInGEL_isSuperGlobal_comment,whilePlaying_isInPEL,whilePlaying_isInPEL_comment,whilePlaying_isInPJL,whilePlaying_isInPJL_comment,whilePlaying_customLimit,whilePlaying_customLimit_comment,whilePlaying_offscreenSpawningHorizontalRange,whilePlaying_offscreenDespawningHorizontalRange,whilePlaying_offscreenSpawningUpwardVerticalRange,whilePlaying_offscreenDespawningUpwardVerticalRange,whilePlaying_offscreenDownwardVerticalRange,whilePlaying_offscreenDownwardVerticalRange,inInDayTheme,inInNightTheme,inGroundTheme,inUndergroundTheme,inUnderwaterTheme,inDesertTheme,inSnowTheme,inSkyTheme,inForestTheme,inGhostHouseTheme,inAirshipTheme,inCastleTheme,inSMBGameStyle,inSMB3GameStyle,inSMWGameStyle,inNSMBUGameStyle,inSM3DWGameStyle,english,americanEnglish,europeanEnglish,french,canadianFrench,europeanFrench,german,spanish,americanSpanish,europeanSpanish,italian,dutch,portuguese,americanPortuguese,europeanPortuguese,russian,japanese,chinese,simplifiedChinese,traditionalChinese,korean
TRUE,TRUE,Terrain,FALSE,FALSE,FALSE,FALSE,FALSE,FALSE,,,FALSE,FALSE,FALSE,FALSE,FALSE,FALSE,FALSE,FALSE,,FALSE,FALSE,FALSE,FALSE,FALSE,FALSE,Ground Limit,FALSE,,FALSE,,FALSE,,FALSE,,,,,,,,,,this,this,this,this,this,this,this,this,this,this,this,this,this,this,this,this,this,Ground,,,Sol,,,Boden,Suelo,,,Terra,,,,,,地面,地面,,,
FALSE,TRUE,Terrain,FALSE,FALSE,FALSE,FALSE,FALSE,FALSE,,,FALSE,FALSE,FALSE,FALSE,FALSE,FALSE,FALSE,FALSE,,FALSE,FALSE,FALSE,FALSE,FALSE,FALSE,Block Limit,FALSE,,FALSE,,FALSE,,FALSE,,,,,,,,,,this,this,this,this,this,this,this,this,this,this,this,this,this,this,this,this,this,Steep Slope,,,Pente abrupte,,,Steiler Abhang,Pendiente abrupta,,,Salita ripida,,,,,,きゅうな坂,,陡坡,應坡,
FALSE,TRUE,Terrain,FALSE,FALSE,FALSE,FALSE,FALSE,FALSE,,,FALSE,FALSE,FALSE,FALSE,FALSE,FALSE,FALSE,FALSE,,FALSE,FALSE,FALSE,FALSE,FALSE,FALSE,Block Limit,FALSE,,FALSE,,FALSE,,FALSE,,,,,,,,,,this,this,this,this,this,this,this,this,this,this,this,this,this,this,this,this,this,Gentle Slope,,,Pente douce,,,Stanfter Abhang,Pendiente suave,,,Salita poco ripida,,,,,,ゆるやかな坂,,缓坡,緩坡,
TRUE,TRUE,Terrain,FALSE,FALSE,FALSE,FALSE,FALSE,FALSE,,,,FALSE,FALSE,FALSE,FALSE,FALSE,FALSE,FALSE,,FALSE,FALSE,FALSE,FALSE,FALSE,FALSE,Block Limit,FALSE,,FALSE,,FALSE,,FALSE,,,,,,,,,,this,this,this,this,this,this,this,this,this,this,this,this,this,this,this,this,this,Pipe,,,Tuyau,,,Röhre,Tuberia,,,Tobo,Buis,Cano,,,Труба,土管,水管,,,토관
FALSE,TRUE,Terrain,FALSE,FALSE,FALSE,FALSE,FALSE,,,,,,,,,FALSE,FALSE,FALSE,,,FALSE,FALSE,FALSE,FALSE,,Clear Pipe Limit,FALSE,,FALSE,,FALSE,,FALSE,,,,,,,,,,this,,this,this,this,this,this,this,this,this,this,this,,,,,this,Clear pipe,,,Tuyau transparent,,,Glasröhre,Tubería transparente,,,Tubo transparente,Glazen buis,Cano transparente,,,,とうめいさ管,透明水管,,,투명토관
TRUE,TRUE,Terrain,FALSE,FALSE,FALSE,FALSE,FALSE,FALSE,,,FALSE,FALSE,FALSE,FALSE,FALSE,FALSE,FALSE,,,FALSE,FALSE,FALSE,FALSE,FALSE,FALSE,Other Ground + Vine Limit,FALSE,,FALSE,,FALSE,,FALSE,,,,,,,,,,this,this,this,this,Jelectros / Sea Urchins,this,this,this,this,this,this,this,this,this,this,this,,Spike Trap,,,,Boule à pics,Boule à pointes,Stacheln,Bola de picos,,,Spuntoni,Stekels,Armadiha Espinhosa,,,Колючка-западня,トゲ地形,尖刺地形,,,가시지형
TRUE,TRUE,Terrain,FALSE,FALSE,FALSE,FALSE,FALSE,FALSE,,,FALSE,FALSE,FALSE,FALSE,FALSE,FALSE,FALSE,,,FALSE,FALSE,FALSE,FALSE,FALSE,FALSE,Other Ground + Vine Limit,FALSE,,FALSE,,FALSE,,FALSE,,,,,,,,,,this / Spike Trap,this / Spike Trap,Spike Trap,Spike Trap,this,Spike Trap,Spike Trap,Spike Trap,Spike Trap,Spike Trap,Spike Trap,Spike Trap,Spike Trap,this,Spike Trap / Sea Urchins,Spike Trap,,Jelectros,,,Médusélectrique,,,Quallektro,???,,,Elettromedusa,,,,,,しびれくらげ,???,,,찌릿해파리
TRUE,TRUE,Terrain,FALSE,FALSE,FALSE,FALSE,FALSE,FALSE,,,FALSE,FALSE,FALSE,FALSE,FALSE,FALSE,FALSE,,,FALSE,FALSE,FALSE,FALSE,FALSE,FALSE,Other Ground + Vine Limit,FALSE,,FALSE,,FALSE,,FALSE,,,,,,,,,,this / Spike Trap,this / Spike Trap,Spike Trap,Spike Trap,this,Spike Trap,Spike Trap,Spike Trap,Spike Trap,Spike Trap,Spike Trap,Spike Trap,Spike Trap,Spike Trap / Jelectros,this,Spike Trap,,Sea Urchins,,,???,,,Seeigel,???,,,Riccio di mare,Stacheln,,,,,???,???,,,
FALSE,TRUE,Gizmo,FALSE,FALSE,FALSE,FALSE,TRUE,FALSE,,,FALSE,,,,,FALSE,FALSE,FALSE,,FALSE,FALSE,FALSE,FALSE,FALSE,,Other Ground + Vine Limit,FALSE,,FALSE,,FALSE,,FALSE,,,,,,,,,,this,,this,this,this,this,this,this,this,this,this,this,,,,,this,Spike Block,,,Bloc à épines,,,Stachelblock,Bloque de picos,,,Blocco spinoso,Spijkerblok,Bloco espinhoso,,,Блок с шипами,トゲブロック,,尖刺砖块,尖刺磚塊,가시블록
TRUE,TRUE,Terrain,FALSE,FALSE,FALSE,FALSE,FALSE,FALSE,,,FALSE,FALSE,FALSE,FALSE,FALSE,FALSE,FALSE,FALSE,,FALSE,FALSE,FALSE,FALSE,FALSE,FALSE,Block Limit,FALSE,,FALSE,,FALSE,,FALSE,,,,,,,,,,this,this,this,this,this,this,this,this,this,this,this,this,this,this,this,this,,Mushroom Platform,,,Platforme champignon,,,Pilzplattform,Plataforma champiñón,,,Piattaforma fungo,,,,,,キノコ地形,蘑菇地形,,,
TRUE,TRUE,Terrain,FALSE,FALSE,FALSE,FALSE,FALSE,FALSE,,,FALSE,FALSE,FALSE,FALSE,FALSE,FALSE,FALSE,FALSE,,FALSE,FALSE,FALSE,FALSE,FALSE,FALSE,Block Limit,FALSE,,FALSE,,FALSE,,FALSE,,,,,,,,,,this,this,this,this,this,this,this,this,this,this,this,this,this,this,this,this,this,Semi-solid Platform,,,Platforme semi-solide,,,Hintergrund-Plattform,Plataforma flotante,,,Piattaforma fluttante,,,,,,半当たり地形,半碰撞地形,,,
TRUE,TRUE,Terrain,FALSE,FALSE,FALSE,FALSE,FALSE,,,,FALSE,,,,,FALSE,FALSE,,,FALSE,FALSE,FALSE,FALSE,FALSE,,Block Limit,FALSE,,FALSE,,FALSE,,FALSE,,,,,,,,,,this,this,this,this,this,this,this,this,this,this,this,this,this,this,this,this,,Bridge,,,Pont,,,Brücke,Puente,,,Ponte,,,,,,橋,橋,,,
TRUE,TRUE,Terrain,FALSE,FALSE,TRUE,TRUE,FALSE,TRUE,General Entity Limit,General Entity Limit,FALSE,FALSE,FALSE,FALSE,FALSE,FALSE,FALSE,FALSE,,FALSE,FALSE,FALSE,FALSE,FALSE,FALSE,Other Ground + Vine Limit,FALSE,,FALSE,,FALSE,,FALSE,,,,,,,,,,this,this,this,this,this,this,this,this,this,this,this,this,this,this,"Block
(Rotating Block)",this,this,"Block
(Brick Block)",,,"Bloc
(Bloc de brique)",,,"Block
(Mauerblock)","Bloque
(Bloque ladrillo)",,,"Blocco
(Blocco mattone)","Blok
(Baksteenblok)",Bloco,,,Блок,"レンガ
(レンガブロック)",,砖块,磚塊,블록
FALSE,TRUE,Terrain,FALSE,FALSE,TRUE,TRUE,FALSE,TRUE,General Entity Limit,General Entity Limit,FALSE,FALSE,FALSE,FALSE,FALSE,FALSE,FALSE,FALSE,,FALSE,FALSE,FALSE,FALSE,FALSE,FALSE,Other Ground + Vine Limit,FALSE,,FALSE,,FALSE,,FALSE,,,,,,,,,,this,,"Block
(Brick Block) / Block
(Rotating Block)",this,"Block
(Brick Block) / Block
(Rotating Block)","Block
(Brick Block) / Block
(Rotating Block)","Block
(Brick Block) / Block
(Rotating Block)","Block
(Brick Block) / Block
(Rotating Block)",this,"Block
(Brick Block) / Block
(Rotating Block)","Block
(Brick Block) / Block
(Rotating Block)","Block
(Brick Block) / Block
(Rotating Block)","Block
(Brick Block) / Block
(Rotating Block)","Block
(Brick Block) / Block
(Rotating Block)","Block
(Brick Block) / Block
(Rotating Block)","Block
(Brick Block) / Block
(Rotating Block)",this,"Block
(Cristal Block)",,,"Bloc
(Bloc de cristal)",,,???,???,,,"Blocco
(Blocco cristallo)",,,,,"Блок
(Кристальный блок)","レンガ
(鉱石ブロック)",???,,,
TRUE,TRUE,Terrain,FALSE,FALSE,TRUE,TRUE,FALSE,TRUE,General Entity Limit,General Entity Limit,FALSE,FALSE,FALSE,FALSE,FALSE,FALSE,FALSE,FALSE,,FALSE,FALSE,FALSE,FALSE,FALSE,FALSE,Other Ground + Vine Limit,FALSE,,FALSE,,FALSE,,FALSE,,,,,,,,,,this,this,this,this,this,this,this,this,this,this,this,this,"Block
(Brick Block)","Block
(Brick Block)",this,"Block
(Brick Block)","Block
(Brick Block)","Block
(Rotating Block)",,,"Bloc
(Bloc pivotant)",,,"Block
(Rotierender Block)","Bloque
(Bloque giratorio)",,,"Blocco
(Blocco girevoli)",,"Bloco
(Bloco Giratório)",,,,"レンガ
(クルクルブロック)",???,,,
TRUE,TRUE,Terrain,FALSE,FALSE,TRUE,TRUE,FALSE,TRUE,General Entity Limit,General Entity Limit,FALSE,FALSE,FALSE,FALSE,FALSE,FALSE,FALSE,FALSE,,FALSE,FALSE,FALSE,FALSE,FALSE,FALSE,Other Ground + Vine Limit,FALSE,,FALSE,,FALSE,,FALSE,,,,,,,,,,this,this,this,this,this,this,this,this,this,this,this,this,this,this,this,this,this,Hard Block,,,Bloc solide,,,Harter Block,Bloque duro,,,Blocco duro,Hard blok,,,,Прочный блок,硬いブロック,,坚硬砖块,堅硬磚塊,딱딱블록
TRUE,TRUE,Terrain,FALSE,FALSE,TRUE,TRUE,FALSE,TRUE,General Entity Limit,General Entity Limit,FALSE,FALSE,FALSE,FALSE,FALSE,FALSE,,FALSE,,FALSE,FALSE,FALSE,FALSE,FALSE,,Other Ground + Vine Limit,FALSE,,FALSE,,FALSE,,FALSE,,,,,,,,,,this,this,this,this,this,this,this,this,this,this,this,this,this,this,this,this,this,? Block,,,Bloc ?,,,?-Block,Bloque ?,,,Blocco ?,?-blok,Bloco ?,,,Блок «?»,ハテナブロック,,? 砖块,? 磚塊,?블록
TRUE,TRUE,Terrain,FALSE,FALSE,TRUE,TRUE,FALSE,TRUE,General Entity Limit,General Entity Limit,FALSE,,,,,FALSE,,FALSE,,FALSE,FALSE,FALSE,FALSE,FALSE,,Other Ground + Vine Limit,FALSE,,FALSE,,FALSE,,FALSE,,,,,,,,,,this,this,this,this,this,this,this,this,this,this,this,this,this,this,this,this,this,Hidden Block,,,Bloc secret,,,Versteckter Block,Bloque secreto,,,Blocco nascosto,,,,,,とうめいプロック,,透明砖块,透明磚塊,
FALSE,TRUE,Gizmo,FALSE,FALSE,FALSE,FALSE,FALSE,FALSE,,,FALSE,,,,,FALSE,FALSE,FALSE,,,FALSE,FALSE,FALSE,TRUE,,!-Block Limit,TRUE,,FALSE,,FALSE,,FALSE,,,,,,,,,,this,,this,this,this,this,this,this,this,this,this,this,,,,,this,! Block,,,Bloc !,,,!-Block,Bloque !,,,Blocco !,!-blok,Bloco de Exclamação,,,Блок «!»,ピックリブロック,,! 砖块,! 磚塊,
TRUE,TRUE,Terrain,FALSE,FALSE,FALSE,FALSE,FALSE,TRUE,General Entity Limit,General Entity Limit,FALSE,FALSE,FALSE,FALSE,FALSE,FALSE,FALSE,,,FALSE,FALSE,FALSE,FALSE,FALSE,,Other Ground + Vine Limit,FALSE,,FALSE,,FALSE,,FALSE,,,,,,,,,,this,this,this,this,this,this,this,this,this,this,this,this,this,this,this,this,,Note Block,,,Bloc note,,,Notenblock,Bloque nota,,,Blocco nota,Muzieknootblok,Bloco de Notas,,,Блок «до-ре-ми»,音符ブロック,,音符砖块,音符磚塊,음표블록
TRUE,TRUE,Terrain,FALSE,FALSE,FALSE,FALSE,FALSE,TRUE,General Entity Limit,General Entity Limit,FALSE,FALSE,FALSE,FALSE,FALSE,FALSE,FALSE,,,FALSE,FALSE,FALSE,FALSE,FALSE,,Other Ground + Vine Limit,FALSE,,FALSE,,FALSE,,FALSE,,,,,,,,,,this,this,this,this,this,this,this,this,this,this,this,this,this,this,this,this,,Music Block,,,Bloc musical,,,Musikblock,Bloque musical,,,Blocco musicale,Muziekblok,,,,Музыкальный блок,楽器ブロック,,乐器砖块,樂器磚塊,악기블록
TRUE,TRUE,Terrain,FALSE,FALSE,TRUE,FALSE,FALSE,TRUE,General Entity Limit,General Entity Limit,FALSE,FALSE,FALSE,FALSE,FALSE,FALSE,FALSE,FALSE,,FALSE,FALSE,FALSE,FALSE,FALSE,FALSE,Other Ground + Vine Limit,FALSE,,FALSE,,FALSE,,FALSE,,,,,,,,,,this,this,this,this,this,this,this,this,this,this,this,this,this,this,this,this,this,Donut Block,,,Bloc beigne,,,Donutblock,Bloque rosquilla,,,Blocco ciambella,Donutblok,Bloco de Donut,,,Блок-бублик,ちくわプロック,,竹轮砖块,竹輪磚塊,도넛블록
TRUE,TRUE,Terrain,FALSE,FALSE,TRUE,FALSE,FALSE,TRUE,General Entity Limit,General Entity Limit,FALSE,FALSE,FALSE,FALSE,FALSE,FALSE,FALSE,FALSE,,FALSE,FALSE,FALSE,FALSE,SM3DW,FALSE,Other Ground + Vine Limit,FALSE,,FALSE,,FALSE,,FALSE,,,,,,,,,,this,this,this,this,this,this,this,this,this,this,this,this,this,this,this,this,this,Cloud Block,,,Bloc nuage,,,Wolkenblock,Bloque nube,,,Blocco nuvola,,,,,,雲プロック,,云朵砖块,雲朵磚塊,
FALSE,TRUE,Gizmo,FALSE,FALSE,FALSE,FALSE,TRUE,FALSE,,,FALSE,FALSE,FALSE,FALSE,FALSE,FALSE,FALSE,FALSE,Full light,TRUE,FALSE,FALSE,FALSE,FALSE,FALSE,General Entity Limit,FALSE,,FALSE,,FALSE,,FALSE,,,,,,,,,,this,this,this,this,this,this,this,this,this,this,this,this,this,this,this,this,this,ON/OFF Switch,,,Interrupteur ON/OFF,,,EIN/AUS-Schalter,Interruptor ON/OFF,,,Interruttore ON/OFF,Aan-uitschakelaar,Interruptor ON/OFF,,,Переключатель ВКЛ./ВЫКЛ.,ON/OFFスイッチ,,ON/OFF开关,ON/OFF開關,
FALSE,TRUE,Gizmo,FALSE,FALSE,FALSE,FALSE,TRUE,FALSE,,,FALSE,FALSE,FALSE,FALSE,FALSE,FALSE,FALSE,FALSE,,FALSE,FALSE,FALSE,FALSE,FALSE,FALSE,Other Ground + Vine Limit,FALSE,,FALSE,,FALSE,,FALSE,,,,,,,,,,this,this,this,this,this,this,this,this,this,this,this,this,this,this,this,this,this,Dotted-Line Block,,,Bloc en pointillés,,,Umriss-Block,Bloque de puntos,,,Blocco Tratteggiato,Stippellijnblok,Bloco Pontilhado,,,Пунктирный блок,点線ブロック,,虚线砖块,虛線磚塊,
FALSE,TRUE,Gizmo,FALSE,FALSE,FALSE,FALSE,FALSE,FALSE,,,FALSE,FALSE,FALSE,FALSE,FALSE,FALSE,FALSE,FALSE,,FALSE,FALSE,FALSE,FALSE,FALSE,FALSE,Other Ground + Vine Limit,FALSE,,FALSE,,FALSE,,FALSE,,,,,,,,,,this,this,this,this,this,this,this,this,this,this,this,this,this,this,this,this,this,P Block,,,Bloc P,,,P-Block,Bloque P,,,Blocco P,P-blok,Bloco P,,,,Pブロック,,P砖块,P磚塊,
FALSE,TRUE,Gizmo,FALSE,FALSE,FALSE,FALSE,FALSE,,,,FALSE,,,,,FALSE,FALSE,FALSE,,FALSE,FALSE,FALSE,FALSE,FALSE,,Other Ground + Vine Limit,FALSE,,FALSE,,FALSE,,FALSE,,,,,,,,,,this,,this,this,this,this,this,this,this,this,this,this,,,,,this,Blinking Block,,,Bloc intermittent,,,Blink-Block,Bloque alternante,,,Blocco intermittente,Knipperblok,Bloco intermitente,,,Мерцающий блок,てんめつブロック,,闪烁砖块,閃爍磚塊,
FALSE,TRUE,Gizmo,FALSE,FALSE,FALSE,FALSE,TRUE,FALSE,,,FALSE,FALSE,FALSE,FALSE,FALSE,FALSE,FALSE,FALSE,,,FALSE,FALSE,FALSE,TRUE,FALSE,Track Block Limit,TRUE,,TRUE,,FALSE,,FALSE,,,,,,,,,,this,,this,this,this,this,this,this,this,this,this,this,,,,,this,Track Block,,,Bloc mobile,,,Spur-Block,Bloque riel,,,Blocco traiettoria,Beweegblok,,,,,きどうブロック,,机动砖块,機動磚塊,
TRUE,TRUE,Terrain,FALSE,FALSE,TRUE,TRUE,FALSE,TRUE,General Entity Limit,General Entity Limit,FALSE,FALSE,FALSE,FALSE,FALSE,FALSE,FALSE,FALSE,,FALSE,FALSE,FALSE,FALSE,FALSE,FALSE,Other Ground + Vine Limit,FALSE,,FALSE,,FALSE,,FALSE,,,,,,,,,,this,this,this,this,this,this,this,this,this,this,this,this,this,this,this,this,this,Ice Block,,,Bloc de glace,,,Eis-Block,Bloque de hielo,,,Blocco di ghiaccio,Ijsblok,,,,Ледяной блок,氷ブロック,,冰冻砖块,冰凍磚塊,얼음블록
FALSE,TRUE,Gizmo,FALSE,FALSE,FALSE,FALSE,FALSE,FALSE,,,FALSE,FALSE,FALSE,FALSE,FALSE,FALSE,FALSE,FALSE,Dim light,FALSE,FALSE,FALSE,FALSE,FALSE,TRUE,Icicle Limit,FALSE,,FALSE,,FALSE,,FALSE,,,,,,,,,,this,this,this,this,this,this,this,this,this,this,this,this,this,this,this,this,this,Icicle,,,Stalactite,,,Eiszapfen,,Témpano,Carámbano,Stalattite,IJspegel,Pingente de gelo,,,Сосулька,ツララ,,冰锥,冰錐,고드름
TRUE,TRUE,Item,FALSE,TRUE,TRUE,FALSE,FALSE,TRUE,General Entity Limit,Loose Coin Limit,TRUE,TRUE,TRUE,FALSE,TRUE,TRUE,TRUE,TRUE,Variable,FALSE,FALSE,FALSE,FALSE,FALSE,TRUE,Other Ground + Vine Limit,FALSE,,FALSE,,FALSE,,FALSE,,Loose Coin Limit,Only for a falling coin,,,,,,,this,this,this,this,this,this,this,this,this,this,this,this,this,this,this,this,this,Coin,,,Pièce,,,Münze,Moneda,,,Moneta,Munt,Moeda,,,Монета,コイン,,金币,金幣,코인
FALSE,TRUE,Item,FALSE,TRUE,TRUE,,,TRUE,General Entity Limit,General Entity Limit,FALSE,FALSE,FALSE,,FALSE,FALSE,FALSE,,,FALSE,FALSE,FALSE,FALSE,FALSE,FALSE,Other Ground + Vine Limit,FALSE,,FALSE,,FALSE,,FALSE,,,,,,,,,,this,this,this,this,this,this,this,this,this,this,this,this,this,this,this,this,,Frozen Coin,,,Pièce gelée,,,Gefrorene Münze,Moneda congelada,,,Moneta congelata,Bevroren Munt,,,,,こおったコイン,,冰冻金币,冰凍金幣,
FALSE,TRUE,Item,FALSE,TRUE,TRUE,FALSE,FALSE,TRUE,,Loose Coin Limit,FALSE,TRUE,FALSE,TRUE,TRUE,FALSE,FALSE,FALSE,Dim light,FALSE,FALSE,FALSE,FALSE,FALSE,TRUE,10 / 30 / 50 Coin Limit,FALSE,,FALSE,,FALSE,,FALSE,,,,,,,,,,this,this,this,this,this,this,this,this,this,this,this,this,this,this,this,this,this,10-Coin,,,Pièce de 10,,,10er-Münze,Moneda 10,,,Moneda 10,10-munt,,,,Монетка «10»,10コイン,,10金币,10金幣,10코인
FALSE,TRUE,Item,FALSE,TRUE,TRUE,FALSE,FALSE,TRUE,,Loose Coin Limit,FALSE,TRUE,FALSE,TRUE,TRUE,FALSE,FALSE,FALSE,Dim light,FALSE,FALSE,FALSE,FALSE,FALSE,TRUE,10 / 30 / 50 Coin Limit,FALSE,,FALSE,,FALSE,,FALSE,,,,,,,,,,this,this,this,this,this,this,this,this,this,this,this,this,this,this,this,this,this,30-Coin,,,Pièce de 30,,,30er-Münze,Moneda 30,,,Moneda 30,30-munt,,,,Монетка «30»,30コイン,,30金币,30金幣,30코인
FALSE,TRUE,Item,FALSE,TRUE,TRUE,FALSE,FALSE,TRUE,,Loose Coin Limit,FALSE,TRUE,FALSE,TRUE,TRUE,FALSE,FALSE,FALSE,Dim light,FALSE,FALSE,FALSE,FALSE,FALSE,TRUE,10 / 30 / 50 Coin Limit,FALSE,,FALSE,,FALSE,,FALSE,,,,,,,,,,this,this,this,this,this,this,this,this,this,this,this,this,this,this,this,this,this,50-Coin,,,Pièce de 50,,,50er-Münze,Moneda 50,,,Moneda 50,50-munt,,,,Монетка «50»,50コイン,,50金币,50金幣,50코인
TRUE,TRUE,Item,FALSE,FALSE,FALSE,FALSE,FALSE,FALSE,,,FALSE,FALSE,FALSE,FALSE,FALSE,FALSE,FALSE,FALSE,Variable,TRUE,FALSE,FALSE,FALSE,FALSE,FALSE,Pink Coin Limit,Variable,Only when collected (30 frames),FALSE,,FALSE,,FALSE,,,,,,,,,,this,this,this,this,this,this,this,this,this,this,this,this,this,this,this,this,this,Pink Coin,,,Pièce rose,,,Rosa Münze,Moneda rosa,,,Moneta rosa,Roze munt,Moeda rosa,,,Розовая монетка,ピンクコイン,,粉红金币,粉紅金幣,
TRUE,TRUE,Item,FALSE,TRUE,TRUE,FALSE,FALSE,TRUE,Power-up Entity Limit,Power-up Entity Limit,TRUE,TRUE,TRUE,TRUE,TRUE,TRUE,TRUE,TRUE,Dim light,FALSE,FALSE,FALSE,FALSE,FALSE,TRUE,Power-up Entity Limit,FALSE,,FALSE,,TRUE,,FALSE,,,,,,,,,,this,this,this,this,this,this,this,this,this,this,this,this,this,this,this,this,this,Super Mushroom,,,Super champignon,,,Superpilz,Superchampiñón,,,Super fungo,Superpaddenstoel,Supercogumelo,,,Супергриб,スーパーキノコ,,超级蘑菇,超級蘑菇,슈퍼버섯
TRUE,TRUE,Item,TRUE,TRUE,TRUE,FALSE,FALSE,TRUE,Power-up Entity Limit,Power-up Entity Limit,TRUE,TRUE,TRUE,TRUE,TRUE,TRUE,TRUE,FALSE,Dim light,FALSE,FALSE,FALSE,FALSE,FALSE,TRUE,Power-up Entity Limit,FALSE,,FALSE,,TRUE,,FALSE,,,,,,,,,,this,this,this,this,this,this,this,this,this,this,this,this,this,this,this,this,this,Fire Flower,,,Fleur de feu,,,Feuerblume,Flor de fuego,,,Fiore di fuoco,Vuurbloem,Flor de fogo,,,Огненный цветок,ファイアフラワー,火之花,,,파이어플라워
TRUE,TRUE,,FALSE,FALSE,FALSE,FALSE,FALSE,FALSE,,,FALSE,FALSE,FALSE,FALSE,FALSE,FALSE,FALSE,,Full light,TRUE,FALSE,FALSE,FALSE,FALSE,FALSE,,FALSE,,FALSE,,FALSE,,FALSE,,Fireball Limit,,,,,,,,this,this,this,this,this,this,this,this,this,this,this,this,this,this,this,this,this,Fireball,,,Boule de feu,,,???,???,,,???,???,???,,,???,???,???,,,???
FALSE,TRUE,Item,TRUE,TRUE,TRUE,FALSE,FALSE,TRUE,Power-up Entity Limit,Power-up Entity Limit,TRUE,TRUE,TRUE,TRUE,TRUE,TRUE,TRUE,,,FALSE,FALSE,FALSE,FALSE,FALSE,TRUE,Power-up Entity Limit,FALSE,,FALSE,,TRUE,,FALSE,,,,,,,,,,this,this,this,this,this,this,this,this,this,this,this,this,this,Fire Flower,Fire Flower,Fire Flower,Fire Flower,Superball Flower,,,Fleur super boule,,,Superball-Blume,Flor Superball,,,Fiore Superball,Superbalbloem,,,,Супершаровой цветок,スーパーボールフラワー,,弹力球之花,彈力球之花,슈퍼볼플라워
FALSE,TRUE,,FALSE,FALSE,FALSE,FALSE,FALSE,TRUE,Power-up Entity Limit,Power-up Entity Limit,FALSE,FALSE,FALSE,FALSE,FALSE,FALSE,FALSE,,Full light,TRUE,FALSE,FALSE,FALSE,FALSE,FALSE,,FALSE,,FALSE,,FALSE,,FALSE,,Superball Limit,,,,,,,,this,this,this,this,this,this,this,this,this,this,this,this,this,,,,,Superball,,,Super boule,,,Superbal,Superbola,,,Superball,Superbal,,,,Cуперша,スーパーボール,弹力球,,,
TRUE,FALSE,,FALSE,,TRUE,FALSE,,TRUE,,,TRUE,,TRUE,TRUE,TRUE,TRUE,TRUE,,,,,,,FALSE,TRUE,,,,,,,,,,,,,,,,,,this,,this,this,this,,,,,this,this,this,this,,,,,Mystery Mushroom,,,Champignon mystère,,,?-Pilz,Champiñón ?,,,Fungo ?,?-paddenstoel,???,,,???,???,???,,,???
TRUE,FALSE,,FALSE,,TRUE,FALSE,,TRUE,,,TRUE,,TRUE,TRUE,TRUE,TRUE,TRUE,,,,,,,FALSE,TRUE,,,,,,,,,,,,,,,,,,this,,this,this,this,,,,,this,this,this,this,,,,,Weird Mushroom,,,Champignon bizarre,,,???,???,,,Fungo strano,???,???,,,???,???,???,,,???
FALSE,TRUE,Item,FALSE,TRUE,TRUE,FALSE,FALSE,TRUE,Power-up Entity Limit,Power-up Entity Limit,TRUE,TRUE,TRUE,TRUE,TRUE,TRUE,TRUE,,Full light,TRUE,FALSE,FALSE,FALSE,FALSE,TRUE,Power-up Entity Limit,FALSE,,FALSE,,TRUE,,FALSE,,,,,,,,,,this,this,this,this,this,this,this,this,this,this,this,this,this,Super Mushroom,Super Mushroom,Super Mushroom,Super Mushroom,Master Sword,,,Épée de légende,,,Master-Schwert,Espada Maestra,,,Spada suprema,Meesterzwaard,Master Sword,,,,マスターソード,,大师之剑,大師之劍,
FALSE,TRUE,,FALSE,FALSE,FALSE,FALSE,FALSE,FALSE,,,FALSE,TRUE,FALSE,FALSE,TRUE,FALSE,FALSE,,Full light,TRUE,FALSE,FALSE,FALSE,FALSE,TRUE,,TRUE,But can overflow the limit,FALSE,,FALSE,,FALSE,,Link's Bomb Limit,,,,,,,,this,this,this,this,this,this,this,this,this,this,this,this,this,,,,,Bomb,,,Bombe,,,Bombe,Bomba,,,Bomba,???,???,,,???,バクダン,???,,,???
FALSE,TRUE,,FALSE,FALSE,FALSE,FALSE,FALSE,FALSE,,,FALSE,FALSE,FALSE,FALSE,FALSE,FALSE,FALSE,,Full light,FALSE,FALSE,FALSE,FALSE,FALSE,FALSE,,FALSE,,FALSE,,FALSE,,FALSE,,,,,,,,,,this,this,this,this,this,this,this,this,this,this,this,this,this,,,,,Arrow,,,Flèche,,,???,???,,,???,???,???,,,???,???,???,,,???
FALSE,TRUE,Item,TRUE,TRUE,TRUE,FALSE,FALSE,TRUE,Power-up Entity Limit,Power-up Entity Limit,TRUE,TRUE,TRUE,TRUE,TRUE,TRUE,TRUE,,,FALSE,FALSE,FALSE,FALSE,FALSE,TRUE,Power-up Entity Limit,FALSE,,FALSE,,TRUE,,FALSE,,,,,,,,,,this,this,this,this,this,this,this,this,this,this,this,this,this,Super Leaf,Cape Feather,Propeller Mushroom,Super Bell,Big Mushroom,,,,Champignon géant,Maxi-Champignon,Maxi-Pilz,Gran Champiñón,,,Fungo gigante,Reuzenpaddenstoel,,,,Огромный гриб,でかキノコ,大蘑菇,,,점보버섯
TRUE,FALSE,,TRUE,,TRUE,FALSE,,TRUE,,,TRUE,,TRUE,TRUE,TRUE,TRUE,TRUE,,,,FALSE,FALSE,FALSE,FALSE,TRUE,,,,,,,,,,,,,,,,,,this,,this,this,this,,,,,this,this,this,this,,,,,Big Mushroom (classic),,,,Champignon géant (classique),Maxi-Champignon (classique),???,???,,,???,???,???,,,???,???,???,,,???
TRUE,FALSE,,TRUE,,TRUE,FALSE,,TRUE,,,TRUE,,TRUE,TRUE,TRUE,TRUE,TRUE,,,,FALSE,FALSE,FALSE,FALSE,TRUE,,,,,,,,,,,,,,,,,,this,,this,this,this,,,,,this,this,this,this,,,,,Big Mushroom (modern),,,,Champignon géant (moderne),Maxi-Champignon (moderne),???,???,,,???,???,???,,,???,???,???,,,???
FALSE,TRUE,Item,TRUE,TRUE,TRUE,FALSE,FALSE,TRUE,Power-up Entity Limit,Power-up Entity Limit,TRUE,TRUE,TRUE,TRUE,TRUE,TRUE,TRUE,,,FALSE,FALSE,FALSE,FALSE,FALSE,TRUE,Power-up Entity Limit,FALSE,,FALSE,,TRUE,,FALSE,,,,,,,,,,this,this,this,this,this,this,this,this,this,this,this,this,this,Frog Suit,Power Baloon,Acorn Mushroom,Boomerang Flower,SMB2 Mushroom,,,Champignon (SMB2),,,Pilz (SMB2),,Champiñón SMB2,Champiñón de SMB2,Fungo SMB2,,,,,,マリオUSAのキノコ,,马力欧USA的蘑菇,瑪利歐USA的蘑菇,마리오 2의 버섯
TRUE,TRUE,Item,TRUE,TRUE,TRUE,FALSE,FALSE,TRUE,Power-up Entity Limit,Power-up Entity Limit,TRUE,TRUE,TRUE,TRUE,TRUE,TRUE,TRUE,,Dim light,,FALSE,TRUE,FALSE,FALSE,FALSE,Power-up Entity Limit,FALSE,,FALSE,,TRUE,,FALSE,,,,,,,,,,this,this,this,this,this,this,this,this,this,this,this,this,Big Mushroom,this,Cape Feather,Propeller Mushroom,Super Bell,Super Leaf,,,Super feuille,,,Superblatt,Superhoja,,,Superfoglia,Superblaadje,Superfolha,,,Суперлист,スーパーこのは,,超级树叶,超級樹葉,슈퍼나뭇잎
FALSE,TRUE,Item,TRUE,TRUE,TRUE,FALSE,FALSE,TRUE,Power-up Entity Limit,Power-up Entity Limit,TRUE,TRUE,TRUE,TRUE,TRUE,TRUE,TRUE,,Dim light,,FALSE,FALSE,FALSE,FALSE,TRUE,Power-up Entity Limit,FALSE,,FALSE,,TRUE,,FALSE,,,,,,,,,,this,this,this,this,this,this,this,this,this,this,this,this,SMB2 Mushroom,this,Power Baloon,Acorn Mushroom,Boomerang Flower,Frog Suit,,,Costume de grenouille,,,Frosh-Anzug,Traje de rana,,,Costume rana,Kikkerpak,Fato de sapo,,,,カエルスーツ,,青蛙装,青蛙裝,
TRUE,TRUE,Item,TRUE,TRUE,TRUE,FALSE,FALSE,TRUE,Power-up Entity Limit,Power-up Entity Limit,TRUE,TRUE,TRUE,TRUE,TRUE,TRUE,TRUE,,Dim light,,FALSE,TRUE,FALSE,FALSE,FALSE,Power-up Entity Limit,FALSE,,FALSE,,TRUE,,FALSE,,,,,,,,,,this,this,this,this,this,this,this,this,this,this,this,this,Big Mushroom,Super Leaf,this,Propeller Mushroom,Super Bell,Cape Feather,,,Plume,,,Cape-Feder,Pluma de capa,,,Pluma cappa,Capeveer,,Pena da Capa,Pluma,Перо,マント羽根,,斗羽毛,斗篷羽毛,깃털
FALSE,TRUE,Item,TRUE,TRUE,TRUE,FALSE,FALSE,TRUE,Power-up Entity Limit,Power-up Entity Limit,TRUE,TRUE,TRUE,TRUE,TRUE,TRUE,TRUE,,Dim light,,FALSE,TRUE,FALSE,FALSE,TRUE,Power-up Entity Limit,FALSE,,FALSE,,TRUE,,FALSE,,,,,,,,,,this,this,this,this,this,this,this,this,this,this,this,this,SMB2 Mushroom,Frog Suit,this,Acorn Mushroom,Boomerang Flower,Power Baloon,,,Ballon de puissance,,,Power-Ballon,Globo de poder,,,Super palloncino,,Balão de Força,,,,パワーバルーン,,力量气球,力量氣球,파워벌룬
TRUE,TRUE,Item,TRUE,TRUE,TRUE,FALSE,FALSE,TRUE,Power-up Entity Limit,Power-up Entity Limit,TRUE,TRUE,TRUE,TRUE,TRUE,TRUE,TRUE,,Dim light,,FALSE,TRUE,FALSE,FALSE,FALSE,Power-up Entity Limit,FALSE,,FALSE,,TRUE,,FALSE,,,,,,,,,,this,this,this,this,this,this,this,this,this,this,this,this,Big Mushroom,Super Leaf,Cape Feather,this,Super Bell,Propeller Mushroom,,,Champignon hélico,,,Propeller-Pliz,Champihélice,,,Fungo elica,Propellerpaddenstoel,Cogumelo hélice,,,Гриб с пропеллером,プロペラキノコ,,螺旋桨蘑菇,螺旋槳蘑菇,프로펠러버섯
FALSE,TRUE,Item,TRUE,TRUE,TRUE,FALSE,FALSE,TRUE,Power-up Entity Limit,Power-up Entity Limit,TRUE,TRUE,TRUE,TRUE,TRUE,TRUE,TRUE,,Dim light,,FALSE,FALSE,FALSE,FALSE,TRUE,Power-up Entity Limit,FALSE,,FALSE,,TRUE,,FALSE,,,,,,,,,,this,this,this,this,this,this,this,this,this,this,this,this,SMB2 Mushroom,Frog Suit,Power Baloon,this,Boomerang Flower,Acorn Mushroom,,,Super gland,,,Super-Eichel,Superbellota,,,Super ghianda,Supereikel,,Supernoz,Superbolota,Супержелудь,スーパードングリ,,超级橡栗,超級橡栗,슈퍼도토리
FALSE,TRUE,Item,TRUE,TRUE,TRUE,FALSE,FALSE,,,,TRUE,,,,,TRUE,TRUE,TRUE,,,FALSE,FALSE,FALSE,FALSE,,Power-up Entity Limit,FALSE,,FALSE,,TRUE,,FALSE,,,,,,,,,,this,,this,this,this,this,this,this,this,this,this,this,Big Mushroom,SMB2 Mushroom,Super Leaf,Propeller Mushroom,this,Super Bell,,,Super clochette,,,Superglocke,Supercampana,,,Super campanella,Superbel,,Supersino,Superguizo,Суперколокольчик,スーパーベル,,超级铃铛,超級鈴鐺,슈퍼 벨
FALSE,TRUE,Item,TRUE,TRUE,TRUE,FALSE,FALSE,,,,TRUE,,,,,TRUE,TRUE,TRUE,,,FALSE,FALSE,FALSE,FALSE,,Power-up Entity Limit,FALSE,,FALSE,,TRUE,,FALSE,,,,,,,,,,this,,this,this,this,this,this,this,this,this,this,this,,,,,this,Super Hammer,,,Super marteau,,,Superhammer,Supermartillo,,,Super martello,Superhamer,,,,Супермолот,スーパーハンマー,,超级锤子,超級鎚子,
FALSE,TRUE,,FALSE,FALSE,FALSE,FALSE,FALSE,,,,TRUE,,,,,FALSE,FALSE,FALSE,,,FALSE,FALSE,FALSE,TRUE,,,TRUE,,FALSE,,FALSE,,FALSE,,Player Crate Limit,,,,,,,,this,,this,this,this,this,this,this,this,this,this,this,,,,,this,Player's Crate,,,Caisse au joueur,,,???,???,,,???,???,???,,,???,???,???,,,???
FALSE,TRUE,Item,TRUE,TRUE,TRUE,FALSE,FALSE,,,,TRUE,,,,,TRUE,TRUE,TRUE,,,FALSE,FALSE,FALSE,FALSE,,Power-up Entity Limit,FALSE,,FALSE,,TRUE,,FALSE,,,,,,,,,,this,,this,this,this,this,this,this,this,this,this,this,SMB2 Mushroom,Frog Suit,Power Baloon,Acorn Mushroom,this,Boomerang Flower,,,Fleur boomerang,,,Bumerangblume,,Flor bumerán,Flor boomerang,Fiore boomerang,Boemerang-bloem,Flor bumerangue,,,Цветок-бумеранг,ブーメランフラワー,,回旋镖花,迴旋鏢花,부메랑 플라워
FALSE,TRUE,,FALSE,FALSE,FALSE,FALSE,FALSE,,,,TRUE,,,,,FALSE,FALSE,FALSE,,,FALSE,FALSE,FALSE,FALSE,,,FALSE,,FALSE,,FALSE,,FALSE,,Boomerang Limit,,,,,,,,this,,this,this,this,this,this,this,this,this,this,this,,,,,this,Player's Boomerang,,,Boomerang au joueur,,,???,???,,,???,???,???,,,???,???,???,,,???
FALSE,TRUE,Item,FALSE,TRUE,TRUE,FALSE,FALSE,,,,TRUE,,,,,TRUE,TRUE,FALSE,,,FALSE,TRUE,FALSE,FALSE,,Power-up Entity Limit,FALSE,,FALSE,,TRUE,,FALSE,,,,,,,,,,this,,this,this,this,this,this,this,this,this,this,this,,,,,this,Cannon Box,,,Boîte canon,,,Kanoen-Box,Caja cañón,,,Cubo cannone,Kanondoos,Caixa canhão,,,Ящик-пушка,ほうだいボックス,炮台箱,,,발사대박스
FALSE,TRUE,,FALSE,FALSE,FALSE,FALSE,FALSE,,,,TRUE,,,,,FALSE,FALSE,FALSE,,,FALSE,FALSE,FALSE,FALSE,,,FALSE,,FALSE,,FALSE,,FALSE,,Player Cannonball Limit,,,,,,,,this,,this,this,this,this,this,this,this,this,this,this,,,,,this,Player's Cannonball,,,Boulet de cannon au joueur,,,???,???,,,???,???,???,,,???,???,???,,,???
FALSE,TRUE,Item,FALSE,TRUE,TRUE,FALSE,FALSE,,,,TRUE,,,,,TRUE,TRUE,FALSE,,,FALSE,TRUE,FALSE,FALSE,,Power-up Entity Limit,FALSE,,FALSE,,TRUE,,FALSE,,,,,,,,,,this,,this,this,this,this,this,this,this,this,this,this,,,,,this,Propeller Box,,,,Boîte hélico,Boîte à hélice,Propeller-Box,,Caja de hélice,Caja helicóptero,Cubo elica,Propellerdoos,Caixa-hélice,,,Ящик с пропеллером,プロペラボックス,,螺旋桨箱,螺旋槳箱,프로펠러박스
FALSE,TRUE,Item,FALSE,TRUE,TRUE,FALSE,FALSE,,,,TRUE,,,,,TRUE,TRUE,FALSE,,,FALSE,TRUE,FALSE,FALSE,,Power-up Entity Limit,FALSE,,FALSE,,TRUE,,FALSE,,,,,,,,,,this,,this,this,this,this,this,this,this,this,this,this,,,,,this,Goomba Mask,,,Masque Goomba,,,Gumba-Maske,Careta goomba,,,Maschera di Goomba,Goomba-masker,Máscara Goomba,,,Маска гумбы,ハリボテクリボー,,纸糊栗宝宝,紙糊栗寶寶,흉내굼바
FALSE,TRUE,Item,FALSE,TRUE,TRUE,FALSE,FALSE,,,,TRUE,,,,,TRUE,TRUE,FALSE,,,FALSE,TRUE,FALSE,FALSE,,Power-up Entity Limit,FALSE,,FALSE,,TRUE,,FALSE,,,,,,,,,,this,,this,this,this,this,this,this,this,this,this,this,,,,,this,Bullet Bill Mask,,,Masque Bill Balle,,,Kugelwilli-Maske,Careta Bill bala,,,Maschera di Palloto Bill,,,,,,ハリボテキラー,,纸糊炮弹刺客,紙糊炮彈刺客,흉내킬러
FALSE,TRUE,Item,FALSE,TRUE,TRUE,FALSE,FALSE,,,,TRUE,,,,,TRUE,TRUE,FALSE,,,FALSE,TRUE,FALSE,FALSE,,Power-up Entity Limit,FALSE,,FALSE,,TRUE,,FALSE,,,,,,,,,,this,,this,this,this,this,this,this,this,this,this,this,,,,,this,Red POW Box,,,Boîte POW rouge,,,Rote POW-Box,Caja POW roja,,,Blocco POW rosso,,,,,,あかPOWボックス,,红色POW箱,紅色POW箱,빨강 POW 박스
TRUE,TRUE,Item,FALSE,TRUE,TRUE,FALSE,FALSE,TRUE,Power-up Entity Limit,Power-up Entity Limit,TRUE,TRUE,TRUE,TRUE,TRUE,TRUE,TRUE,TRUE,Full light,TRUE,FALSE,FALSE,FALSE,FALSE,TRUE,Power-up Entity Limit,FALSE,,FALSE,,TRUE,,FALSE,,,,,,,,,,this,this,this,this,this,this,this,this,this,this,this,this,this,this,this,this,this,Super Star,,,Super étoile,,,Superstern,Superestrella,,,Super stella,Superster,Superestrela,,,Суперзвезда,スーパースター,,无敌星,無敵星,슈퍼스타
TRUE,TRUE,Item,FALSE,TRUE,TRUE,FALSE,FALSE,TRUE,Power-up Entity Limit,Power-up Entity Limit,TRUE,TRUE,TRUE,TRUE,TRUE,TRUE,TRUE,TRUE,Dim light,FALSE,FALSE,FALSE,FALSE,FALSE,TRUE,Power-up Entity Limit,FALSE,,FALSE,,TRUE,,FALSE,,,,,,,,,,this,Rotten Mushroom,this / Rotten Mushroom,this,this,this,this,this,this,this,this,this,this,this,this,this,this,1-UP Mushroom,,,Champignon 1-UP,,,1-Up-Pilz,Champiñón vida extra,,,Fungo 1-UP,1UP-paddenstoel,,Cogumelo vida extra,Cogumelo 1UP,Гриб жизни,1UPキノコ,1UP蘑菇,,,1-UP버섯
FALSE,TRUE,Item,FALSE,TRUE,TRUE,FALSE,FALSE,TRUE,Power-up Entity Limit,Power-up Entity Limit,TRUE,TRUE,TRUE,TRUE,TRUE,TRUE,TRUE,,,,FALSE,FALSE,FALSE,FALSE,TRUE,Power-up Entity Limit,FALSE,,FALSE,,TRUE,,FALSE,,,,,,,,,,1-UP Mushroom,this,1-UP Mushroom / this,1-UP Mushroom,1-UP Mushroom,1-UP Mushroom,1-UP Mushroom,1-UP Mushroom,1-UP Mushroom,1-UP Mushroom,1-UP Mushroom,1-UP Mushroom,this,this,this,this,,Rotten Mushroom,,,Champignon pourri,,,Faulpilz,Champiñón rancio,,,Fungo marcio,Bedorven paddenstoel,Cogumelo podre,,,Гнилогриб,くさったキノコ,,腐烂蘑菇,腐爛蘑菇,부패버섯
TRUE,TRUE,Item,TRUE,TRUE,TRUE,TRUE,FALSE,TRUE,General Entity Limit,General Entity Limit,TRUE,TRUE,TRUE,TRUE,TRUE,TRUE,TRUE,,Dim light,FALSE,FALSE,FALSE,FALSE,FALSE,TRUE,General Entity Limit,TRUE,,FALSE,,FALSE,,FALSE,,,,,,,,,,this,this,this,this,this,this,this,this,this,this,this,this,this,this,Yoshi's Egg,Yoshi's Egg,,Shoe Goomba,,,Goomba chaussure,,,Schuh-Gumba,Goomba en zapato,,,Goomba scarpa,Shoe Goomba,,,,Гумба-башмак,くつクリボー,,鞋子栗宝宝,鞋子栗寶寶,신발굼바
TRUE,TRUE,,FALSE,FALSE,FALSE,FALSE,FALSE,FALSE,,,FALSE,FALSE,FALSE,FALSE,FALSE,FALSE,FALSE,,,FALSE,FALSE,FALSE,FALSE,FALSE,TRUE,,FALSE,,FALSE,,TRUE,,FALSE,,,,,,,,,,this,this,this,this,this,this,this,this,this,this,this,this,this,this,,,,Shoe,,,Chaussure,,,???,???,,,???,???,???,,,???,???,???,,,???
TRUE,TRUE,Item,TRUE,TRUE,TRUE,,,TRUE,General Entity Limit,General Entity Limit,TRUE,TRUE,TRUE,TRUE,TRUE,TRUE,TRUE,,Dim light,FALSE,,FALSE,FALSE,FALSE,TRUE,General Entity Limit,TRUE,,FALSE,,FALSE,,,,,,,,,,,,this,this,this,this,this,this,this,this,this,this,this,this,this,this,Red Yoshi's Egg,Red Yoshi's Egg,,Stiletto Goomba,,,Goomba talon aiguille,,,Stöckel-Gumba,Goomba en zapato de tacón,,,Goomba col tacco,,,,,,クイーンくつクリボー,,女王鞋子栗宝宝,女王鞋子来賣賣,
TRUE,TRUE,,FALSE,FALSE,FALSE,FALSE,FALSE,FALSE,,,FALSE,FALSE,FALSE,FALSE,FALSE,FALSE,FALSE,,,FALSE,FALSE,FALSE,FALSE,FALSE,TRUE,,FALSE,,FALSE,,TRUE,,FALSE,,,,,,,,,,this,this,this,this,this,this,this,this,this,this,this,this,this,this,,,,Stiletto,,,Talon aiguille,,,???,???,,,???,???,???,,,???,???,???,,,???
TRUE,TRUE,Item,TRUE,TRUE,TRUE,TRUE,FALSE,TRUE,General Entity Limit,General Entity Limit,TRUE,TRUE,TRUE,TRUE,TRUE,TRUE,TRUE,,Dim light,FALSE,FALSE,FALSE,FALSE,FALSE,TRUE,General Entity Limit,TRUE,,FALSE,,FALSE,,FALSE,,,,2,,,,,,this,this,this,this,this,this,this,this,this,this,this,this,Shoe Goomba,Shoe Goomba,this,this,,Yoshi's Egg,,,Œuf de Yoshi,,,Toshi-Ei,Huevo de Yoshi,,,Uovo di Yoshi,Yoshi-ei,Ovo de Yoshi,,,Яйцо йоши,ヨッシーのタマゴ,耀西蛋,,,요시의 알
TRUE,TRUE,,FALSE,FALSE,FALSE,FALSE,FALSE,FALSE,,,FALSE,FALSE,FALSE,FALSE,FALSE,FALSE,FALSE,,Full light,FALSE,FALSE,FALSE,FALSE,FALSE,TRUE,,FALSE,,FALSE,,FALSE,,FALSE,,Hatched Yoshi Limit,,,,,,,,this,this,this,this,this,this,this,this,this,this,this,this,,,this,this,,Yoshi,,,Yoshi,,,Toshi,Yoshi,,,Yoshi,Yoshi,Yoshi,,,???,ヨッシー,耀西,,,???
FALSE,TRUE,Item,,TRUE,TRUE,TRUE,,TRUE,General Entity Limit,General Entity Limit,TRUE,TRUE,TRUE,TRUE,TRUE,TRUE,TRUE,,Dim light,FALSE,FALSE,FALSE,FALSE,FALSE,TRUE,General Entity Limit,TRUE,,FALSE,,FALSE,,,,,,3,,,,,,this,this,this,this,this,this,this,this,this,this,this,this,Stiletto Goomba,Stiletto Goomba,this,this,,Red Yoshi's Egg,,,Œuf de Yoshi rouge,,,???,Huevo de Yoshi rojo,,,Uovo di Yoshi rosso,???,???,,,???,???,???,,,???
FALSE,TRUE,,FALSE,FALSE,FALSE,FALSE,FALSE,FALSE,,,FALSE,FALSE,FALSE,FALSE,FALSE,FALSE,FALSE,,Full light,FALSE,FALSE,FALSE,FALSE,FALSE,TRUE,,FALSE,,FALSE,,FALSE,,FALSE,,Hatched Yoshi Limit,,,,,,,,this,this,this,this,this,this,this,this,this,this,this,this,,,this,this,,Red Yoshi,,,Yoshi rouge,,,???,Yoshi rojo,,,Yoshi rosso,???,???,,,???,???,???,,,???
FALSE,TRUE,,FALSE,FALSE,FALSE,FALSE,FALSE,FALSE,,,FALSE,FALSE,FALSE,FALSE,FALSE,FALSE,FALSE,,Full light,FALSE,TRUE,FALSE,FALSE,FALSE,FALSE,,FALSE,,FALSE,,FALSE,,Temporary as it comes out,,,,,,,,,,this,this,this,this,this,this,this,this,this,this,this,this,,,this,this,,Red Yoshi's Fire,,,Feu de Yoshi rouge,,,???,???,,,???,???,???,,,???,???,???,,,???
TRUE,TRUE,Enemy,TRUE,TRUE,TRUE,TRUE,FALSE,TRUE,General Entity Limit,General Entity Limit,TRUE,TRUE,TRUE,TRUE,TRUE,TRUE,TRUE,FALSE,Dim light,FALSE,FALSE,FALSE,TRUE,FALSE,TRUE,General Entity Limit,TRUE,,FALSE,,FALSE,,FALSE,,,,3,,,,,,this,this,this,this,this,this,this,this,this,this,this,this,this,this,Galoomba,this,this,Goomba,,,Goomba,,,Gumba,Goomba,,,Goomba,Goomba,Goomba,,,Гумба,クリボー,,栗宝宝,栗寶寶,굼바
TRUE,TRUE,Enemy,TRUE,TRUE,TRUE,TRUE,FALSE,TRUE,General Entity Limit,General Entity Limit,TRUE,TRUE,TRUE,TRUE,TRUE,TRUE,TRUE,,Dim light,FALSE,FALSE,FALSE,TRUE,FALSE,TRUE,General Entity Limit,TRUE,,FALSE,,FALSE,,FALSE,,,,3,,,,,,this,this,this,this,this,this,this,this,this,this,this,this,Goomba,Goomba,this,Goomba,,Galoomba,,,Galoomba,,,Galumba,Goombaya,,,Goombruno,Galoomba,,Goombola,Galoomba,Галумба,クリボン,栗邦邦,,,밤바
FALSE,TRUE,Enemy,TRUE,TRUE,TRUE,TRUE,FALSE,TRUE,General Entity Limit,General Entity Limit,TRUE,TRUE,TRUE,TRUE,TRUE,TRUE,TRUE,,Dim light,FALSE,FALSE,FALSE,TRUE,FALSE,TRUE,General Entity Limit,TRUE,,FALSE,,FALSE,,FALSE,,,,3,,,,,,this,this,this,this,this,this,this,this,this,this,this,this,this,this,Goombud,this,,Goombrat,,,,Goombalisson,Goomin,Gumbalg,Goombiño,,,Goombarello,Goombrat,,Goombinha,Goombito,Гумбака,カキボー,,柿宝宝,柿寶寶,감바
FALSE,TRUE,Enemy,TRUE,TRUE,TRUE,TRUE,FALSE,TRUE,General Entity Limit,General Entity Limit,TRUE,TRUE,TRUE,TRUE,TRUE,TRUE,TRUE,,Dim light,FALSE,FALSE,FALSE,TRUE,FALSE,TRUE,General Entity Limit,TRUE,,FALSE,,FALSE,,FALSE,,,,3,,,,,,this,this,this,this,this,this,this,this,this,this,this,this,Goombrat,Goombrat,this,Goombrat,,Goombud,,,,Galisson,Galoomin,Galumbalg,,Goombiñito,Goombratín,Goombrunello,Goombud,,,,Гумбашка,カキポン,柿邦邦,,,땡감바
TRUE,TRUE,Enemy,TRUE,TRUE,TRUE,TRUE,FALSE,TRUE,General Entity Limit,General Entity Limit,TRUE,TRUE,TRUE,TRUE,TRUE,TRUE,TRUE,FALSE,Dim light,FALSE,FALSE,FALSE,TRUE,FALSE,TRUE,General Entity Limit,TRUE,,FALSE,,FALSE,,FALSE,,,,3,,,,,,this,this,this,this,this,this,this,this,this,this,this,this,this,this,this,this,this,Koopa Troopa,,,Koopa,,,Koopa,Koopa,,,Koopa,Koopa Troopa,,,,Купа-трупа,ノコノコ,,慢慢龟,慢慢龜,엉금엉금
TRUE,TRUE,,TRUE,FALSE,FALSE,TRUE,FALSE,FALSE,,,FALSE,TRUE,FALSE,TRUE,TRUE,FALSE,FALSE,FALSE,Dim light,,FALSE,FALSE,FALSE,FALSE,TRUE,,TRUE,,FALSE,,FALSE,,FALSE,,,,,,,,,,this,this,this,this,this,this,this,this,this,this,this,this,,,this,,this,Beach Koopa,,,???,,,???,???,,,???,???,???,,,???,???,???,,,???
TRUE,TRUE,,TRUE,FALSE,FALSE,FALSE,FALSE,FALSE,,,FALSE,TRUE,FALSE,TRUE,TRUE,FALSE,FALSE,FALSE,Dim light,FALSE,FALSE,FALSE,FALSE,FALSE,TRUE,,TRUE,,FALSE,,FALSE,,FALSE,,,,,,,,,,this,this,this,this,this,this,this,this,this,this,this,this,,,this,,this,Koopa Troopa's Shell,,,Carapace de Koopa,,,???,???,,,???,???,???,,,???,???,???,,,???
TRUE,TRUE,Enemy,TRUE,TRUE,TRUE,TRUE,FALSE,TRUE,General Entity Limit,General Entity Limit,TRUE,TRUE,TRUE,TRUE,TRUE,TRUE,TRUE,FALSE,Dim light,FALSE,FALSE,FALSE,TRUE,FALSE,TRUE,General Entity Limit,FALSE,,FALSE,,FALSE,,FALSE,,,,3,,,,,,this,this,this,this,this,this,this,this,this,this,this,this,this,this,this,this,this,Dry Bones,,,,Skelex,Skelerex,Knochentrocken,Huesitos,,,Tartosso,Dry Bones,,Quebra-ossos,Caveirinha,Купа-скелет,カロン,,碎碎龟,碎碎龜,와르르
TRUE,TRUE,,FALSE,FALSE,FALSE,FALSE,FALSE,FALSE,,,FALSE,FALSE,FALSE,FALSE,FALSE,FALSE,FALSE,,Dim light,,FALSE,FALSE,FALSE,FALSE,FALSE,,FALSE,,FALSE,,FALSE,,TRUE,,,,,,,,,,this,this,this,this,this,this,this,this,this,this,this,this,,,this,,,Dry Bones' bone,,,,Os de Skelex,Os de Skelerex,???,???,,,???,???,???,,,???,???,???,,,???
FALSE,TRUE,,FALSE,TRUE,FALSE,FALSE,FALSE,TRUE,General Entity Limit,General Entity Limit,TRUE,TRUE,TRUE,TRUE,TRUE,TRUE,TRUE,,Dim light,FALSE,FALSE,FALSE,FALSE,FALSE,TRUE,General Entity Limit,TRUE,,FALSE,,FALSE,,FALSE,,,,3,,,,,,this,this,this,this,this,this,this,this,this,this,this,this,this,this,this,this,,Dry Bones Shell,,,,Carapace de Skelex,Carapace de Skelerex,Knochentrocken-Panzer,Caparazón de Huesitos,,,Guscio di Tartosso,Dry Bones-schild,,Carapaça de Quebra-ossos,Carapaça de Caveirinha,Панцирь купы-скелета,カロンこうら,,碎龟壳,碎碎龜殼,와르르등껍질
TRUE,TRUE,Enemy,TRUE,TRUE,TRUE,TRUE,FALSE,TRUE,General Entity Limit,General Entity Limit,TRUE,TRUE,TRUE,TRUE,TRUE,TRUE,TRUE,FALSE,Dim light,FALSE,FALSE,FALSE,TRUE,FALSE,TRUE,General Entity Limit,TRUE,,FALSE,,FALSE,,FALSE,,,,3,,,,,,this,this,this,this,this,this,this,this,this,this,this,this,this,this,this,this,,Buzzy Beetle,,,,Blindule,Bruyinsecte,Käfer,,Buzzy,Buzzy Beetle,Nella,Buzzy Beetle,Besouro,,,Каскожук,メット,,钢盔龟,鋼盔龜,하잉바
TRUE,TRUE,Enemy,TRUE,TRUE,TRUE,TRUE,FALSE,TRUE,General Entity Limit,General Entity Limit,TRUE,TRUE,TRUE,TRUE,TRUE,TRUE,TRUE,FALSE,Dim light,FALSE,FALSE,TRUE,TRUE,FALSE,FALSE,General Entity Limit,TRUE,,FALSE,,FALSE,,FALSE,,,,3,,,,,,this,this,this,this,this,this,this,this,this,this,this,this,this,this,this,this,,Para-Beetle,,,,Parablindule,Parabruyinsecte,Parakäfer,Parabuzzy,,,Paranella,Para-Beetle,,Para-besouro,Parabesouro,Летучий жук,パタメット,,飞行钢盔龟,飛行鋼盔龜,펄럭하잉바
FALSE,TRUE,,FALSE,TRUE,FALSE,FALSE,FALSE,TRUE,General Entity Limit,General Entity Limit,TRUE,TRUE,TRUE,TRUE,TRUE,TRUE,TRUE,,Dim light,FALSE,FALSE,FALSE,FALSE,FALSE,TRUE,General Entity Limit,TRUE,,FALSE,,FALSE,,FALSE,,,,3,,,,,,this,this,this,this,this,this,this,this,this,this,this,this,this,this,this,this,,Buzzy Beetle Shell,,,,Carapace de Blindule,Carapace de Bruyinsecte,???,???,,,Guscio di Nella,???,???,,,???,メットこうら,,钢盔龟壳,鋼盔龜殼,???
TRUE,TRUE,Enemy,TRUE,TRUE,TRUE,TRUE,FALSE,TRUE,General Entity Limit,General Entity Limit,TRUE,TRUE,TRUE,TRUE,TRUE,TRUE,TRUE,FALSE,Dim light,FALSE,FALSE,FALSE,TRUE,FALSE,TRUE,General Entity Limit,TRUE,,FALSE,,FALSE,,FALSE,,,,3,,,,,,this / Spiny Egg,this / Spiny Egg,this,this,Spiny Egg,this,this,this,this / Spiny Egg,this,this,this,this,this,this,this,this,Spiny,,,Hériss,,,Stachi,,Picudo,Pinchón,Koopistrice,Spiny,,Espeto,Piquinho,Колючкин,トゲゾー,,刺刺龟,刺刺龜,가시돌이
TRUE,TRUE,Enemy,TRUE,TRUE,TRUE,TRUE,FALSE,TRUE,General Entity Limit,General Entity Limit,TRUE,TRUE,TRUE,TRUE,TRUE,TRUE,TRUE,FALSE,Dim light,FALSE,FALSE,TRUE,TRUE,FALSE,FALSE,General Entity Limit,TRUE,,FALSE,,FALSE,,FALSE,,,,3,,,,,,this,this,this,this,this,this,this,this,this,this,this,this,this,this,this,this,this,Winged Spiny,,,Hériss ailé,,,???,???,,,???,???,???,,,???,???,???,,,???
TRUE,TRUE,,FALSE,FALSE,FALSE,FALSE,FALSE,FALSE,,,FALSE,FALSE,FALSE,FALSE,FALSE,FALSE,FALSE,FALSE,,FALSE,FALSE,TRUE,FALSE,FALSE,FALSE,,FALSE,,FALSE,,FALSE,,TRUE,Each one separated,,,,,,,,,this,this,this,this,this,this,this,this,this,this,this,this,this,this,this,this,this,(Winged Spiny's projectile),,,???,,,???,???,,,???,???,???,,,???,???,???,,,???
TRUE,TRUE,Enemy,TRUE,TRUE,TRUE,TRUE,FALSE,TRUE,General Entity Limit,General Entity Limit,TRUE,TRUE,TRUE,TRUE,TRUE,TRUE,TRUE,FALSE,Dim light,FALSE,FALSE,FALSE,TRUE,FALSE,TRUE,General Entity Limit,TRUE,,FALSE,,FALSE,,FALSE,,,,3,,,,,,Spiny / this,Spiny / this,Spiny,Spiny,this,Spiny,Spiny,Spiny,Spiny / this,Spiny,Spiny,Spiny,Spiny / this,Spiny / this,Spiny / this,Spiny / this,Spiny / this,Spiny Egg,,,Pic-Pic,,,Stachi-Ei,,Huevo Picudo,Huevo Pinchón,Uovo di Koopistrice,???,???,,,???,トゲ球,刺刺蛋,,,가시돌이알
FALSE,TRUE,Enemy,FALSE,TRUE,FALSE,FALSE,FALSE,TRUE,General Entity Limit,General Entity Limit,TRUE,TRUE,TRUE,TRUE,TRUE,TRUE,TRUE,,Dim light,FALSE,FALSE,FALSE,FALSE,FALSE,TRUE,General Entity Limit,TRUE,,FALSE,,FALSE,,FALSE,,,,3,,,,,,this,this,this,this,this,this,this,this,this,this,this,this,this,this,this,this,,Spiny Shell,,,Carapace d'Hériss,,,???,,Caparazón de Picudo,Caparazón de Pinchón,???,Spiny-schild,???,,,???,トゲゾーこうら,,刺龟壳,刺刺龜殼,???
TRUE,TRUE,Enemy,TRUE,TRUE,TRUE,TRUE,FALSE,TRUE,General Entity Limit,General Entity Limit,TRUE,TRUE,TRUE,TRUE,TRUE,TRUE,TRUE,FALSE,Dim light,FALSE,FALSE,FALSE,TRUE,FALSE,TRUE,General Entity Limit,TRUE,,FALSE,,FALSE,,FALSE,,,,3,,,,,,this,this,this,this,this,this,this,this,this,this,this,this,this,this,this,this,,Spike Top,,,Picos,,,Pickel-Käfer,Punzón,,,Punginella,Spike Top,Pico,,,Пикожук,トゲメット,,尖刺钢盔龟,尖刺鋼盔龜,가시하잉바
TRUE,TRUE,Enemy,TRUE,TRUE,TRUE,TRUE,FALSE,TRUE,General Entity Limit,General Entity Limit,TRUE,TRUE,TRUE,TRUE,TRUE,TRUE,TRUE,FALSE,Dim light,FALSE,FALSE,TRUE,TRUE,FALSE,FALSE,General Entity Limit,TRUE,,FALSE,,FALSE,,FALSE,,,,3,,,,,,this,this,this,this,this,this,this,this,this,this,this,this,this,this,this,this,,Winged Spike Top,,,Picos ailé,,,???,???,,,???,???,???,,,???,???,???,,,???
TRUE,TRUE,Enemy,TRUE,TRUE,TRUE,TRUE,FALSE,TRUE,General Entity Limit,General Entity Limit,TRUE,TRUE,TRUE,TRUE,TRUE,TRUE,TRUE,FALSE,Dim light,FALSE,FALSE,FALSE,TRUE,FALSE,TRUE,General Entity Limit,TRUE,,FALSE,,FALSE,,FALSE,,,,3,,,,,,this,this,this,this,this,this,this,this,this,this,this,this,this,this,this,this,,Fast Spike Top,,,Picos rapide,,,???,???,,,???,???,???,,,???,???,???,,,???
TRUE,TRUE,Enemy,TRUE,TRUE,TRUE,TRUE,FALSE,TRUE,General Entity Limit,General Entity Limit,TRUE,TRUE,TRUE,TRUE,TRUE,TRUE,TRUE,FALSE,Dim light,FALSE,FALSE,TRUE,TRUE,FALSE,FALSE,General Entity Limit,TRUE,,FALSE,,FALSE,,FALSE,,,,3,,,,,,this,this,this,this,this,this,this,this,this,this,this,this,this,this,this,this,,Fast Winged Spike Top,,,Picos ailé rapide,,,???,???,,,???,???,???,,,???,???,???,,,???
FALSE,TRUE,Enemy,TRUE,TRUE,TRUE,TRUE,,FALSE,,,TRUE,,,,,TRUE,TRUE,FALSE,,,FALSE,FALSE,FALSE,FALSE,,General Entity Limit,TRUE,,FALSE,,FALSE,,FALSE,,,,,,,,,,this,,this,this,this,this,this,this,this,this,this,this,,,,,this,Skipsqueak,,,Mulhop,,,Hopsmaus,,Ratoncín saltarín,Ratipoing,Saltopo,Skipsqueak,Ratimbanco,,,Попрыгумыш,ピョンチュウ,跳跳鼠,,,폴찍폴찍
FALSE,TRUE,Enemy,TRUE,TRUE,TRUE,TRUE,,FALSE,,,TRUE,,,,,TRUE,TRUE,FALSE,,,FALSE,FALSE,FALSE,FALSE,,General Entity Limit,TRUE,,FALSE,,FALSE,,FALSE,,,,,,,,,,this,,this,this,this,this,this,this,this,this,this,this,,,,,this,Spiny Skipsqueak,,,Mulhop à pic,,,Stachel-Hopsmaus,Ratoncín picundín,,,Saltopo spinoso,Spiny Skipsqueak,,,,Колючий попрыгумыш,ハリピョンチュウ,,跳跳针鼠,跳跳針鼠,가시폴찍폴찍
FALSE,TRUE,Enemy,TRUE,TRUE,TRUE,TRUE,,FALSE,,,TRUE,,,,,TRUE,TRUE,FALSE,,,FALSE,FALSE,FALSE,FALSE,,General Entity Limit,TRUE,,FALSE,,FALSE,,FALSE,,,,,,,,,,this,,this,this,this,this,this,this,this,this,this,this,,,,,this,Ant Trooper,,,Fourmili,,,Trupp-Krabbel,Hormigoide,,,Formico,Ant Trooper,,Forminimiga,Soldado formiga,Муравей-пехотинец,アリへい,,蚂蚁兵,螞蟻兵,개미병
FALSE,TRUE,Enemy,TRUE,TRUE,TRUE,TRUE,,FALSE,,,TRUE,,,,,TRUE,TRUE,FALSE,,,FALSE,FALSE,FALSE,FALSE,,General Entity Limit,TRUE,,FALSE,,FALSE,,FALSE,,,,,,,,,,this,,this,this,this,this,this,this,this,this,this,this,,,,,this,Horned Ant Trooper,,,,Fourmili à pointe,Fourmili à corne,Stachel-Krabbel,Hormigoide picudo,,,Formispino,Horned Ant Trooper,Formilitar Espinho,,,Рогатый муравей-пехотинец,ツノアリへい,,尖角蚂蚁兵,尖角螞蟻兵,뿔개미병
FALSE,TRUE,Enemy,TRUE,TRUE,FALSE,TRUE,,FALSE,,,TRUE,,,,,TRUE,TRUE,FALSE,,,FALSE,TRUE,FALSE,FALSE,,General Entity Limit,TRUE,,FALSE,,FALSE,,FALSE,,,,,,,,,,this,,this,this,this,this,this,this,this,this,this,this,,,,,this,Stingby,,,Bultitine,,,Summser,Abejorro,,,Apiccia,Stingby,,Zangão,Zumbida,Жужжало,ハッチン,叮叮蜂,,,딱끔
TRUE,TRUE,Enemy,TRUE,TRUE,TRUE,TRUE,FALSE,TRUE,General Entity Limit,General Entity Limit,TRUE,TRUE,TRUE,TRUE,TRUE,TRUE,TRUE,FALSE,Dim light,FALSE,TRUE,TRUE,FALSE,FALSE,FALSE,General Entity Limit,TRUE,,FALSE,,FALSE,,FALSE,,,,3,,,,,,this,this,this,this,this,this,this,this,this,this,this,this,this,this,this,this,this,Cheep Cheep,,,Aquazo,,,Cheep-Cheep,Cheep cheep,,,Pesce Smack,Cheep Cheep,Cheep Cheep,,,Чип-чип,プクプク,,泡泡怪,泡泡魚,뽀꾸뽀꾸
TRUE,TRUE,Enemy,TRUE,TRUE,TRUE,TRUE,FALSE,TRUE,General Entity Limit,General Entity Limit,TRUE,TRUE,TRUE,TRUE,TRUE,TRUE,TRUE,FALSE,Dim light,FALSE,FALSE,FALSE,FALSE,FALSE,FALSE,General Entity Limit,TRUE,,FALSE,,FALSE,,FALSE,,,,3,,,,,,this,this,this,this,this,this,this,this,this,this,this,this,this,this,this,this,this,Fish Bones,,,,Poissonos,Ossec,Skelettfisch,Pezueso,,,Pesce Lisca,Fish Bone,Espinhosso,,,Рыба-скелет,フィッシュボーン,,鱼骨头,魚骨頭,피시본
TRUE,TRUE,Enemy,TRUE,TRUE,TRUE,TRUE,FALSE,TRUE,General Entity Limit,General Entity Limit,TRUE,TRUE,TRUE,TRUE,TRUE,TRUE,TRUE,FALSE,Dim light,FALSE,FALSE,TRUE,TRUE,FALSE,FALSE,General Entity Limit,TRUE,,FALSE,,FALSE,,FALSE,,,,3,,,,,,this,this,this,this,this,this,this,this,this,this,this,this,this,this,this,this,this,Blooper,,,Bloups,,,Blooper,Blooper,,,Calamako,Blooper,Blooper,,,Блупер,ゲッソー,,鱿鱿,魷魷,징오징오
TRUE,TRUE,Enemy,TRUE,TRUE,TRUE,TRUE,FALSE,TRUE,General Entity Limit,General Entity Limit,TRUE,TRUE,TRUE,TRUE,TRUE,TRUE,TRUE,,Dim light,FALSE,FALSE,TRUE,TRUE,FALSE,FALSE,General Entity Limit,TRUE,,FALSE,,FALSE,,FALSE,,,,3,,,,,,this,this,this,this,this,this,this,this,this,this,this,this,this,this,this,this,,Blooper Nanny,,,Nounou Bloups,,,Blooper-Sitter,Mamá blooper,,,Calamako Sitter,Blooper Nanny,,,,Блупер-нянька,こづれゲッソー,,鱿鱿亲子档,魷魷親子檔,징오징오패밀리
FALSE,TRUE,Enemy,TRUE,TRUE,TRUE,TRUE,,FALSE,,,TRUE,,,,,TRUE,FALSE,FALSE,,,TRUE,TRUE,FALSE,FALSE,,General Entity Limit,TRUE,,FALSE,,FALSE,,FALSE,,,,,,,,,,this,,this,this,this,this,this,this,this,this,this,this,,,,,this,Porcupuffer,,,,Héripouf,Porc-Kipic,Stachelfisch,,Cheep globo,Porcupuffer,Pesce Spino,Porcupuffer,Balão Cheep,,,Иглорыба-толстяк,フグマンネン,,尖刺河豚,尖刺河豚,불뚝복어
TRUE,TRUE,Enemy,TRUE,TRUE,TRUE,TRUE,FALSE,TRUE,General Entity Limit,General Entity Limit,TRUE,TRUE,TRUE,TRUE,TRUE,TRUE,TRUE,FALSE,Project a light in front of them,FALSE,FALSE,FALSE,TRUE,FALSE,TRUE,General Entity Limit,TRUE,,FALSE,,FALSE,,FALSE,,,,3,,,,,,this,this,this,this,this,this,this,this,this,this,this,this,this,this,this,this,,Wiggler,,,Wiggler,,,Wiggler,Floruga,,,Torcibruco,Wiggler,,Wiggler,Lagartola,Егоза,ハナチャン,花毛毛,,,꽃충이
TRUE,TRUE,Enemy,TRUE,TRUE,TRUE,TRUE,FALSE,TRUE,General Entity Limit,General Entity Limit,TRUE,TRUE,TRUE,TRUE,TRUE,TRUE,TRUE,FALSE,Project a light in front of them,FALSE,FALSE,FALSE,TRUE,FALSE,TRUE,General Entity Limit,TRUE,,FALSE,,FALSE,,FALSE,,,,3,,,,,,this,this,this,this,this,this,this,this,this,this,this,this,this,this,this,this,,Angry Wiggler,,,Wiggler fâché,,,Wütender Wiggler,Floruga furiosa,,,Torcibruco arrabbiato,,,,,,怒ったハナチャン,,生气的花毛毛,生氣的花毛毛,
TRUE,TRUE,Enemy,TRUE,TRUE,TRUE,TRUE,FALSE,TRUE,General Entity Limit,General Entity Limit,TRUE,TRUE,TRUE,TRUE,TRUE,TRUE,TRUE,FALSE,Dim light,FALSE,FALSE,FALSE,TRUE,FALSE,TRUE,General Entity Limit,TRUE,,FALSE,,FALSE,,FALSE,,,,3,,,,,,this,this,this,this,this,this,this,this,this,this,this,this,this,this,Jumping Piranha Plant,this,this,Piranha Plant,,,,Fleur Piranha,Plante Piranha,Piranha-Pflanze,Plant piraña,,,Pianta Piranha,Piranha Plant,Planta Piranha,,,Растение-пиранья,パックンフラワー,吞食花,,,뻐끔플라워
TRUE,TRUE,Enemy,TRUE,TRUE,TRUE,TRUE,FALSE,TRUE,General Entity Limit,General Entity Limit,TRUE,TRUE,TRUE,TRUE,TRUE,TRUE,TRUE,,Dim light,FALSE,FALSE,FALSE,TRUE,FALSE,TRUE,General Entity Limit,TRUE,,FALSE,,FALSE,,FALSE,,,,3,,,,,,this,this,this,this,this,this,this,this,this,this,this,this,Piranha Plant,Piranha Plant,this,Piranha Plant,Piranha Plant,Jumping Piranha Plant,,,,Fleur Piranha sauteuse,Plante Piranha sauteuse,Hüpfer-Piranha,Planta piraña saltarina,,,Pianta Piranha salterella,Jumping Piranha Plant,,,,прыгающее растение-пиранья,ピーパックン,,跳跃吞食花,跳躍吞食花,점핑뻐끔플라워
TRUE,TRUE,Enemy,TRUE,TRUE,TRUE,TRUE,FALSE,TRUE,General Entity Limit,General Entity Limit,TRUE,TRUE,TRUE,TRUE,TRUE,TRUE,TRUE,FALSE,Dim light,FALSE,TRUE,FALSE,TRUE,FALSE,TRUE,General Entity Limit,TRUE,,FALSE,,FALSE,,FALSE,,,,3,,,,,,this,this,this,this,this,this,this,this,this,this,this,this,this,this,this,this,this,Fire Piranha Plant,,,Pyro Piranha,,,Feuer-Piranha-Pflanze,Piraña pirómana,,,Pianta Piranha falò,Fire Piranha Plant,Planta Piranha Pirónama,,,огненное растение-пиранья,ファイアパックン,火焰吞食花,,,파이어뻐끔플라워
TRUE,TRUE,,FALSE,FALSE,FALSE,FALSE,FALSE,FALSE,,,FALSE,FALSE,FALSE,FALSE,FALSE,FALSE,FALSE,FALSE,,FALSE,TRUE,FALSE,FALSE,FALSE,FALSE,,FALSE,,FALSE,,FALSE,,FALSE,,,,,,,,,,this,this,this,this,this,this,this,this,this,this,this,this,this,this,this,this,this,Fire Piranha Plant's Fireball,,,Boule de feu de Pyro Piranha,,,???,???,,,???,???,???,,,???,???,???,,,???
TRUE,TRUE,Enemy,TRUE,FALSE,TRUE,TRUE,FALSE,TRUE,General Entity Limit,General Entity Limit,TRUE,TRUE,TRUE,TRUE,TRUE,TRUE,TRUE,FALSE,Dim light,FALSE,FALSE,FALSE,TRUE,FALSE,FALSE,General Entity Limit,TRUE,,FALSE,,FALSE,,FALSE,,,,3,,,,,,this,this,this,this,this,this,this,this,this,this,this,this,this,this,this,this,,Muncher,,,,Miamiam,Scrounch,Mampfer,,Tulipán piraña,Mordiscador,Sgranocchio,Muncher,Trinca,,,жевалка,ブラックパックン,黑吞食花,,,블랙뻐끔
FALSE,TRUE,Enemy,FALSE,FALSE,FALSE,TRUE,FALSE,,,,FALSE,,,,,FALSE,FALSE,FALSE,,,FALSE,FALSE,FALSE,FALSE,,Piranha Creeper Limit,TRUE,,FALSE,,FALSE,,FALSE,,,,,,,,,,this,,this,this,this,this,this,this,this,this,this,this,,,,,this,Piranha Creeper,,,Piranha rampante,,,Kriech-Piranha,Piraña reptante,,,Pianta Serpiranha,Piranha Creeper,Planta Piranha Rastejante,,,пиранья-выползок,のびのびパックン,,长长吞食花,長長吞食花,쭉쭉뻐끔
TRUE,TRUE,Enemy,TRUE,TRUE,TRUE,TRUE,FALSE,TRUE,General Entity Limit,General Entity Limit,FALSE,TRUE,FALSE,TRUE,FALSE,FALSE,FALSE,FALSE,Dim light,FALSE,FALSE,FALSE,TRUE,FALSE,TRUE,General Entity Limit,2,,FALSE,,FALSE,,FALSE,,,,3,,,,,,this,this,this,this,this,this,this,this,this,this,this,this,this,this,this,this,,Chain Chomp,,,Boulouf,,,Kettenhund,Chomp cadenas,,,Categnaccio,Chain Chomp,,Chomp Chomp,Chain Chomp,Кусалкин на цепи,ワンワン,汪汪,,,멍멍이
TRUE,TRUE,Enemy,TRUE,TRUE,TRUE,TRUE,FALSE,TRUE,General Entity Limit,General Entity Limit,TRUE,TRUE,TRUE,TRUE,TRUE,TRUE,TRUE,FALSE,Dim light,FALSE,FALSE,FALSE,TRUE,FALSE,TRUE,General Entity Limit,TRUE,,FALSE,,FALSE,,FALSE,,,,3,,,,,,this,this,this,this,this,this,this,this,this,this,this,this,this,this,this,this,,Uchained Chomp,,,Boulouf déchaîné,,,Freier Kettenhund,Chomp desencadenado,,,Categnaccio scatenato,,,,,,杭なしワンワン,没有木桩的汪汪,,沒有木棒的汪汪,
TRUE,TRUE,,FALSE,FALSE,FALSE,FALSE,FALSE,FALSE,,,FALSE,TRUE,FALSE,FALSE,FALSE,FALSE,FALSE,FALSE,Dim light,FALSE,FALSE,FALSE,FALSE,FALSE,TRUE,,FALSE,,FALSE,,FALSE,,FALSE,,?,,,,,,,,this,this,this,this,this,this,this,this,this,this,this,this,this,this,this,this,,Chain Chomp Stomp,,,Tronc de Boulouf,,,???,???,,,???,???,???,,,???,???,???,,,???
FALSE,TRUE,Enemy,TRUE,TRUE,TRUE,TRUE,FALSE,TRUE,General Entity Limit,General Entity Limit,TRUE,TRUE,TRUE,TRUE,TRUE,TRUE,TRUE,FALSE,Dim light,FALSE,FALSE,FALSE,TRUE,FALSE,TRUE,General Entity Limit,TRUE,,FALSE,,FALSE,,FALSE,,,,3,,,,,,this,this,this,this,this,this,this,this,this,this,this,this,this,this,this,this,this,Spike,,,Spike,,,Spike,,Escupicos,Spike,Spunzo,Spike,Espigão,,,Спайк,ガボン,加邦,,,가봉
FALSE,TRUE,Enemy,TRUE,TRUE,TRUE,TRUE,FALSE,TRUE,General Entity Limit,General Entity Limit,TRUE,TRUE,TRUE,TRUE,TRUE,TRUE,TRUE,FALSE,Dim light,FALSE,FALSE,FALSE,FALSE,FALSE,TRUE,General Entity Limit,TRUE,,FALSE,,FALSE,,FALSE,,,,3,,,,,,this,this,this,this,this,this,Snowball,this,this,this,this,this,this,this,this,this,this,Spike Ball,,,Boule Picos,,,Pieksball,Bola espinosa,,,Palla acuminata,Spijkerbal,Bola de espinhos,,,,シューリンガン,,殊力钢,殊力鋼,
FALSE,TRUE,Enemy,TRUE,TRUE,TRUE,TRUE,FALSE,TRUE,General Entity Limit,General Entity Limit,TRUE,TRUE,TRUE,TRUE,TRUE,TRUE,TRUE,FALSE,,FALSE,FALSE,FALSE,FALSE,FALSE,TRUE,General Entity Limit,TRUE,,FALSE,,FALSE,,FALSE,,,,3,,,,,,this,this,Spike Ball,Spike Ball,Spike Ball,Spike Ball,this,Spike Ball,Spike Ball,Spike Ball,Spike Ball,Spike Ball,this,this,this,this,this,Snowball,,,Boule de neige,,,Schneeball,Bola de nieve,,,Palla di neve,Sneeuwbal,,,,,雪玉,雪球,,,
TRUE,TRUE,Enemy,FALSE,FALSE,FALSE,TRUE,FALSE,FALSE,,,FALSE,FALSE,FALSE,,FALSE,FALSE,FALSE,FALSE,Dim light,FALSE,FALSE,FALSE,FALSE,FALSE,FALSE,General Entity Limit,2,,FALSE,,FALSE,,FALSE,,,,3,,,,,,this,this,this,this,this,this,this,this,this,this,this,this,this,this,this,this,,Lakitu,,,,Lakitou,Lakitu,Lakitu,Lakitu,,,Lakitu,Lakitu,Lakitu,,,Лакиту,ジュゲム,,球盖姆,球蓋姆,김수한무
TRUE,TRUE,,FALSE,FALSE,FALSE,FALSE,FALSE,FALSE,,,FALSE,FALSE,FALSE,,FALSE,FALSE,FALSE,FALSE,Dim light,FALSE,FALSE,FALSE,FALSE,FALSE,FALSE,General Entity Limit,TRUE,,FALSE,,FALSE,,FALSE,,,,3,,,,,,this,this,this,this,this,this,this,this,this,this,this,this,this,this,this,this,,Lakitu's Cloud,,,,Nuage de Lakitou,Nuage de Lakitu,Lakitus Wolke,Nube de Lakitu,,,Nuvola di Lakitu,,,,,,ジュゲムの雲,,球盖姆的云,球蓋姆的雲,
TRUE,TRUE,Enemy,TRUE,TRUE,TRUE,TRUE,FALSE,TRUE,General Entity Limit,General Entity Limit,TRUE,FALSE,TRUE,TRUE,TRUE,TRUE,TRUE,FALSE,Dim light,FALSE,FALSE,FALSE,TRUE,FALSE,FALSE,General Entity Limit,TRUE,,FALSE,,FALSE,,FALSE,,,,3,,,,,,this,this,this,this,this,this,this,this,this,this,this,this,this,this,this,this,this,Boo,,,Boo,,,Buu Huu,Boo,,,Boo,Boo,Bu,,,Бу,テレサ,,害羞幽灵,害羞幽靈,부끄부끄
TRUE,TRUE,,FALSE,FALSE,FALSE,TRUE,FALSE,FALSE,,,FALSE,FALSE,FALSE,FALSE,FALSE,FALSE,FALSE,FALSE,Dim light,FALSE,FALSE,FALSE,FALSE,FALSE,FALSE,General Entity Limit,TRUE,,FALSE,,FALSE,,FALSE,,,,3,,,,,,this,this,this,this,this,this,this,this,this,this,this,this,this,this,this,this,this,Strech,,,Flexcible,,,Stretches,,Bú estirado,Boo Estirado,Piattaforma Boo,Stretch,Obustáculo,,,Тянучка,ネッチー,,拉伸幽灵,拉伸幽靈,끈쭈기
TRUE,TRUE,Enemy,TRUE,TRUE,TRUE,TRUE,FALSE,TRUE,General Entity Limit,General Entity Limit,TRUE,TRUE,TRUE,TRUE,TRUE,TRUE,TRUE,FALSE,Dim light,FALSE,FALSE,FALSE,FALSE,FALSE,FALSE,General Entity Limit,TRUE,,FALSE,,FALSE,,FALSE,,,,9,,,,,,this,this,this,this,this,this,this,this,this,this,this,this,this,this,this,this,Peepa,Boo Buddies,,,Amis Boo,,,Buu-Helfer,Banda de boos,,,Banda di Boo,Boo Buddy's,,,,Бу-дружищи,輪になるテレサ,,圆阵害羞幽灵,圓陣害羞幽靈,원을 그리는 부끄부끄
FALSE,TRUE,Enemy,TRUE,TRUE,TRUE,TRUE,FALSE,FALSE,,,FALSE,FALSE,FALSE,FALSE,FALSE,TRUE,TRUE,FALSE,,FALSE,FALSE,FALSE,FALSE,FALSE,FALSE,General Entity Limit,TRUE,,FALSE,,FALSE,,FALSE,,,,,,,,,,this,,this,this,this,this,this,this,this,this,this,this,Boo Buddies,Boo Buddies,Boo Buddies,Boo Buddies,this,Peepa,,,Paltrak,,,Spukmatz,Fantasmirón,,,Ectobaldo,Peepa,,Esbugalhado,Fantasma,Пучеглазый призрак,テレン,,不害羞幽灵,不害羞幽靈,안부끄
TRUE,TRUE,Enemy,TRUE,TRUE,TRUE,TRUE,FALSE,TRUE,General Entity Limit,General Entity Limit,TRUE,TRUE,TRUE,TRUE,TRUE,TRUE,TRUE,FALSE,Dim light,FALSE,,FALSE,TRUE,FALSE,TRUE,General Entity Limit,TRUE,,FALSE,,FALSE,,FALSE,,,,3,,,,,,this,this,this,this,this,this,this,this,this,this,this,this,this,this,this,this,this,Bob-omb,,,Bob-omb,,,Bob-omb,Bob-omba,,,Bob-omba,Bob-omb,Bom-bomba,,,Боб-омб,ボムへい,,炸弹兵,炸彈兵,폭탄병
TRUE,TRUE,Enemy,TRUE,TRUE,TRUE,TRUE,FALSE,TRUE,General Entity Limit,General Entity Limit,TRUE,TRUE,TRUE,TRUE,TRUE,TRUE,TRUE,FALSE,Full light,TRUE,,FALSE,TRUE,FALSE,TRUE,General Entity Limit,TRUE,,FALSE,,FALSE,,FALSE,,,,3,,,,,,this,this,this,this,this,this,this,this,this,this,this,this,this,this,this,this,this,Lit Bob-omb,,,Bom-omb allumée,,,Scharfer Bob-omb,Bob-omba encendida,,,Bom-omba innescato,,,,,,着火したボムへい,,着火的炸弹兵,著火的炸彈兵,
FALSE,TRUE,Enemy,FALSE,FALSE,FALSE,TRUE,FALSE,TRUE,General Entity Limit,General Entity Limit,FALSE,TRUE,FALSE,FALSE,FALSE,FALSE,FALSE,FALSE,Project a light in front of them,FALSE,FALSE,FALSE,FALSE,FALSE,TRUE,General Entity Limit,TRUE,,FALSE,,FALSE,,FALSE,,,,3,,,,,,this,this,this,this,this,this,Snow Pokey,this,this,this,this,this,this,this,this,this,this,Pokey,,,Pokey,,,Pokey,Pokey,,,Marghibruco,Pokey,,Cactubola,Catubola,Поки,サンボ,,刺球丸子,刺球丸子,선인
FALSE,TRUE,Enemy,FALSE,FALSE,FALSE,TRUE,FALSE,TRUE,General Entity Limit,General Entity Limit,FALSE,TRUE,FALSE,FALSE,FALSE,FALSE,FALSE,FALSE,,,FALSE,FALSE,FALSE,FALSE,TRUE,General Entity Limit,TRUE,,FALSE,,FALSE,,FALSE,,,,3,,,,,,this,this,Pokey,Pokey,Pokey,Pokey,this,Pokey,Pokey,Pokey,Pokey,Pokey,this,this,this,this,this,Snow Pokey,,,Pokey des neiges,,,Schnee-Pokey,Pokey polar,,,Nevibruco,Snow Pokey,,,,,スノーサンボ,,雪刺球丸子,雪刺球丸子,
TRUE,TRUE,Enemy,FALSE,FALSE,FALSE,TRUE,FALSE,TRUE,General Entity Limit,General Entity Limit,FALSE,FALSE,FALSE,FALSE,FALSE,FALSE,FALSE,FALSE,Dim light,FALSE,FALSE,FALSE,TRUE,FALSE,TRUE,General Entity Limit,TRUE,,FALSE,,FALSE,,FALSE,,,,3,,,,,,this,this,this,this,this,this,this,this,this,this,this,this,this,this,this,this,this,Thwomp,,,,Ka-Bang,Thwomp,Steinblock,Don Pisotón,,,Thwomp,Thwomp,,Tumbo,Granitão,Бамс,ドッスン,咚咚,,,쿵쿵
TRUE,TRUE,Enemy,FALSE,FALSE,FALSE,TRUE,FALSE,TRUE,General Entity Limit,General Entity Limit,FALSE,TRUE,TRUE,TRUE,TRUE,TRUE,TRUE,FALSE,Dim light,FALSE,FALSE,FALSE,TRUE,FALSE,TRUE,General Entity Limit,TRUE,,FALSE,,FALSE,,FALSE,,,,3,,,,,,this,this,this,this,this,this,this,this,this,this,this,this,this,this,this,this,,Monty Mole,,,Topi Taupe,,,Monty Maulwurf,Topo monty,,,Tantatalpa,Monty Mole,Toupeira Monty,,,Крот Монти,チョロプー,,黄鼹鼠,黃鼴鼠,쪼르뚜
TRUE,TRUE,Enemy,FALSE,FALSE,FALSE,TRUE,FALSE,TRUE,General Entity Limit,General Entity Limit,FALSE,TRUE,TRUE,TRUE,TRUE,TRUE,TRUE,FALSE,Dim light,FALSE,FALSE,FALSE,TRUE,FALSE,TRUE,General Entity Limit,TRUE,,FALSE,,FALSE,,FALSE,,,,3,,,,,,this,this,this,this,this,this,this,this,this,this,this,this,this,this,this,this,,Rocky Wrench,,,,Mogu,Torti Taupe,Rocky Schraubschlüssel,,Topo rocky,Tortopo,Tartatalpa,Rocky Wrench,,Rocky Toupeira,Toupeira Rocky,Роки-ключ,プー,扳手仔,,,뚜
TRUE,TRUE,,FALSE,FALSE,FALSE,FALSE,FALSE,FALSE,,,FALSE,FALSE,FALSE,FALSE,FALSE,FALSE,FALSE,FALSE,Full light,FALSE,FALSE,FALSE,FALSE,FALSE,FALSE,,FALSE,,FALSE,,FALSE,,TRUE,,,,,,,,,,this,this,this,this,this,this,this,this,this,this,this,this,this,this,this,this,,Wrench,,,Clé à molet,,,???,???,,,???,???,???,,,???,???,???,,,???
TRUE,TRUE,Enemy,FALSE,FALSE,FALSE,TRUE,FALSE,TRUE,General Entity Limit,General Entity Limit,FALSE,TRUE,TRUE,TRUE,TRUE,TRUE,TRUE,FALSE,Dim light,FALSE,FALSE,FALSE,TRUE,FALSE,TRUE,General Entity Limit,TRUE,,FALSE,,FALSE,,FALSE,,,,3,,,,,,this,this,this,this,this,this,this,this,this,this,this,this,this,this,this,this,this,,Magikoopa,Kamek,,Magikoopa,Kamek,Kamek,,Magikoopa,Kamek,Kamek,Kamek,,Magikoopa,Kamek,Камек,カメック,卡美克,,,마귀
TRUE,TRUE,,FALSE,FALSE,FALSE,FALSE,FALSE,FALSE,,,FALSE,FALSE,FALSE,FALSE,FALSE,FALSE,FALSE,FALSE,Full light,TRUE,FALSE,FALSE,FALSE,FALSE,FALSE,,FALSE,,FALSE,,FALSE,,TRUE,It only spawn what is available based on the limits,,,,,,,,,this,this,this,this,this,this,this,this,this,this,this,this,this,this,this,this,this,,(Magikoopa's projectile),(Kamek's projectile),???,,,???,???,,,???,???,???,,,???,???,???,,,???
TRUE,TRUE,Enemy,TRUE,TRUE,TRUE,TRUE,FALSE,TRUE,General Entity Limit,General Entity Limit,TRUE,TRUE,TRUE,TRUE,TRUE,TRUE,TRUE,FALSE,Dim light,FALSE,FALSE,FALSE,TRUE,FALSE,TRUE,General Entity Limit,TRUE,,FALSE,,FALSE,,FALSE,,,,3,,,,,,this,this,this,this,this,this,this,this,this,this,this,this,this,this,this,this,this,Hammer Bro,,,Frère Marto,,,Hammer-Bruder,Hermano Martillo,,,Martelkoopa,Hammer Bro,,Irmão Martelo,Mano Martelo,Братец-молот,ハンマーブロス,,铁锤兄弟,鐵鎚兄弟,해머브러스
TRUE,TRUE,Enemy,FALSE,TRUE,TRUE,TRUE,FALSE,TRUE,General Entity Limit,General Entity Limit,TRUE,TRUE,TRUE,TRUE,TRUE,TRUE,TRUE,FALSE,Dim light,FALSE,FALSE,FALSE,TRUE,FALSE,TRUE,General Entity Limit,TRUE,,FALSE,,FALSE,,FALSE,,,,3,,,,,,this,this,this,this,this,this,this,this,this,this,this,this,this,this,this,this,this,Sledge Bro,,,,Frère Masse,Frère Mastoc,Vorschlag-Brüder,,Hermano Mazo,Hermano Maza,Martellone Bros,,,Irmão Marreta,Mano Marreta,Братец-кувалда,すべて,全部,,,메가브러스
TRUE,TRUE,,FALSE,FALSE,FALSE,FALSE,FALSE,FALSE,,,FALSE,FALSE,FALSE,FALSE,FALSE,FALSE,FALSE,FALSE,Full light,FALSE,FALSE,FALSE,FALSE,FALSE,FALSE,,FALSE,,FALSE,,FALSE,,TRUE,Always reserve 1 projectile,,,,,,,,,this,this,this,this,this,this,this,this,this,this,this,this,this,this,this,this,this,Hammer Bro's Hammer,,,Marto de Frère Marto,,,???,???,,,???,???,???,,,???,???,???,,,???
FALSE,TRUE,Enemy,TRUE,TRUE,TRUE,TRUE,FALSE,FALSE,,,TRUE,FALSE,FALSE,FALSE,FALSE,TRUE,TRUE,FALSE,,FALSE,FALSE,FALSE,FALSE,FALSE,FALSE,General Entity Limit,TRUE,,FALSE,,FALSE,,FALSE,,,,,,,,,,this,,this,this,this,this,this,this,this,this,this,this,Hammer Bro,Hammer Bro,Hammer Bro,Hammer Bro,this,Fire Bro,,,Frère Pyro,,,Feuer-Bruder,Hermano Fuego,,,Fuoco Bros,Fire Bro,,Irmão Fogo,Mano Chama,Братец-огонь,ファイアブロス,火焰兄弟,,,파이어브러스
FALSE,TRUE,Enemy,FALSE,TRUE,TRUE,TRUE,FALSE,FALSE,,,TRUE,FALSE,FALSE,FALSE,FALSE,TRUE,TRUE,FALSE,,FALSE,FALSE,FALSE,FALSE,FALSE,FALSE,General Entity Limit,TRUE,,FALSE,,FALSE,,FALSE,,,,,,,,,,this,,this,this,this,this,this,this,this,this,this,this,Sledge Bro,Sledge Bro,Sledge Bro,Sledge Bro,this,Heavy Fire Bro,,,Frère Pyro lourd,,,???,???,,,???,???,???,,,???,???,???,,,???
FALSE,TRUE,,FALSE,FALSE,FALSE,FALSE,FALSE,FALSE,,,FALSE,FALSE,FALSE,FALSE,FALSE,FALSE,FALSE,FALSE,,FALSE,TRUE,FALSE,FALSE,FALSE,FALSE,,FALSE,,FALSE,,FALSE,,TRUE,,,,,,,,,,this,,this,this,this,this,this,this,this,this,this,this,,,,,this,Fire Bro's Fireball,,,Boule de feu de Frère Pyro,,,???,???,,,???,???,???,,,???,???,???,,,???
TRUE,TRUE,Enemy,TRUE,TRUE,TRUE,TRUE,FALSE,TRUE,General Entity Limit,General Entity Limit,TRUE,TRUE,TRUE,TRUE,TRUE,TRUE,TRUE,FALSE,Full light,FALSE,FALSE,FALSE,FALSE,FALSE,FALSE,General Entity Limit,TRUE,,FALSE,,FALSE,,FALSE,,,,3,,,,,,this,this,this,this,this,this,this,this,this,this,this,this,this,this,this,this,this,Lava Bubble,,,Bulle de lave,,,Hothead,,Burbuja de lava,Gota de lava,Fiammetto,Lava Bubble,Bolha de lava,,,Пузырь лавы,バブル,火焰泡泡,,,버블
FALSE,TRUE,Enemy,FALSE,FALSE,FALSE,TRUE,FALSE,TRUE,General Entity Limit,General Entity Limit,FALSE,TRUE,TRUE,TRUE,TRUE,TRUE,TRUE,FALSE,,FALSE,FALSE,FALSE,TRUE,FALSE,TRUE,General Entity Limit,TRUE,,FALSE,,FALSE,,FALSE,,,,3,,,,,,this,this,this,this,this,this,this,this,this,this,this,this,this,this,this,this,,Mechakoopa,,,Méca-Koopa,,,Robo-Koopa,,Mecakoopa,Mechakoopa,Koopasapiens,,,Meca-koopa,Mecanikoopa,Мехакупа,メカクッパ,,机器酷霸王,機器庫巴,메카쿠파
FALSE,TRUE,Enemy,FALSE,FALSE,FALSE,TRUE,FALSE,TRUE,General Entity Limit,General Entity Limit,FALSE,TRUE,TRUE,TRUE,TRUE,TRUE,TRUE,FALSE,,FALSE,FALSE,FALSE,TRUE,FALSE,TRUE,General Entity Limit,TRUE,Continue firing even when GEL (ELB) is reached,FALSE,,FALSE,,FALSE,,,,3,,,,,,this,this,this,this,this,this,this,this,this,this,this,this,this,this,this,this,,Blasta Mechakoopa,,,Méca-Koopa missile,,,Raketen-Robo-Koopa,Mecakoopa artillero,,,Koopasapiens bazooka,,,,,,ミサイルメカクッパ,,导弹机器酷霸王,導彈機器庫巴,
FALSE,TRUE,,FALSE,FALSE,FALSE,FALSE,FALSE,FALSE,,,FALSE,TRUE,FALSE,FALSE,FALSE,FALSE,FALSE,FALSE,Full light,FALSE,FALSE,FALSE,FALSE,FALSE,FALSE,,TRUE,,FALSE,,FALSE,,TRUE,,,,,,,,,,this,this,this,this,this,this,this,this,this,this,this,this,this,this,this,this,,Homming Missile,,,Missile à tête chercheuse,,,???,???,,,???,???,???,,,???,???,???,,,???
FALSE,TRUE,Enemy,FALSE,FALSE,FALSE,TRUE,FALSE,TRUE,General Entity Limit,General Entity Limit,FALSE,TRUE,TRUE,TRUE,TRUE,TRUE,TRUE,FALSE,Variable,TRUE,FALSE,FALSE,TRUE,FALSE,TRUE,General Entity Limit,TRUE,,FALSE,,FALSE,,FALSE,,,,3,,,,,,this,this,this,this,this,this,this,this,this,this,this,this,this,this,this,this,,Zappa Mechakoopa,,,Méca-Koopa laser,,,Laser-Robo-Koopa,Mecakoopa rayo,,,Koopasapiens laser,,,,,,ビームメカクッパ,,光束机器酷霸王,光束機器庫巴,
FALSE,TRUE,,FALSE,FALSE,FALSE,FALSE,FALSE,FALSE,,,FALSE,FALSE,FALSE,FALSE,FALSE,FALSE,FALSE,FALSE,Full light,TRUE,FALSE,FALSE,FALSE,FALSE,FALSE,,FALSE,,FALSE,,FALSE,,TRUE,,,,,,,,,,this,this,this,this,this,this,this,this,this,this,this,this,this,this,this,this,,Electricity Beam,,,Rayon d'électricité,,,???,???,,,???,???,???,,,???,???,???,,,???
FALSE,TRUE,Enemy,FALSE,FALSE,FALSE,TRUE,FALSE,,,,FALSE,,,,,FALSE,FALSE,FALSE,,,FALSE,FALSE,FALSE,FALSE,,Charvaargh Limit,TRUE,,FALSE,,FALSE,,FALSE,,,,,,,,,,this,,this,this,this,this,this,this,this,this,this,this,,,,,this,Charvaargh,,,Poissalava,,,Glutfisch,Lavonciopez,,,Pesce Magma,Charvaargh,Charvaargh,,,Магмалет,ウーガンフィッシュ,,烏卡魚,乌卡鱼,짜자어
FALSE,TRUE,Enemy,FALSE,FALSE,FALSE,TRUE,FALSE,,,,FALSE,,,,,FALSE,FALSE,FALSE,,,FALSE,FALSE,FALSE,FALSE,,General Entity Limit,TRUE,,FALSE,,FALSE,,FALSE,,,,,,,,,,this,,this,this,this,this,this,this,this,this,this,this,,,,,this,Bully,,,Voyou,,,Bully,Peleón,,,Bronco,Bully,Brigão,,,Задира,ドンケッ,斗斗,,,으샤
TRUE,TRUE,Gizmo,FALSE,FALSE,FALSE,FALSE,FALSE,TRUE,General Entity Limit,General Entity Limit,FALSE,FALSE,FALSE,FALSE,FALSE,,FALSE,FALSE,,FALSE,FALSE,FALSE,TRUE,FALSE,TRUE,General Entity Limit,TRUE,,FALSE,,FALSE,,FALSE,,,,3,,,,,,this,this,this,this,this,this,this,this,this,this,this,this,this,this,this,this,this,Bill Blaster,,,Bill Boum,,,Willi-Kanone,Cañón Bill,,,Cannone Bill,Bill-kanon,Canhão Bill,,,Билл-пушка,キラー砲台,,炮弹刺客炮台,炮彈刺客炮台,킬러대포
TRUE,TRUE,,FALSE,FALSE,FALSE,FALSE,FALSE,FALSE,,,FALSE,TRUE,FALSE,FALSE,FALSE,TRUE,FALSE,FALSE,Full light,FALSE,FALSE,FALSE,FALSE,FALSE,FALSE,,TRUE,,FALSE,,FALSE,,FALSE,,,,,,,,,,this,this,this,this,this,this,this,this,this,this,this,this,this,this,this,this,this,Bullet Bill,,,Bill Balle,,,Kugelwillis,Bill Bala,,,Pallottoli Bill,Bullet Bill,Bill Bala,,,Билл-пуля,すべて,全部,,,킬러
TRUE,TRUE,Gizmo,FALSE,FALSE,FALSE,FALSE,FALSE,TRUE,General Entity Limit,General Entity Limit,FALSE,FALSE,FALSE,FALSE,FALSE,,FALSE,TRUE,,FALSE,FALSE,FALSE,TRUE,FALSE,TRUE,General Entity Limit,TRUE,,FALSE,,FALSE,,FALSE,,,,3,,,,,,this,this,this,this,this,this,this,this,this,this,this,this,this,this,this,this,this,Bull's-Eye Blaster,,,Bill Boum chercheur,,,???,???,,,Cannone Bill Segugio,???,???,,,???,???,???,,,???
TRUE,TRUE,,FALSE,FALSE,FALSE,FALSE,FALSE,FALSE,,,FALSE,TRUE,FALSE,FALSE,FALSE,TRUE,FALSE,,Full light,FALSE,FALSE,FALSE,FALSE,FALSE,FALSE,,TRUE,,FALSE,,FALSE,,FALSE,,,,,,,,,,this,this,this,this,this,this,this,this,this,this,this,this,this,this,this,this,Cat Bullet Bill,Bull's-Eye Bill,,,Auto Bill Balle,,,Vefolgungs-Willi,,Bill buscablancos,Bill Bala Buscador,Pallottolo Segugio,Bull's-Eye Bill,???,,,Билл-яблочко,サーチキラー,???,,,???
FALSE,TRUE,,FALSE,FALSE,FALSE,FALSE,FALSE,,,,FALSE,,,,,TRUE,FALSE,FALSE,,,FALSE,FALSE,FALSE,FALSE,,,TRUE,,FALSE,,FALSE,,FALSE,,,,,,,,,,this,,this,this,this,this,this,this,this,this,this,this,Bull's-Eye Bill,Bull's-Eye Bill,Bull's-Eye Bill,Bull's-Eye Bill,this,Cat Bullet Bill,,,Bill Balle chat,,,Katzen-Kugelwilli,???,,,Pallottolo Bill gatto,???,???,,,???,ネコキラー,???,,,???
FALSE,TRUE,Gizmo,FALSE,FALSE,FALSE,FALSE,FALSE,FALSE,,,FALSE,FALSE,FALSE,FALSE,FALSE,FALSE,FALSE,FALSE,Dim light,FALSE,FALSE,FALSE,FALSE,FALSE,FALSE,General Entity Limit,TRUE,,FALSE,,FALSE,,FALSE,,,,2,,,,,,this,this,this,this,this,this,this,this,this,this,this,this,this,this,this,this,this,Banzai Bill,,,Bill Banzaï,,,Riesen-Kugelwilli,Bill banzai,,,Banzai Bill,Banzai Bill,Bill Banzai,,,Билл-банза,マグナムキラー,,大炮弹刺客,大炮彈刺客,매그넘킬러
FALSE,TRUE,Gizmo,FALSE,FALSE,FALSE,FALSE,FALSE,FALSE,,,FALSE,FALSE,FALSE,FALSE,FALSE,FALSE,FALSE,,Dim light,FALSE,FALSE,FALSE,FALSE,FALSE,FALSE,General Entity Limit,TRUE,,FALSE,,FALSE,,FALSE,,,,2,,,,,,this,this,this,this,this,this,this,this,this,this,this,this,this,this,this,this,Cat Banzai Bill,Bull's-Eye Banzai,,,Bill Banzaï chercheur,,,Voltreffer-Willi,,Banzai buscablancos,Bill Banzai Buscador,Pallottolo Banzai Segugio,Bull's-Eye Banzai Bill,Bala Banzai,,,Билл-банзай-яблочко,マグナムサーチキラー,,大追踪炮弹刺客,大追蹤炮彈刺客,
FALSE,TRUE,Gizmo,FALSE,FALSE,FALSE,FALSE,FALSE,,,,FALSE,,,,,FALSE,FALSE,FALSE,,,FALSE,FALSE,FALSE,FALSE,,General Entity Limit,TRUE,,FALSE,,FALSE,,FALSE,,,,,,,,,,this,,this,this,this,this,this,this,this,this,this,this,Bull's-Eye Banzai,Bull's-Eye Banzai,Bull's-Eye Banzai,Bull's-Eye Banzai,this,Cat Banzai Bill,,,Bill Banzaï chat,,,Riesen-Katzen-Kugelwilli,???,,,???,???,???,,,???,マグナムネコキラー,???,,,???
TRUE,TRUE,Gizmo,FALSE,FALSE,FALSE,FALSE,FALSE,TRUE,General Entity Limit,General Entity Limit,FALSE,TRUE,FALSE,TRUE,TRUE,FALSE,FALSE,,,FALSE,FALSE,FALSE,TRUE,FALSE,TRUE,General Entity Limit,TRUE,Continue firing even when GEL (ELB) is reached,FALSE,,FALSE,,FALSE,,,,3,,,,,,this,this,this,this,this,this,this,this,this,this,this,this,this,this,this,this,,Cannon,,,Canon,,,Kanone,Cañón,,,Cannone,Kanon,Canhão,,,Пушка,砲台,,炮台,炮台,대포
TRUE,TRUE,Gizmo,FALSE,FALSE,FALSE,FALSE,FALSE,TRUE,General Entity Limit,General Entity Limit,FALSE,TRUE,FALSE,TRUE,TRUE,FALSE,FALSE,,,FALSE,FALSE,FALSE,TRUE,FALSE,TRUE,General Entity Limit,TRUE,,FALSE,,FALSE,,FALSE,,,,3,,,,,,this,this,this,this,this,this,this,this,this,this,this,this,this,this,this,this,,Red Canon,,,Canon rouge,,,???,Cañón rojo,,,Cannone rosso,???,???,,,???,???,???,,,???
TRUE,TRUE,,FALSE,FALSE,FALSE,FALSE,FALSE,FALSE,,,FALSE,FALSE,FALSE,FALSE,FALSE,FALSE,FALSE,,Full light,FALSE,FALSE,FALSE,FALSE,FALSE,FALSE,,TRUE,,FALSE,,FALSE,,TRUE,,,,,,,,,,this,this,this,this,this,this,this,this,this,this,this,this,this,this,this,this,,Cannonball,,,Boulet de canon,,,Kanonenkugel,,Bola de cañón,Bala de cañón,Palla di cannone,Kanonskogel,Bola de canhão,,,Ядро,砲弾,???,,,???
TRUE,TRUE,,FALSE,FALSE,FALSE,FALSE,FALSE,FALSE,,,FALSE,FALSE,FALSE,FALSE,FALSE,FALSE,FALSE,,Full light,FALSE,FALSE,FALSE,FALSE,FALSE,FALSE,,TRUE,,FALSE,,FALSE,,TRUE,,,,,,,,,,this,this,this,this,this,this,this,this,this,this,this,this,this,this,this,this,,Red cannonball,,,Boulet de canon rouge,,,???,,Bola de cañón rojo,Bala de cañón rojo,Palla di cannone rosso,???,???,,,???,???,???,,,???
TRUE,TRUE,Gizmo,FALSE,FALSE,FALSE,FALSE,FALSE,TRUE,General Entity Limit,General Entity Limit,FALSE,FALSE,FALSE,FALSE,FALSE,FALSE,FALSE,,Variable,TRUE,TRUE,FALSE,FALSE,FALSE,FALSE,General Entity Limit,TRUE,,Not on track,,FALSE,,FALSE,,,,,,,,,,this,this,this,this,this,this,this,this,this,this,this,this,this,this,this,this,,Burner,,,Bill Flamme,,,Brenner,Soplete,,,Lanciafiamme,Brander,Chama,,,Огнемет,バーナー,,喷枪,噴槍,
TRUE,TRUE,Gizmo,FALSE,FALSE,FALSE,FALSE,FALSE,TRUE,General Entity Limit,General Entity Limit,FALSE,FALSE,FALSE,FALSE,FALSE,FALSE,FALSE,,Full light,TRUE,TRUE,FALSE,FALSE,FALSE,FALSE,General Entity Limit,TRUE,,Not on track,,FALSE,,FALSE,,,,,,,,,,this,this,this,this,this,this,this,this,this,this,this,this,this,this,this,this,,Fire Bar,,,Barre de feu,,,Feuerbarriere,Barrera de fuego,,,Barra infuocata,Vuurbalk,Barreira de fogo,,,Огненное препятствие,ファイアバー,火焰棒,,,파이어바
TRUE,TRUE,Gizmo,FALSE,FALSE,FALSE,FALSE,FALSE,FALSE,,,FALSE,FALSE,FALSE,FALSE,FALSE,FALSE,FALSE,,,FALSE,FALSE,FALSE,FALSE,FALSE,TRUE,General Entity Limit,TRUE,,TRUE,,FALSE,,FALSE,,,,,,,,,,this,this,this,this,this,this,this,this,this,this,this,this,this,this,this,this,,,Skewer,Spike Pillar,,Brochette,Colonne à épines,Dornensäule,Brocheta,,,Rullo pungente,Spijkerzuil,Poste com Espinhos,,,Столб с шипами,トゲこんぼう,大狼牙棒,,,가시기둥
TRUE,TRUE,Enemy,FALSE,FALSE,FALSE,FALSE,FALSE,TRUE,General Entity Limit,General Entity Limit,FALSE,TRUE,FALSE,FALSE,,TRUE,TRUE,,Dim light,FALSE,FALSE,FALSE,FALSE,FALSE,TRUE,General Entity Limit,TRUE,,FALSE,,FALSE,,FALSE,,,,4,,,,,,this,this,this,this,this,this,this,this,this,this,this,this,this,this,this,Junior Clown Car,,Koopa Clown Car,,,,Clown Koopa,Koopa-Mobile,Clown-Kutsche,,Cápsula koopayaso,Helikoopa,Clown Koopa,Koopa Clown-capsule,Carro Palhaço Koopa,,,Клоуномобиль купа,クッパクラウン,,酷霸王小丑飞船,庫巴小丑飛船,쿠파피에로
TRUE,TRUE,Enemy,FALSE,FALSE,FALSE,FALSE,FALSE,TRUE,General Entity Limit,General Entity Limit,FALSE,TRUE,FALSE,FALSE,,TRUE,TRUE,,Dim light,FALSE,FALSE,FALSE,FALSE,FALSE,TRUE,General Entity Limit,TRUE,,FALSE,,FALSE,,FALSE,,,,4,,,,,,this,this,this,this,this,this,this,this,this,this,this,this,Koopa Clown Car,Koopa Clown Car,Koopa Clown Car,this,,Junior Clown Car,,,,Clown Koopa Jr.,,Junior-Clown-Kutsche,,Cápsula koopayaso Jr.,Minihelikoopa,Clown Junior,Junior Clown-capsule,Carro Palhaço Júnior,,,Детский клоуномобиль,クッパJr.クラウン,,酷霸王Jr.小丑飞船,庫巴Jr.小丑飛船,쿠파주니어피에로
TRUE,TRUE,Enemy,FALSE,FALSE,FALSE,FALSE,FALSE,TRUE,General Entity Limit,General Entity Limit,FALSE,TRUE,FALSE,FALSE,,TRUE,TRUE,,Dim light,FALSE,TRUE,FALSE,FALSE,FALSE,TRUE,General Entity Limit,TRUE,,FALSE,,FALSE,,FALSE,,,,4,,,,,,this,this,this,this,this,this,this,this,this,this,this,this,this,this,this,Fire Junior Clown Car,,Fire Koopa Clown Car,,,,Clown Koopa de feu,Koopa-Mobile de feu,Fueur-Clown-Kutsche,Cápsula koopayaso de fuego,,,Clown Koopa di fuoco,Vuur-Koopa-Clown-capsule,Carro Palhaço Koopa Fogo,,,Огненный клоуномобиль купа,ファイアクッパクラウン,,火焰酷霸王小丑飞船,火焰庫巴小丑飛船,파이어쿠파피에로
TRUE,TRUE,Enemy,FALSE,FALSE,FALSE,FALSE,FALSE,TRUE,General Entity Limit,General Entity Limit,FALSE,TRUE,FALSE,FALSE,,TRUE,TRUE,,Dim light,FALSE,TRUE,FALSE,FALSE,FALSE,TRUE,General Entity Limit,TRUE,,FALSE,,FALSE,,FALSE,,,,4,,,,,,this,this,this,this,this,this,this,this,this,this,this,this,Fire Koopa Clown Car,Fire Koopa Clown Car,Fire Koopa Clown Car,this,,Fire Junior Clown Car,,,,Clown Koopa Jr. de feu,,Feuer-Junior-Clown-Kutsche,Cápsula koopayaso Jr. de fuego,,,Clown Junior di fuoco,,,,,,ファイアクッパJr.クラウン,,火焰酷霸王Jr.小丑飞船,火焰庫巴Jr.小丑飛船,파이어쿠파주니어피에로
TRUE,TRUE,,FALSE,FALSE,FALSE,FALSE,FALSE,FALSE,,,FALSE,FALSE,FALSE,FALSE,,FALSE,FALSE,,Full light,TRUE,FALSE,FALSE,FALSE,FALSE,FALSE,,FALSE,,FALSE,,FALSE,,TRUE,"If a player shoot's it, it can overfill the limit",,,,,,,,,this,this,this,this,this,this,this,this,this,this,this,this,this,this,this,this,,Fire Koopa / Junior Clown Car's Fire,,,,Boule de feu de Clown Koopa (Jr.) de feu,,???,???,,,???,???,???,,,???,???,???,,,???
FALSE,TRUE,Enemy,FALSE,FALSE,FALSE,FALSE,FALSE,,,,FALSE,,,,,FALSE,FALSE,FALSE,,,FALSE,FALSE,FALSE,FALSE,,Koopa Troopa Car Limit,TRUE,,FALSE,,FALSE,,FALSE,,,,,,,,,,this,,this,this,this,this,this,this,this,this,this,this,,,,,this,Koopa Troopa Car,,,Voiture de Koopa,,,Koopa-Auto,,Kart de koopa,Coche Koopa,Auto Koopa,Koopa Troopa-auto,Carro Koopa Troopa,,,Машина купа-трупа,ノコノコカー,,慢慢龟汽车,慢慢龜汽車,
FALSE,TRUE,,FALSE,FALSE,FALSE,FALSE,FALSE,,,,FALSE,,,,,FALSE,FALSE,FALSE,,,FALSE,FALSE,FALSE,FALSE,,,TRUE,,FALSE,,FALSE,,FALSE,,,,,,,,,,this,,this,this,this,this,this,this,this,this,this,this,,,,,this,Car,,,Voiture,,,???,,Kart,Coche,Auto,???,???,,,???,???,???,,,???
TRUE,TRUE,Gizmo,FALSE,FALSE,FALSE,FALSE,FALSE,TRUE,General Entity Limit,General Entity Limit,FALSE,FALSE,FALSE,FALSE,FALSE,FALSE,FALSE,,,FALSE,FALSE,FALSE,FALSE,FALSE,FALSE,General Entity Limit,TRUE,,FALSE,,FALSE,,FALSE,,,,6,,,,,,this,this,this,this,this,this,this,this,this,this,this,this,this,this,this,this,,Grinder,,,Scie circulaire,,,Kreissäge,Sierra,,,Sega circolare,Grinder,Serrão,,,Пила,ガリガリ,,圆锯,圓鋸,쓱싹쓱싹
TRUE,TRUE,Gizmo,FALSE,FALSE,FALSE,FALSE,FALSE,TRUE,General Entity Limit,General Entity Limit,FALSE,FALSE,FALSE,FALSE,FALSE,FALSE,FALSE,,,FALSE,FALSE,FALSE,FALSE,FALSE,FALSE,General Entity Limit,TRUE,,FALSE,,FALSE,,FALSE,,,,6,,,,,,this,this,this,this,this,this,this,this,this,this,this,this,this,this,this,this,,Bumper,,,Pneu à bonds,,,Rückprallring,Rueda elástica,,,Ruota di gomma,Bumper,Roda de Borracha,,,Бампер,マルマル,圈圈,,,통통동글
FALSE,TRUE,Gizmo,FALSE,FALSE,FALSE,FALSE,FALSE,TRUE,General Entity Limit,General Entity Limit,FALSE,,FALSE,FALSE,FALSE,FALSE,FALSE,,,FALSE,FALSE,FALSE,FALSE,FALSE,FALSE,General Entity Limit,TRUE,,FALSE,,FALSE,,FALSE,,,,10,,,,,,this,this,this,this,this,this,this,this,this,this,this,this,this,this,this,this,,Swinging Claw,,,Pince suspendue,,,Kettengreifer,Garra oscilante,,,Gru oscillante,Grijpkraan,Garra oscilante,,,Хваталка на цепи,ブランコクレーン,,摇摆吊臂,搖擺吊臂,그네크레인
TRUE,TRUE,Enemy,TRUE,TRUE,TRUE,TRUE,FALSE,TRUE,Bowser / Bowser Jr. Limit,Bowser / Bowser Jr. Limit,FALSE,TRUE,FALSE,TRUE,TRUE,FALSE,FALSE,,Dim light,FALSE,FALSE,FALSE,TRUE,TRUE,TRUE,Bowser / Bowser Jr. Limit,TRUE,,FALSE,,FALSE,,FALSE,,,,3,,,,,,this,this,this,this,this,this,this,this,this,this,this,this,this,this,this,this,Meowser,Bowser,,,Bowser,,,Bowser,Bowser,,,Bowser,Bowser,Bowser,,,Боузер,クッパ,,酷霸王,庫巴,쿠파
FALSE,TRUE,Enemy,TRUE,TRUE,TRUE,FALSE,FALSE,,,,FALSE,,,,,FALSE,FALSE,FALSE,,,FALSE,FALSE,FALSE,FALSE,,Bowser / Bowser Jr. Limit,TRUE,,FALSE,,FALSE,,FALSE,,,,,,,,,,this,,this,this,this,this,this,this,this,this,this,this,Bowser,Bowser,Bowser,Bowser,this,Meowser,,,Bowser chat,,,Miauser,Bowser felino,,,Miauser,Meowser,,,,Мяузер,ネコクッパ,,猫咪酷霸王,貓咪庫巴,
TRUE,TRUE,,FALSE,FALSE,FALSE,FALSE,FALSE,FALSE,,,FALSE,FALSE,FALSE,FALSE,FALSE,FALSE,FALSE,FALSE,Full light,FALSE,TRUE,FALSE,FALSE,FALSE,FALSE,,FALSE,,FALSE,,FALSE,,Temporary as it comes out,,,,,,,,,,this,this,this,this,this,this,this,this,this,this,this,this,this,this,this,this,this,Bowser's Fire,,,Feu de Bowser,,,???,???,,,???,???,???,,,???,???,???,,,???
TRUE,TRUE,,FALSE,FALSE,FALSE,FALSE,FALSE,FALSE,,,FALSE,FALSE,FALSE,FALSE,FALSE,FALSE,FALSE,,Full light,,TRUE,FALSE,FALSE,FALSE,TRUE,,FALSE,,FALSE,,FALSE,,Temporary as it comes out,,,,,,,,,,this,this,this,this,this,this,this,this,this,this,this,this,,,this,,,Fire Rain of fire,,,Poussières d'artifices,,,Keine Chance!,Lluvia ígnea,,,Pioggia di fuoco,???,???,,,???,がんばってもダメなのだ,???,,,???
TRUE,TRUE,Enemy,TRUE,TRUE,TRUE,TRUE,FALSE,TRUE,Bowser / Bowser Jr. Limit,Bowser / Bowser Jr. Limit,FALSE,TRUE,FALSE,TRUE,TRUE,FALSE,FALSE,,Dim light,FALSE,FALSE,FALSE,TRUE,TRUE,TRUE,Bowser / Bowser Jr. Limit,TRUE,,FALSE,,FALSE,,FALSE,,,,3,,,,,,this,this,this,this,this,this,this,this,this,this,this,this,this,this,this,this,,Bowser Jr.,,,Bowser Jr.,,,Bowser Jr.,,Bowser Jr.,Bowsy,Bowser Junior,Bowser Jr.,Bowser Jr.,,,Боузер-младший,クッパJr.,,酷霸王Jr.,庫巴Jr.,쿠파주니어
TRUE,TRUE,,FALSE,FALSE,FALSE,FALSE,FALSE,FALSE,,,FALSE,FALSE,FALSE,FALSE,FALSE,FALSE,FALSE,,Full light,FALSE,TRUE,FALSE,FALSE,FALSE,FALSE,,FALSE,,FALSE,,FALSE,,TRUE,,,,,,,,,,this,this,this,this,this,this,this,this,this,this,this,this,this,this,this,this,,Bowser Jr.'s Fire,,,Feu de Bowser Jr.,,,???,???,,,???,???,???,,,???,???,???,,,???
TRUE,TRUE,Enemy,TRUE,TRUE,TRUE,TRUE,FALSE,TRUE,Boom Boom / Pom Pom Limit,Boom Boom / Pom Pom Limit,FALSE,TRUE,FALSE,TRUE,TRUE,FALSE,FALSE,,Dim light,FALSE,FALSE,FALSE,TRUE,TRUE,TRUE,Boom Boom / Pom Pom Limit,TRUE,,FALSE,,FALSE,,FALSE,,,,3,,,,,,this,this,this,this,this,this,this,this,this,this,this,this,this,this,this,this,this,Boom Boom,,,Boum Boum,,,Bumm Bumm,Bum Bum,,,Boom Boom,Boom Boom,,Dom Dom,Bum Bum,Бум-бум,ブンブン,奔奔,,,부웅부웅
FALSE,TRUE,Enemy,TRUE,TRUE,TRUE,TRUE,FALSE,,,,FALSE,,,,,FALSE,FALSE,,,,FALSE,FALSE,FALSE,TRUE,,Boom Boom / Pom Pom Limit,TRUE,,FALSE,,FALSE,,FALSE,,,,,,,,,,this,,this,this,this,this,this,this,this,this,this,this,Boom Boom,Boom Boom,Boom Boom,Boom Boom,this,Pom Pom,,,Poum Poum,,,Pom Pom,Pum Pum,,,Poom Poom,Pom Pom,,Pom Pom,Pam Pam,Пам-пам,プンプン,碰碰,,,푸웅푸웅
FALSE,TRUE,,FALSE,FALSE,FALSE,FALSE,FALSE,,,,FALSE,,,,,FALSE,FALSE,,,,FALSE,FALSE,FALSE,FALSE,,,FALSE,,FALSE,,FALSE,,TRUE,,,,,,,,,,this,,this,this,this,this,this,this,this,this,this,this,,,,,this,Pom Pom's clone,,,Clone de Pom Pom,,,???,???,,,???,???,??,,,???,???,???,,,???
FALSE,TRUE,,FALSE,FALSE,FALSE,FALSE,FALSE,,,,FALSE,,,,,FALSE,FALSE,,,,FALSE,FALSE,FALSE,FALSE,,,FALSE,,FALSE,,FALSE,,TRUE,,,,,,,,,,this,,this,this,this,this,this,this,this,this,this,this,,,,,this,Shuriken,,,Shuriken,,,???,???,,,???,???,??,,,???,???,???,,,???
FALSE,TRUE,Enemy,TRUE,TRUE,TRUE,TRUE,FALSE,TRUE,Koopaling Limit,Koopaling Limit,FALSE,TRUE,FALSE,TRUE,TRUE,FALSE,FALSE,,Dim light,FALSE,FALSE,FALSE,TRUE,TRUE,TRUE,Koopaling Limit,TRUE,,FALSE,,FALSE,,FALSE,,,,3,,,,,,this,this,this,this,this,this,this,this,this,this,this,this,this,this,this,this,,Larry,,,Larry,,,Larry,Larry,,,Larry,Larry,Larry,,,Ларри,ラリー,拉里,,,래리
FALSE,TRUE,,FALSE,FALSE,FALSE,FALSE,FALSE,FALSE,,,FALSE,FALSE,FALSE,FALSE,FALSE,FALSE,FALSE,,Full light,TRUE,NSMBU,FALSE,FALSE,FALSE,FALSE,,FALSE,,FALSE,,FALSE,,TRUE,Each one separated,,,,,,,,,this,this,this,this,this,this,this,this,this,this,this,this,this,this,this,this,,(Larry's Projectile),,,???,,,???,???,,,???,???,???,,,???,???,???,,,???
FALSE,TRUE,Enemy,TRUE,TRUE,TRUE,TRUE,FALSE,TRUE,Koopaling Limit,Koopaling Limit,FALSE,TRUE,FALSE,TRUE,TRUE,FALSE,FALSE,,Dim light,FALSE,FALSE,FALSE,TRUE,TRUE,TRUE,Koopaling Limit,TRUE,,FALSE,,FALSE,,FALSE,,,,3,,,,,,this,this,this,this,this,this,this,this,this,this,this,this,this,this,this,this,,Iggy,,,Iggy,,,Iggy,Iggy,,,Iggy,Iggy,Iggy,,,Игги,イギー,伊吉,,,이기
FALSE,TRUE,,FALSE,FALSE,FALSE,FALSE,FALSE,FALSE,,,FALSE,FALSE,FALSE,FALSE,FALSE,FALSE,FALSE,,Full light,TRUE,NSMBU,FALSE,FALSE,FALSE,FALSE,,FALSE,,FALSE,,FALSE,,FALSE,,,,,,,,,,this,this,this,this,this,this,this,this,this,this,this,this,this,this,this,this,,(Iggy's Projectile),,,???,,,???,???,,,???,???,???,,,???,???,???,,,???
FALSE,TRUE,Enemy,TRUE,TRUE,TRUE,TRUE,FALSE,TRUE,Koopaling Limit,Koopaling Limit,FALSE,TRUE,FALSE,TRUE,TRUE,FALSE,FALSE,,Dim light,FALSE,FALSE,FALSE,TRUE,TRUE,TRUE,Koopaling Limit,TRUE,,FALSE,,FALSE,,FALSE,,,,3,,,,,,this,this,this,this,this,this,this,this,this,this,this,this,this,this,this,this,,Wendy,,,Wendy,,,Wendy,Wendy,,,Wendy,Wendy,Wendy,,,Венди,ウェンディ,温缇,,,웬디
FALSE,TRUE,,FALSE,FALSE,FALSE,FALSE,FALSE,FALSE,,,FALSE,FALSE,FALSE,FALSE,FALSE,FALSE,FALSE,,Full light,TRUE,FALSE,FALSE,FALSE,FALSE,FALSE,,FALSE,,FALSE,,FALSE,,TRUE,Each one separated,,,,,,,,,this,this,this,this,this,this,this,this,this,this,this,this,this,this,this,this,,(Wendy's Ring),,,???,,,???,???,,,???,???,???,,,???,???,???,,,???
FALSE,TRUE,Enemy,TRUE,TRUE,TRUE,TRUE,FALSE,TRUE,Koopaling Limit,Koopaling Limit,FALSE,TRUE,FALSE,TRUE,TRUE,FALSE,FALSE,,Dim light,FALSE,FALSE,FALSE,TRUE,TRUE,TRUE,Koopaling Limit,TRUE,,FALSE,,FALSE,,FALSE,,,,3,,,,,,this,this,this,this,this,this,this,this,this,this,this,this,this,this,this,this,,Lemmy,,,Lemmy,,,Lemmy,Lemmy,,,Lemmy,Lemmy,Lemmy,,,Лемми,レミー,雷米,,,레미
FALSE,TRUE,,FALSE,FALSE,FALSE,FALSE,FALSE,FALSE,,,FALSE,FALSE,FALSE,FALSE,FALSE,FALSE,FALSE,,Dim light,FALSE,FALSE,FALSE,FALSE,FALSE,TRUE,,FALSE,,FALSE,,FALSE,,TRUE,Each one separated,,,,,,,,,this,this,this,this,this,this,this,this,this,this,this,this,this,this,this,this,,Koopa Ball,,,???,,,???,???,,,???,???,???,,,???,???,???,,,???
FALSE,TRUE,Enemy,TRUE,TRUE,TRUE,TRUE,FALSE,TRUE,Koopaling Limit,Koopaling Limit,FALSE,TRUE,FALSE,TRUE,TRUE,FALSE,FALSE,,Dim light,FALSE,FALSE,FALSE,TRUE,TRUE,TRUE,Koopaling Limit,TRUE,,FALSE,,FALSE,,FALSE,,,,3,,,,,,this,this,this,this,this,this,this,this,this,this,this,this,this,this,this,this,,Roy,,,Roy,,,Roy,Roy,,,Roy,Roy,Roy,,,Рой,ロイ,洛伊,,,로이
FALSE,TRUE,,FALSE,FALSE,FALSE,FALSE,FALSE,FALSE,,,FALSE,FALSE,FALSE,FALSE,FALSE,FALSE,FALSE,,Full light,TRUE,NSMBU,FALSE,FALSE,FALSE,FALSE,,FALSE,,FALSE,,FALSE,,TRUE,Each one separated,,,,,,,,,this,this,this,this,this,this,this,this,this,this,this,this,this,this,this,this,,(Roy's Projectile),,,???,,,???,???,,,???,???,???,,,???,???,???,,,???
FALSE,TRUE,Enemy,TRUE,TRUE,TRUE,TRUE,FALSE,TRUE,Koopaling Limit,Koopaling Limit,FALSE,TRUE,FALSE,TRUE,TRUE,FALSE,FALSE,,Dim light,FALSE,FALSE,FALSE,TRUE,TRUE,TRUE,Koopaling Limit,TRUE,,FALSE,,FALSE,,FALSE,,,,3,,,,,,this,this,this,this,this,this,this,this,this,this,this,this,this,this,this,this,,Morton,,,Morton,,,Morton,Morton,,,Morton,Morton,Morton,,,Мортон,モートン,莫顿,,,모톤
FALSE,TRUE,,FALSE,FALSE,FALSE,FALSE,FALSE,FALSE,,,FALSE,FALSE,FALSE,FALSE,FALSE,FALSE,FALSE,,Full light,TRUE,NSMBU,FALSE,FALSE,FALSE,FALSE,,FALSE,,FALSE,,FALSE,,TRUE,Each one separated,,,,,,,,,this,this,this,this,this,this,this,this,this,this,this,this,this,this,this,this,,(Morton's Thrown Projectile),,,???,,,???,???,,,???,???,???,,,???,???,???,,,???
FALSE,TRUE,,FALSE,FALSE,FALSE,FALSE,FALSE,FALSE,,,FALSE,FALSE,FALSE,FALSE,FALSE,FALSE,FALSE,,Full light,TRUE,NSMBU,FALSE,FALSE,FALSE,FALSE,,FALSE,,FALSE,,FALSE,,TRUE,Each one separated,,,,,,,,,this,this,this,this,this,this,this,this,this,this,this,this,this,this,this,this,,(Morton's Ground Projectile),,,???,,,???,???,,,???,???,???,,,???,???,???,,,???
FALSE,TRUE,Enemy,TRUE,TRUE,TRUE,TRUE,FALSE,TRUE,Koopaling Limit,Koopaling Limit,FALSE,TRUE,FALSE,TRUE,TRUE,FALSE,FALSE,,Dim light,FALSE,FALSE,FALSE,TRUE,TRUE,TRUE,Koopaling Limit,TRUE,,FALSE,,FALSE,,FALSE,,,,3,,,,,,this,this,this,this,this,this,this,this,this,this,this,this,this,this,this,this,,Ludwig,,,Ludwig,,,Ludwig,Ludwig,,,Ludwig,Ludwig,Ludwig,,,Людвиг,ルドウィッグ,洛德威格,,,루드윅
FALSE,TRUE,,FALSE,FALSE,FALSE,FALSE,FALSE,FALSE,,,FALSE,FALSE,FALSE,FALSE,FALSE,FALSE,FALSE,,Full light,TRUE,NSMBU,FALSE,FALSE,FALSE,FALSE,,FALSE,,FALSE,,FALSE,,TRUE,Each one separated,,,,,,,,,this,this,this,this,this,this,this,this,this,this,this,this,this,this,this,this,,(Ludwig's Projectile),,,???,,,???,???,,,???,???,???,,,???,???,???,,,???
FALSE,TRUE,Enemy,FALSE,FALSE,FALSE,TRUE,FALSE,FALSE,,,FALSE,FALSE,FALSE,FALSE,FALSE,FALSE,FALSE,,,,TRUE,FALSE,FALSE,FALSE,FALSE,Angry Sun / Moon Limit,TRUE,,FALSE,,FALSE,,FALSE,,,,3,,,,,,this,Moon,this,this,this,this,this,this,this,this,this,this,this,this,this,this,,Angry Sun,,,Soleil,,,Sonne,Sol,,,Sole malvagio,Boze zon,Sol Furioso,,,Злое солнце,太陽,,太阳,太陽,태양
FALSE,TRUE,Enemy,FALSE,FALSE,FALSE,TRUE,FALSE,FALSE,,,FALSE,FALSE,FALSE,FALSE,FALSE,FALSE,FALSE,,Full light,TRUE,FALSE,FALSE,FALSE,FALSE,FALSE,Angry Sun / Moon Limit,TRUE,,FALSE,,FALSE,,FALSE,,,,3,,,,,,Angry Sun,this,this,this,this,this,this,this,this,this,this,this,this,this,this,this,,Moon,,,Lune,,,Mond,Luna,,,Luna,,,,,,月,月亮,,,
FALSE,TRUE,Enemy,FALSE,FALSE,FALSE,FALSE,FALSE,FALSE,,,FALSE,FALSE,FALSE,FALSE,FALSE,FALSE,FALSE,FALSE,,FALSE,FALSE,FALSE,FALSE,FALSE,FALSE,General Entity Limit,TRUE,,FALSE,,FALSE,,FALSE,,,,3,,,,,,this,this,this,this,this,this,this,this,this,this,this,this,this,this,this,this,this,Twister,,,Tourbillon,,,Wirbelwind,Torbellino,,,Mulinello d'aria,Twister,Tornado,,,Вихрь,たつまき,,龙卷风,龍捲風,
TRUE,TRUE,Gizmo,FALSE,FALSE,FALSE,FALSE,FALSE,FALSE,,,FALSE,FALSE,FALSE,FALSE,FALSE,FALSE,FALSE,,,FALSE,FALSE,FALSE,FALSE,FALSE,FALSE,One-Way Wall / Arrow Sign / Dash Block Limit,TRUE,,TRUE,,FALSE,,FALSE,,,,,,,,,,this,this,this,this,this,this,this,this,this,this,this,this,this,this,this,this,,One-Way Wall,,,Mur à sens unique,,,Einbahnwand,Muro unidireccional,,,Muro a senso unico,Eenrichtingsmuur,,,,Стена невозврата,一方通行カベ,,单面通行墙,單面通行牆,
TRUE,TRUE,Gizmo,FALSE,FALSE,FALSE,FALSE,TRUE,,,,FALSE,FALSE,FALSE,FALSE,FALSE,FALSE,FALSE,,,FALSE,FALSE,FALSE,FALSE,FALSE,FALSE,Track Limit,FALSE,,FALSE,,FALSE,,FALSE,,,,,,,,,,this,this,this,this,this,this,this,this,this,this,this,this,this,this,this,this,,Track,,,Rail,,,Förderband,Riel,,,Binario,Rail,Faixa,,,Рельс,レール,,轨道,軌道,
TRUE,TRUE,Gizmo,FALSE,FALSE,FALSE,FALSE,FALSE,FALSE,,,FALSE,FALSE,FALSE,FALSE,FALSE,FALSE,TRUE,,,FALSE,FALSE,FALSE,FALSE,FALSE,FALSE,Other Ground + Vine Limit,FALSE,,FALSE,,FALSE,,FALSE,,Grown Vine Limit,,,,,,,,this,this,this,this,this,this,this,this,this,this,this,this,this,this,this,this,Tree,Vine,,,Vigne,,,Ranke,Enredadera,,,Viticcio,Slingerplant,,,,Лоза,つる,藤蔓,,,콩나무
FALSE,TRUE,Gizmo,FALSE,FALSE,FALSE,FALSE,FALSE,,,,FALSE,,,,,FALSE,FALSE,FALSE,,,FALSE,FALSE,FALSE,FALSE,,General Entity Limit,TRUE,,FALSE,,FALSE,,FALSE,,,,,,,,,,this,,this,this,this,this,this,this,this,this,this,this,Vine,Vine,Vine,Vine,this,Tree,,,Arbre,,,Baum,Árbol,,,Albero,Boom,,,,дерево,木,,树,樹,
TRUE,TRUE,Gizmo,FALSE,FALSE,FALSE,FALSE,FALSE,FALSE,,,FALSE,FALSE,FALSE,FALSE,FALSE,FALSE,FALSE,FALSE,Dim light,FALSE,FALSE,FALSE,FALSE,FALSE,FALSE,One-Way Wall / Arrow Sign / Dash Block Limit,FALSE,,FALSE,,FALSE,,FALSE,,,,,,,,,,this,this,this,this,this,this,this,this,this,this,this,this,this,this,this,this,this,Arrow Sign,,,Flèche,,,Wegweiser,Flecha,,,Freccia,Wegwijzer,,,,Указатель,矢印マーク,,箭头符号,箭頭符號,
TRUE,TRUE,Gizmo,FALSE,FALSE,FALSE,FALSE,FALSE,FALSE,,,FALSE,FALSE,FALSE,FALSE,FALSE,FALSE,FALSE,FALSE,Full light,FALSE,FALSE,FALSE,FALSE,FALSE,FALSE,Checkpoint Limit,FALSE,,FALSE,,FALSE,,FALSE,,,,,,,,,,this,this,this,this,this,this,this,this,this,this,this,this,this,this,this,this,this,Checkpoint Flag,,,Drapeau relais,,,Rücksetzpunkt,Banderín de etapa,,,Punto intermedio,Halverwegepunt,,Bandeirinha,Ponto de Controlo,Контрольный флаг,中間ポイント,,中间点,中間點,
FALSE,TRUE,Gizmo,FALSE,FALSE,FALSE,FALSE,FALSE,,,,FALSE,,,,,FALSE,FALSE,FALSE,,,FALSE,FALSE,FALSE,FALSE,,One-Way Wall / Arrow Sign / Dash Block Limit,TRUE,,TRUE,,FALSE,,FALSE,,,,,,,,,,this,,this,this,this,this,this,this,this,this,this,this,,,,,this,Dash Block,,,Bloc turbo,,,Sprint-Block,Bloque turbo.,,,Blocco scatto,,Bloco turbo,,,,ダッシュブロック,,冲刺砖块,衝刺磚塊,
FALSE,TRUE,Gizmo,FALSE,FALSE,FALSE,FALSE,FALSE,FALSE,,,FALSE,FALSE,FALSE,FALSE,FALSE,FALSE,FALSE,FALSE,Full light,FALSE,FALSE,FALSE,FALSE,TRUE,FALSE,Snake Block Limit,TRUE,,FALSE,,FALSE,,FALSE,,,,Variable,,,,,,this,this,this,this,this,this,this,this,this,this,this,this,this,this,this,this,this,Snake Block,,,Bloc serpent,,,Schangenblock,Bloque serpiente,,,Blocco serpentino,Slangenblok,Bloco serpente,,,Блок-змейка,スネークブロック,,蛇砖块,蛇磚塊,스네이크블록
FALSE,TRUE,Gizmo,FALSE,FALSE,FALSE,FALSE,FALSE,FALSE,,,FALSE,FALSE,FALSE,FALSE,FALSE,FALSE,FALSE,FALSE,Full light,FALSE,FALSE,FALSE,FALSE,TRUE,FALSE,Snake Block Limit,TRUE,,FALSE,,FALSE,,FALSE,,,,Variable,,,,,,this,this,this,this,this,this,this,this,this,this,this,this,this,this,this,this,this,Fast Snake Block,,,Bloc serpent rapide,,,Schneller Schangenblock,Bloque serpiente rápido,,,Blocco serpentino veloce,Snel slangenblok,,,,,こうそくスネークブロック,,高速蛇砖块,高速蛇磚塊,
TRUE,TRUE,Gizmo,FALSE,FALSE,FALSE,FALSE,TRUE,FALSE,,,FALSE,FALSE,FALSE,FALSE,FALSE,FALSE,FALSE,FALSE,,FALSE,FALSE,FALSE,FALSE,FALSE,FALSE,Block Limit,FALSE,,FALSE,,FALSE,,FALSE,,,,,,,,,,this,this,this,this,this,this,this,this,this,this,this,this,this,this,this,this,this,Conveyor Belt,,,Tapis roulant,,,Förderband,Cinta transportadora,,,Nastro trasportatore,Lopende band,Tapete rolante,,,Конвейер,ベルトコンベア,,传送带,傳送帶,
TRUE,TRUE,Gizmo,FALSE,FALSE,FALSE,FALSE,TRUE,FALSE,,,FALSE,FALSE,FALSE,FALSE,FALSE,FALSE,FALSE,FALSE,,FALSE,FALSE,FALSE,FALSE,FALSE,FALSE,Block Limit,FALSE,,FALSE,,FALSE,,FALSE,,,,,,,,,,this,this,this,this,this,this,this,this,this,this,this,this,this,this,this,this,this,Fast Conveyor Belt,,,Tapis roulant rapide,,,Schnelles Förderband,Cinta transportadora rapída,,,Nastro trasportatore veloce,,,,,,こうそくベルトコンベア,,高速传送带,高速傳送帶,
FALSE,TRUE,Gizmo,FALSE,FALSE,FALSE,FALSE,FALSE,,,,FALSE,,,,,FALSE,FALSE,FALSE,,,FALSE,FALSE,FALSE,FALSE,,General Entity Limit,TRUE,,FALSE,,FALSE,,FALSE,,,,,,,,,,this,,this,this,this,this,this,this,this,this,this,this,,,,,this,Mushroom Trampoline,,,Trampignon,,,Pilztrampolin,Trampolín champiñón,,,Trampolino fungo,Paddenstoeltrampoline,,,,Грибной трамплин,キノコトランポリン,蘑菇跳跳床,,,
FALSE,TRUE,Gizmo,FALSE,FALSE,FALSE,FALSE,TRUE,,,,FALSE,,,,,FALSE,FALSE,FALSE,,,FALSE,FALSE,FALSE,FALSE,,General Entity Limit,TRUE,,FALSE,,FALSE,,FALSE,,,,,,,,,,this,,this,this,this,this,this,this,this,this,this,this,,,,,this,ON/OFF Trampoline,,,Trampoline ON/OFF,,,EIN/AUS-Trampolin,Trampolín ON/OFF,,,Trampilino ON/OFF,,Trampolim cogumelo,,,Пунктирный блок,スイッチトランポリン,,开关跳跳床,開關跳跳床,
TRUE,TRUE,Gizmo,FALSE,FALSE,FALSE,FALSE,FALSE,TRUE,General Entity Limit,General Entity Limit,FALSE,FALSE,FALSE,FALSE,FALSE,FALSE,FALSE,,,FALSE,FALSE,FALSE,FALSE,FALSE,FALSE,General Entity Limit,TRUE,,FALSE,,FALSE,,FALSE,,,,Variable,,,,,,this,this,this,this,this,this,this,this,this,this,this,this,this,this,this,this,Cloud Lift,Lift,,,Platforme,,,Plattform,Plataforma móvil,,,Piattaforma,,,,,Платформа,リフト,升降台,,,
TRUE,TRUE,Gizmo,FALSE,FALSE,FALSE,FALSE,FALSE,TRUE,General Entity Limit,General Entity Limit,FALSE,FALSE,FALSE,FALSE,FALSE,FALSE,FALSE,,,FALSE,FALSE,FALSE,FALSE,FALSE,FALSE,General Entity Limit,TRUE,,FALSE,,FALSE,,FALSE,,,,Variable,,,,,,this,this,this,this,this,this,this,this,this,this,this,this,this,this,this,this,,Flimsy Lift,,,Platforme fragile,,,Fallende Plattform,Plataforma inestable,,,Piattaforma instabile,,,,,,落ちるリフト,掉落台,,,
FALSE,TRUE,Gizmo,FALSE,FALSE,FALSE,FALSE,FALSE,,,,FALSE,,,,,FALSE,FALSE,FALSE,,,FALSE,FALSE,FALSE,FALSE,,General Entity Limit,FALSE,,FALSE,,FALSE,,FALSE,,,,,,,,,,this,,this,this,this,this,this,this,this,this,this,this,Lift,Lift,Lift,Lift,this,Cloud Lift,,,Ascenseur nuage,,,Wolkenfloß,Nube taxi,,,Zattera di nuvolo,,,,,,雲リフト,,云台,雲台,
FALSE,TRUE,Gizmo,FALSE,FALSE,FALSE,FALSE,FALSE,TRUE,General Entity Limit,General Entity Limit,FALSE,FALSE,FALSE,FALSE,FALSE,FALSE,FALSE,,,FALSE,FALSE,FALSE,FALSE,FALSE,FALSE,General Entity Limit,FALSE,,FALSE,,FALSE,,FALSE,,,,11,,,,,,this,this,this,this,this,this,this,this,this,this,this,this,this,this,this,this,,Seesaw,,,Bascule,,,Wippe,,Subibaja,Balancín,Altalena basculante,Wipplank,Balancé,,,Качалка,シーソー,,跷跷板,蹺蹺板,
TRUE,TRUE,Gizmo,FALSE,FALSE,FALSE,FALSE,FALSE,TRUE,General Entity Limit,General Entity Limit,FALSE,FALSE,FALSE,FALSE,FALSE,FALSE,FALSE,,Full light,FALSE,FALSE,FALSE,FALSE,FALSE,FALSE,General Entity Limit,FALSE,,FALSE,,FALSE,,FALSE,,,,5,,,,,,this,this,this,this,this,this,this,this,this,this,this,this,this,this,this,this,,Lava Lift,,,Platforme magma,,,Lavaplattform,Platforma lava,,,Piattaforma di lava,Lavaplatform,,,,,溶岩リフト,熔岩台,,,
TRUE,TRUE,Gizmo,FALSE,FALSE,FALSE,FALSE,FALSE,TRUE,General Entity Limit,General Entity Limit,FALSE,FALSE,FALSE,FALSE,FALSE,FALSE,FALSE,,Full light,FALSE,FALSE,FALSE,FALSE,FALSE,FALSE,General Entity Limit,FALSE,,FALSE,,FALSE,,FALSE,,,,5,,,,,,this,this,this,this,this,this,this,this,this,this,this,this,this,this,this,this,,Fast Lava Lift,,,Platforme magma rapide,,,Schnelle Lavaplattform,Platforma lava rápida,,,Piattaforma di lava veloce,,,,,,こうそく溶岩リフト,高速熔岩台,,,
FALSE,TRUE,Gizmo,FALSE,FALSE,FALSE,TRUE,FALSE,,,,FALSE,,,,,FALSE,FALSE,FALSE,,,FALSE,FALSE,FALSE,FALSE,,General Entity Limit,TRUE,,FALSE,,FALSE,,FALSE,,,,,,,,,,this,,this,this,this,this,this,this,this,this,this,this,,,,,this,Crate,,,Caisse,,,Holzkiste,Caja de madera,,,Cassa di legno,Kist,Caixote,,,Ящик,木箱,木箱,,,
TRUE,TRUE,Gizmo,FALSE,FALSE,FALSE,,FALSE,FALSE,,,FALSE,FALSE,FALSE,FALSE,FALSE,FALSE,FALSE,FALSE,,FALSE,FALSE,FALSE,FALSE,FALSE,FALSE,General Entity Limit,TRUE,,FALSE,,FALSE,,FALSE,,Key Limit,,11,,,,,,this,this,this,this,this,this,this,this,this,this,this,this,this,this,this,this,this,Key,,,Clé,,,Schulüssel,Llave,,,Chiave,Sleutel,Chave,,,Ключ,カギ,,钥匙,鑰匙,키
FALSE,TRUE,Gizmo,FALSE,FALSE,FALSE,,FALSE,FALSE,,,FALSE,FALSE,FALSE,FALSE,FALSE,FALSE,FALSE,,,FALSE,FALSE,FALSE,FALSE,FALSE,FALSE,General Entity Limit,TRUE,,FALSE,,FALSE,,FALSE,,Key Limit,,11,,,,,,this,this,this,this,this,this,this,this,this,this,this,this,this,Key,Key,Key,Key,Cursed Key,,,Clé maudite,,,Verfluchter Schlüssel,Llave embrujada,,,Chiave maledetta,,,,,,のろわれたカギ,,受诅咒的钥匙,受詛咒的鑰匙,
FALSE,TRUE,,FALSE,FALSE,FALSE,FALSE,FALSE,FALSE,,,FALSE,FALSE,FALSE,FALSE,FALSE,FALSE,FALSE,FALSE,Full light,TRUE,FALSE,FALSE,FALSE,FALSE,FALSE,,TRUE,Can overfill the limit,FALSE,,FALSE,,?,,Phanto Limit,,,,,,,,this,this,this,this,this,this,this,this,this,this,this,this,this,,,,,Phanto,,,Phanto,,,???,Fantasmáscara,,,"Spettrino
Spiritello",???,???,,,???,カメーン,卡面,,,???
TRUE,TRUE,Gizmo,FALSE,TRUE,TRUE,FALSE,FALSE,TRUE,General Entity Limit,?,FALSE,TRUE,TRUE,TRUE,TRUE,TRUE,TRUE,FALSE,Dim light,FALSE,FALSE,FALSE,FALSE,FALSE,TRUE,General Entity Limit,TRUE,,FALSE,,FALSE,,FALSE,,,,3,,,,,,this,this,this,this,this,this,this,this,this,this,this,this,this,this,this,this,this,Trampoline,,,Trampoline,,,Trampolin,Trampolín,,,Trampolino,Trampoline,Plataforma de Salto,,,,ジャンプ台,跳台,,,스프링
FALSE,TRUE,Enemy,TRUE,TRUE,TRUE,TRUE,FALSE,,,,FALSE,,,,,TRUE,TRUE,FALSE,,,FALSE,FALSE,FALSE,FALSE,,General Entity Limit,TRUE,,FALSE,,FALSE,,FALSE,,,,,,,,,,this,,this,this,this,this,this,this,this,this,this,this,,,,,this,Hop-Chops,,,Clip Hop,,,Schnappolin,Ñampolín,,,Bionbion,Hop-Chops,,,,Прыг-ням,ホッパー,,跳跳机,跳跳機,뛰용뛰용
TRUE,TRUE,Gizmo,FALSE,TRUE,TRUE,FALSE,FALSE,TRUE,General Entity Limit,?,FALSE,TRUE,TRUE,TRUE,TRUE,TRUE,TRUE,FALSE,Full light,TRUE,FALSE,FALSE,FALSE,FALSE,TRUE,General Entity Limit,TRUE,,FALSE,,FALSE,,FALSE,,,,3,,,,,,this,this,this,this,this,this,this,this,this,this,this,this,this,this,this,this,this,POW Block,,,Bloc POW,,,POW-Block,Bloque POW,,,Blocco POW,POW-blok,Bloco POW,,,Блок «POW»,POWブロック,,POW砖块,POW磚塊,POW블록
FALSE,TRUE,Gizmo,FALSE,TRUE,TRUE,FALSE,FALSE,,,,FALSE,,,,,TRUE,TRUE,FALSE,,,FALSE,FALSE,FALSE,FALSE,FALSE,General Entity Limit,TRUE,,FALSE,,FALSE,,FALSE,,,,3,,,,,,this,,this,this,this,this,this,this,this,this,this,this,POW Block,POW Block,POW Block,POW Block,this,Red POW Block,,,Bloc POW rouge,,,Roter POW-Block,Bloque POW rojo,,,Blocco POW rosso,,,,,,あかPOWブロック,,红色POW砖块,紅色POW磚塊,
TRUE,TRUE,Gizmo,FALSE,TRUE,TRUE,FALSE,FALSE,TRUE,General Entity Limit,?,FALSE,TRUE,TRUE,TRUE,TRUE,TRUE,TRUE,FALSE,Full light,TRUE,FALSE,FALSE,FALSE,FALSE,TRUE,General Entity Limit,TRUE,,FALSE,,FALSE,,FALSE,,,,3,,,,,,this,this,this,this,this,this,this,this,this,this,this,this,this,this,this,this,this,P-switch,,,Interrupteur P,,,P-Schalter,Interruptor P,,,Interruttore P,P-schakelaar,Interruptor P,,,Переключатель «P»,Pスイッチ,,P开关,P開關,
FALSE,TRUE,,TRUE,?,?,FALSE,FALSE,?,,,TRUE,TRUE,?,?,TRUE,TRUE,TRUE,FALSE,?,FALSE,FALSE,FALSE,FALSE,FALSE,?,?,FALSE,,FALSE,,FALSE,,FALSE,,?,,,,,,,,this,this,this,this,this,this,this,this,this,this,this,this,this,this,this,this,this,Stone,,,Pierre,,,Steinquader,Adoquín,,,Pietra,Steen,Bloco carril,,,Камень,石材,石材,,,
TRUE,TRUE,Gizmo,FALSE,FALSE,FALSE,FALSE,FALSE,FALSE,,,FALSE,FALSE,FALSE,FALSE,FALSE,FALSE,FALSE,FALSE,,FALSE,FALSE,FALSE,FALSE,FALSE,FALSE,Warp Door Limit,TRUE,,FALSE,,FALSE,,FALSE,,,,11,,14,,,,this,this,this,this,this,this,this,this,this,this,this,this,this,this,this,this,this,Warp Door,,,Télé-porte,,,Warp-Tür,Puerta de teletransporte,,,Porta teletrasporto,Warpdeur,,,,Дверь-телепорт,ドア,,门,門,
TRUE,TRUE,Gizmo,FALSE,FALSE,FALSE,FALSE,FALSE,FALSE,,,FALSE,FALSE,FALSE,FALSE,FALSE,FALSE,FALSE,FALSE,,FALSE,FALSE,FALSE,FALSE,FALSE,FALSE,Warp Door Limit,TRUE,,FALSE,,FALSE,,FALSE,,,,11,,14,,,,this,this,this,this,this,this,this,this,this,this,this,this,this,this,this,this,this,P-Warp Door,,,Télé-porte P,,,P-Warp-Tür,Puerta de teletransporte P,,,Porta teletrasporto P,P-warpdeur,,,,Дверь-телепорт «P»,Pドア,,P门,P門,
TRUE,TRUE,Gizmo,FALSE,FALSE,FALSE,FALSE,FALSE,FALSE,,,FALSE,FALSE,FALSE,FALSE,FALSE,FALSE,FALSE,FALSE,,FALSE,FALSE,FALSE,FALSE,FALSE,FALSE,Warp Door Limit,TRUE,,FALSE,,FALSE,,FALSE,,,,11,,14,,,,this,this,this,this,this,this,this,this,this,this,this,this,this,this,this,this,this,Key Door,,,Porte verrouillée,,,Schulüsseltür,Puerta cerrada con llave,,,Porta chiusa a chiave,Gesloten deur,Porta fechada à chave,,,Запертая дверь,カギドア,,上锁门,上鎖門,
FALSE,TRUE,Gizmo,FALSE,FALSE,FALSE,FALSE,FALSE,,,,FALSE,,,,,FALSE,FALSE,FALSE,,,FALSE,FALSE,FALSE,FALSE,,Warp Box Limit,TRUE,,TRUE,,FALSE,,FALSE,,,,,,,,,,this,,this,this,this,this,this,this,this,this,this,this,,,,,this,Warp Box,,,Boîte de téléportation,,,Warp-Box,Caja teletransporte,,,Cubo teletrasporto,Warpdoos,Caixa viajante,,,Ящик-телепорт,ワープボックス,,传送箱,傳送箱,
FALSE,TRUE,Gizmo,FALSE,FALSE,FALSE,FALSE,FALSE,,,,FALSE,,,,,FALSE,FALSE,FALSE,,,FALSE,FALSE,FALSE,FALSE,,Warp Box Limit,TRUE,,TRUE,,FALSE,,FALSE,,,,,,,,,,this,,this,this,this,this,this,this,this,this,this,this,,,,,this,Warp Box (With Key),,,Boîte de téléportation à clé,,,Schlüssel-Warp-Box,Caja teletransporte cerrada con llave,,,Cubo teletrasporto con chiave,,,,,,カギつきワープボックス,,上锁传送箱,上鎖傳送箱,