isInSuperMarioMaker1,isInSuperMarioMaker2,isInSuperMarioBros,isInSuperMarioBros3,isInSuperMarioWorld,isInNewSuperMarioBrosU,isInSuperMario3DWorld,isInDayTheme,isInNightTheme,categoryInTheEditor,hasAMushroomVariant,canBeInAParachute,canHaveWings,canContainOrSpawnAKey,canBePutInAOnOffBlock,canBePutOnATrack,editorLimit_canBePutOnATrack,whilePlaying_canBePutOnATrack,canSpawnOutOfAPipe,canBePutInASwingingClaw,canBeThrownByALakitu,canBePutInALakituCloud,canBePutInAClownCar,canBeFiredOutOfABulletLauncher,canBePutInABlock,canBePutInATree,lightSourceEmitted,lightSourceEmitted_isInSMB,canIgniteABobOmb,canGoThroughWalls,canBeStacked,isGlobalGroundOrGlobal,canMakeASoundOutOfAMusicBlock,editorLimit,whilePlaying_isInGEL,whilePlaying_isInGEL_isSuperGlobal,whilePlaying_isInPEL,whilePlaying_isInPJL,whilePlaying_customLimit,whilePlaying_offscreenSpawningHorizontalRange,whilePlaying_offscreenDespawningHorizontalRange,whilePlaying_offscreenSpawningUpwardVerticalRange,whilePlaying_offscreenDespawningUpwardVerticalRange,whilePlaying_offscreenDownwardVerticalRange,whilePlaying_offscreenDownwardVerticalRange,inInDayTheme,inInNightTheme,inGroundTheme,inUndergroundTheme,inUnderwaterTheme,inDesertTheme,inSnowTheme,inSkyTheme,inForestTheme,inGhostHouseTheme,inAirshipTheme,inCastleTheme,inSMBGameStyle,inSMB3GameStyle,inSMWGameStyle,inNSMBUGameStyle,inSM3DWGameStyle,japanese,english,americanEnglish,europeanEnglish,spanish,americanSpanish,europeanSpanish,french,canadianFrench,europeanFrench,dutch,german,italian,russian,korean,chinese,simplifiedChinese,traditionalChinese
TRUE,TRUE,TRUE,TRUE,TRUE,TRUE,TRUE,TRUE,TRUE,Terrain,FALSE,FALSE,FALSE,FALSE,FALSE,FALSE,,,FALSE,FALSE,FALSE,FALSE,FALSE,FALSE,FALSE,FALSE,,FALSE,FALSE,FALSE,FALSE,FALSE,FALSE,Ground Limit 1,FALSE,FALSE,FALSE,FALSE,,,,,,,,this,this,this,this,this,this,this,this,this,this,this,this,this,this,this,this,this,,Ground,,,Suelo,,,Sol,,,,Boden,Terra,,,,,
FALSE,TRUE,TRUE,TRUE,TRUE,TRUE,TRUE,TRUE,TRUE,Terrain,FALSE,FALSE,FALSE,FALSE,FALSE,FALSE,,,FALSE,FALSE,FALSE,FALSE,FALSE,FALSE,FALSE,FALSE,,FALSE,FALSE,FALSE,FALSE,FALSE,FALSE,Ground Limit 2,FALSE,FALSE,FALSE,FALSE,,,,,,,,this,this,this,this,this,this,this,this,this,this,this,this,this,this,this,this,this,,Steep Slope,,,Pendiente abrupta,,,Pente abrupte,,,,Steiler Abhang,Salita ripida,,,,,
FALSE,TRUE,TRUE,TRUE,TRUE,TRUE,TRUE,TRUE,TRUE,Terrain,FALSE,FALSE,FALSE,FALSE,FALSE,FALSE,,,FALSE,FALSE,FALSE,FALSE,FALSE,FALSE,FALSE,FALSE,,FALSE,FALSE,FALSE,FALSE,FALSE,FALSE,Ground Limit 2,FALSE,FALSE,FALSE,FALSE,,,,,,,,this,this,this,this,this,this,this,this,this,this,this,this,this,this,this,this,this,,Gentle Slope,,,Pendiente suave,,,Pente douce,,,,Stanfter Abhang,Salita poco ripida,,,,,
TRUE,TRUE,TRUE,TRUE,TRUE,TRUE,TRUE,TRUE,TRUE,Terrain,FALSE,FALSE,FALSE,FALSE,FALSE,FALSE,,,,FALSE,FALSE,FALSE,FALSE,FALSE,FALSE,FALSE,,FALSE,FALSE,FALSE,FALSE,FALSE,FALSE,Ground Limit 2,FALSE,FALSE,FALSE,FALSE,,,,,,,,this,this,this,this,this,this,this,this,this,this,this,this,this,this,this,this,this,,Pipe,,,Tuberia,,,Tuyau,,,,Röhre,Tobo,,,,,
FALSE,TRUE,FALSE,FALSE,FALSE,FALSE,TRUE,TRUE,FALSE,Terrain,FALSE,FALSE,FALSE,FALSE,FALSE,,,,,,,,,FALSE,FALSE,FALSE,,,FALSE,FALSE,FALSE,FALSE,,Clear pipe Limit,FALSE,FALSE,FALSE,FALSE,Clear Pipe Limit,,,,,,,this,,this,this,this,this,this,this,this,this,this,this,,,,,this,,Clear pipe,,,Tubería transparente,,,Tuyau transparent,,,,Glasröhre,Tubo transparente,,,,,
TRUE,TRUE,TRUE,TRUE,TRUE,TRUE,FALSE,TRUE,TRUE,Terrain,FALSE,FALSE,FALSE,FALSE,FALSE,FALSE,,,FALSE,FALSE,FALSE,FALSE,FALSE,FALSE,FALSE,,,FALSE,FALSE,FALSE,FALSE,FALSE,FALSE,Other Ground + Vine Limit,FALSE,FALSE,FALSE,FALSE,,,,,,,,this,this,this,this,Jelectros / Sea Urchins,this,this,this,this,this,this,this,this,this,this,this,,,Spike Trap,,,Bola de picos,,,Boule à pics,,,,Stacheln,Spuntoni,,,,,
TRUE,TRUE,FALSE,TRUE,FALSE,FALSE,FALSE,TRUE,TRUE,Terrain,FALSE,FALSE,FALSE,FALSE,FALSE,FALSE,,,FALSE,FALSE,FALSE,FALSE,FALSE,FALSE,FALSE,,,FALSE,FALSE,FALSE,FALSE,FALSE,FALSE,Other Ground + Vine Limit,FALSE,FALSE,FALSE,FALSE,,,,,,,,Spike Trap,this / Spike Trap,Spike Trap,Spike Trap,this,Spike Trap,Spike Trap,Spike Trap,this,Spike Trap,Spike Trap,Spike Trap,Spike Trap,this,Spike Trap,Spike Trap,,しびれくらげ,Jelectros,,,,,,Médusélectrique,,,Quallektro,,Elettromedusa,,찌릿해파리,,,
TRUE,TRUE,FALSE,FALSE,TRUE,FALSE,FALSE,TRUE,TRUE,Terrain,FALSE,FALSE,FALSE,FALSE,FALSE,FALSE,,,FALSE,FALSE,FALSE,FALSE,FALSE,FALSE,FALSE,,,FALSE,FALSE,FALSE,FALSE,FALSE,FALSE,Other Ground + Vine Limit,FALSE,FALSE,FALSE,FALSE,,,,,,,,Spike Trap,this / Jelectros,Spike Trap,Spike Trap,this,Spike Trap,Spike Trap,Spike Trap,this,Spike Trap,Spike Trap,Spike Trap,Spike Trap,Spike Trap,this,Spike Trap,,,Sea Urchins,,,,,,?,,,Stacheln,,Riccio di mare,,,,,
FALSE,TRUE,FALSE,FALSE,FALSE,FALSE,TRUE,TRUE,FALSE,Gizmo,FALSE,FALSE,FALSE,FALSE,TRUE,FALSE,,,FALSE,,,,,FALSE,FALSE,FALSE,,FALSE,FALSE,FALSE,FALSE,FALSE,,Other Ground + Vine Limit,FALSE,FALSE,FALSE,FALSE,,,,,,,,this,,this,this,this,this,this,this,this,this,this,this,,,,,this,,Spike Block,,,Bloque de picos,,,Bloc à épines,,,,Stachelblock,Blocco spinoso,,,,,
TRUE,TRUE,TRUE,TRUE,TRUE,TRUE,FALSE,TRUE,TRUE,Terrain,FALSE,FALSE,FALSE,FALSE,FALSE,FALSE,,,FALSE,FALSE,FALSE,FALSE,FALSE,FALSE,FALSE,FALSE,,FALSE,FALSE,FALSE,FALSE,FALSE,FALSE,Ground Limit 2,FALSE,FALSE,FALSE,FALSE,,,,,,,,this,this,this,this,this,this,this,this,this,this,this,this,this,this,this,this,,,Mushroom Platform,,,Plataforma champiñón,,,Platforme champignon,,,,Pilzplattform,Piattaforma fungo,,,,,
TRUE,TRUE,TRUE,TRUE,TRUE,TRUE,TRUE,TRUE,TRUE,Terrain,FALSE,FALSE,FALSE,FALSE,FALSE,FALSE,,,FALSE,FALSE,FALSE,FALSE,FALSE,FALSE,FALSE,FALSE,,FALSE,FALSE,FALSE,FALSE,FALSE,FALSE,Ground Limit 2,FALSE,FALSE,FALSE,FALSE,,,,,,,,this,this,this,this,this,this,this,this,this,this,this,this,this,this,this,this,this,,Semi-solid Platform,,,Plataforma flotante,,,Platforme semi-solide,,,,Hintergrund-Plattform,Piattaforma fluttante,,,,,
TRUE,TRUE,TRUE,TRUE,TRUE,TRUE,FALSE,TRUE,TRUE,Terrain,FALSE,FALSE,FALSE,FALSE,FALSE,,,,FALSE,,,,,FALSE,FALSE,,,FALSE,FALSE,FALSE,FALSE,FALSE,,Ground Limit 2,FALSE,FALSE,FALSE,FALSE,,,,,,,,this,this,this,this,this,this,this,this,this,this,this,this,this,this,this,this,,,Bridge,,,Puente,,,Pont,,,,Brücke,Ponte,,,,,
TRUE,TRUE,TRUE,FALSE,TRUE,TRUE,TRUE,TRUE,TRUE,Terrain,FALSE,FALSE,TRUE,TRUE,FALSE,TRUE,GEL (ELB),GEL (ELB),FALSE,FALSE,FALSE,FALSE,FALSE,FALSE,FALSE,FALSE,,FALSE,FALSE,FALSE,FALSE,FALSE,FALSE,Other Ground + Vine Limit,FALSE,FALSE,FALSE,FALSE,,,,,,,,this,this,this,this,this,this,this,this,this,this,this,this,this,"Block
(Rotating Block)",this,this,this,,"Block
(Brick Block)",,,,,,"Bloc
(Bloc de brique)",,,,"Block
(Mauerblock)","Blocco
(Blocco mattone)",,,,,
FALSE,TRUE,FALSE,FALSE,FALSE,FALSE,TRUE,TRUE,FALSE,Terrain,FALSE,FALSE,TRUE,TRUE,FALSE,TRUE,GEL (ELB),GEL (ELB),FALSE,FALSE,FALSE,FALSE,FALSE,FALSE,FALSE,FALSE,,FALSE,FALSE,FALSE,FALSE,FALSE,FALSE,Other Ground + Vine Limit,FALSE,FALSE,FALSE,FALSE,,,,,,,,this,,"Block
(Brick Block) / Block
(Rotating Block)",this,"Block
(Brick Block) / Block
(Rotating Block)","Block
(Brick Block) / Block
(Rotating Block)","Block
(Brick Block) / Block
(Rotating Block)","Block
(Brick Block) / Block
(Rotating Block)",this,"Block
(Brick Block) / Block
(Rotating Block)","Block
(Brick Block) / Block
(Rotating Block)","Block
(Brick Block) / Block
(Rotating Block)","Block
(Brick Block) / Block
(Rotating Block)","Block
(Brick Block) / Block
(Rotating Block)","Block
(Brick Block) / Block
(Rotating Block)","Block
(Brick Block) / Block
(Rotating Block)",this,,"Block
(Cristal Block)",,,,,,"Bloc
(Bloc de cristal)",,,,,,,,,,
TRUE,TRUE,FALSE,TRUE,FALSE,FALSE,FALSE,TRUE,TRUE,Terrain,FALSE,FALSE,TRUE,TRUE,FALSE,TRUE,GEL (ELB),GEL (ELB),FALSE,FALSE,FALSE,FALSE,FALSE,FALSE,FALSE,FALSE,,FALSE,FALSE,FALSE,FALSE,FALSE,FALSE,Other Ground + Vine Limit,FALSE,FALSE,FALSE,FALSE,,,,,,,,this,this,this,this,this,this,this,this,this,this,this,this,"Block
(Brick Block)",this,"Block
(Brick Block)","Block
(Brick Block)","Block
(Brick Block)",,"Block
(Rotating Block)",,,(Bloques giratorios),,,"Bloc
(Bloc pivotant)",,,,"Block
(Rotierender Block)","Blocco 
(Blocco girevoli)",,,,,
TRUE,TRUE,TRUE,TRUE,TRUE,TRUE,TRUE,TRUE,TRUE,Terrain,FALSE,FALSE,TRUE,TRUE,FALSE,TRUE,GEL (ELB),GEL (ELB),FALSE,FALSE,FALSE,FALSE,FALSE,FALSE,FALSE,FALSE,,FALSE,FALSE,FALSE,FALSE,FALSE,FALSE,Other Ground + Vine Limit,FALSE,FALSE,FALSE,FALSE,,,,,,,,this,this,this,this,this,this,this,this,this,this,this,this,this,this,this,this,this,,Hard Block,,,Bloque duro,,,Bloc solide,,,,Harter Block,Blocco duro,,,,,
TRUE,TRUE,TRUE,TRUE,TRUE,TRUE,TRUE,TRUE,TRUE,Terrain,FALSE,FALSE,TRUE,TRUE,FALSE,TRUE,GEL (ELB),GEL (ELB),FALSE,FALSE,FALSE,FALSE,FALSE,FALSE,,FALSE,,FALSE,FALSE,FALSE,FALSE,FALSE,,Other Ground + Vine Limit,FALSE,FALSE,FALSE,FALSE,,,,,,,,this,this,this,this,this,this,this,this,this,this,this,this,this,this,this,this,this,,? Block,,,Bloque ?,,,Bloc ?,,,,?-Block,Blocco ?,,,,,
TRUE,TRUE,TRUE,TRUE,TRUE,TRUE,TRUE,TRUE,TRUE,Terrain,FALSE,FALSE,TRUE,TRUE,FALSE,TRUE,GEL (ELB),GEL (ELB),FALSE,,,,,FALSE,,FALSE,,FALSE,FALSE,FALSE,FALSE,FALSE,,Other Ground + Vine Limit,FALSE,FALSE,FALSE,FALSE,,,,,,,,this,this,this,this,this,this,this,this,this,this,this,this,this,this,this,this,this,,Hidden Block,,,Bloque secreto,,,Bloc secret,,,,Versteckter Block,Blocco nascosto,,,,,
FALSE,TRUE,FALSE,FALSE,FALSE,FALSE,TRUE,TRUE,FALSE,Gizmo,FALSE,FALSE,FALSE,FALSE,FALSE,FALSE,,,FALSE,,,,,FALSE,FALSE,FALSE,,,FALSE,FALSE,FALSE,TRUE,,!-Block Limit,TRUE,FALSE,FALSE,FALSE,!-Block Limit,,,,,,,this,,this,this,this,this,this,this,this,this,this,this,,,,,this,,! Block,,,Bloque !,,,Bloc !,,,,!-Block,Blocco !,,,,,
TRUE,TRUE,TRUE,TRUE,TRUE,TRUE,FALSE,TRUE,TRUE,Terrain,FALSE,FALSE,FALSE,FALSE,FALSE,TRUE,GEL (ELB),GEL (ELB),FALSE,FALSE,FALSE,FALSE,FALSE,FALSE,FALSE,,,FALSE,FALSE,FALSE,FALSE,FALSE,,Other Ground + Vine Limit,FALSE,FALSE,FALSE,FALSE,,,,,,,,this,this,this,this,this,this,this,this,this,this,this,this,this,this,this,this,,,Note Block,,,Bloque nota,,,Bloc note,,,,Notenblock,Blocco nota,,,,,
TRUE,TRUE,TRUE,TRUE,TRUE,TRUE,FALSE,TRUE,TRUE,Terrain,FALSE,FALSE,FALSE,FALSE,FALSE,TRUE,GEL (ELB),GEL (ELB),FALSE,FALSE,FALSE,FALSE,FALSE,FALSE,FALSE,,,FALSE,FALSE,FALSE,FALSE,FALSE,,Other Ground + Vine Limit,FALSE,FALSE,FALSE,FALSE,,,,,,,,this,this,this,this,this,this,this,this,this,this,this,this,this,this,this,this,,,Music Block,,,Bloque musical,,,Bloc musical,,,,Musikblock,Blocco musicale,,,,,
TRUE,TRUE,TRUE,TRUE,TRUE,TRUE,TRUE,TRUE,TRUE,Terrain,FALSE,FALSE,TRUE,FALSE,FALSE,TRUE,GEL (ELB),GEL (ELB),FALSE,FALSE,FALSE,FALSE,FALSE,FALSE,FALSE,FALSE,,FALSE,FALSE,FALSE,FALSE,FALSE,FALSE,Other Ground + Vine Limit,FALSE,FALSE,FALSE,FALSE,,,,,,,,this,this,this,this,this,this,this,this,this,this,this,this,this,this,this,this,this,,Donut Block,,,Bloque rosquilla,,,Bloc beigne,,,,Donutblock,Blocco ciambella,,,,,
TRUE,TRUE,TRUE,TRUE,TRUE,TRUE,TRUE,TRUE,TRUE,Terrain,FALSE,FALSE,TRUE,FALSE,FALSE,TRUE,GEL (ELB),GEL (ELB),FALSE,FALSE,FALSE,FALSE,FALSE,FALSE,FALSE,FALSE,,FALSE,FALSE,FALSE,FALSE,SM3DW,FALSE,Other Ground + Vine Limit,FALSE,FALSE,FALSE,FALSE,,,,,,,,this,this,this,this,this,this,this,this,this,this,this,this,this,this,this,this,this,,Cloud Block,,,Bloque nube,,,Bloc nuage,,,,Wolkenblock,Blocco nuvola,,,,,
FALSE,TRUE,TRUE,TRUE,TRUE,TRUE,TRUE,TRUE,TRUE,Gizmo,FALSE,FALSE,FALSE,FALSE,TRUE,FALSE,,,FALSE,FALSE,FALSE,FALSE,FALSE,FALSE,FALSE,FALSE,Full light,TRUE,FALSE,FALSE,FALSE,FALSE,FALSE,GEL (ELB),FALSE,FALSE,FALSE,FALSE,,,,,,,,this,this,this,this,this,this,this,this,this,this,this,this,this,this,this,this,this,,ON/OFF Block,,,Interruptor ON/OFF,,,Interrupteur ON/OFF,,,,,,,,,,
FALSE,TRUE,TRUE,TRUE,TRUE,TRUE,TRUE,TRUE,TRUE,Gizmo,FALSE,FALSE,FALSE,FALSE,TRUE,FALSE,,,FALSE,FALSE,FALSE,FALSE,FALSE,FALSE,FALSE,FALSE,,FALSE,FALSE,FALSE,FALSE,FALSE,FALSE,Other Ground + Vine Limit,FALSE,FALSE,FALSE,FALSE,,,,,,,,this,this,this,this,this,this,this,this,this,this,this,this,this,this,this,this,this,,Dotted-Line Block,,,Bloque de puntos,,,Bloque de puntos,,,,Umriss-Block,Blocco Tratteggiato,Пунктирный блок,,,,
FALSE,TRUE,TRUE,TRUE,TRUE,TRUE,TRUE,TRUE,TRUE,Gizmo,FALSE,FALSE,FALSE,FALSE,FALSE,FALSE,,,FALSE,FALSE,FALSE,FALSE,FALSE,FALSE,FALSE,FALSE,,FALSE,FALSE,FALSE,FALSE,FALSE,FALSE,Other Ground + Vine Limit,FALSE,FALSE,FALSE,FALSE,,,,,,,,this,this,this,this,this,this,this,this,this,this,this,this,this,this,this,this,this,,P Block,,,,,,Bloc P,,,,,,,,,,
FALSE,TRUE,FALSE,FALSE,FALSE,FALSE,TRUE,TRUE,FALSE,Gizmo,FALSE,FALSE,FALSE,FALSE,FALSE,,,,FALSE,,,,,FALSE,FALSE,FALSE,,FALSE,FALSE,FALSE,FALSE,FALSE,,Other Ground + Vine Limit,FALSE,FALSE,FALSE,FALSE,,,,,,,,this,,this,this,this,this,this,this,this,this,this,this,,,,,this,,Blinking Block,,,Bloque alternante,,,Bloc intermittent,,,,Blink-Block,Blocco intermittente,,,,,
FALSE,TRUE,FALSE,FALSE,FALSE,FALSE,TRUE,TRUE,FALSE,Gizmo,FALSE,FALSE,FALSE,FALSE,TRUE,FALSE,,,FALSE,FALSE,FALSE,FALSE,FALSE,FALSE,FALSE,FALSE,,,FALSE,FALSE,FALSE,TRUE,FALSE,Track Block Limit,TRUE,TRUE,FALSE,FALSE,,,,,,,,this,,this,this,this,this,this,this,this,this,this,this,,,,,this,,Track Block,,,Bloque riel,,,Bloc mobile,,,,Spur-Block,Blocco traiettoria,,,,,
TRUE,TRUE,TRUE,TRUE,TRUE,TRUE,TRUE,TRUE,TRUE,Terrain,FALSE,FALSE,TRUE,TRUE,FALSE,TRUE,GEL (ELB),GEL (ELB),FALSE,FALSE,FALSE,FALSE,FALSE,FALSE,FALSE,FALSE,,FALSE,FALSE,FALSE,FALSE,FALSE,FALSE,Other Ground + Vine Limit,FALSE,FALSE,FALSE,FALSE,,,,,,,,this,this,this,this,this,this,this,this,this,this,this,this,this,this,this,this,this,,Ice Block,,,Bloque de hielo,,,Bloc de glace,,,,Eis-Block,Blocco di ghiaccio,,,,,
FALSE,TRUE,TRUE,TRUE,TRUE,TRUE,TRUE,TRUE,TRUE,Gizmo,FALSE,FALSE,FALSE,FALSE,FALSE,FALSE,,,FALSE,FALSE,FALSE,FALSE,FALSE,FALSE,FALSE,FALSE,Dim light,FALSE,FALSE,FALSE,FALSE,FALSE,TRUE,Icicle Limit,FALSE,FALSE,FALSE,FALSE,,,,,,,,this,this,this,this,this,this,this,this,this,this,this,this,this,this,this,this,this,,Icicle,,,Témpano,,,Stalactite,,,,Eiszapfen,Stalattite,,,,,
FALSE,TRUE,FALSE,FALSE,FALSE,FALSE,TRUE,TRUE,TRUE,Gizmo,FALSE,FALSE,FALSE,TRUE,FALSE,,,,FALSE,,,,,FALSE,FALSE,FALSE,,,FALSE,FALSE,FALSE,FALSE,,GEL (ELB),TRUE,FALSE,FALSE,FALSE,,,,,,,,this,,this,this,this,this,this,this,this,this,this,this,,,,,this,,Crate,,,Caja de madera,,,Caisse,,,,Holzkiste,Cassa di legno,,,,,
FALSE,TRUE,TRUE,TRUE,TRUE,TRUE,TRUE,TRUE,FALSE,,TRUE,?,?,FALSE,FALSE,?,,,TRUE,TRUE,?,?,TRUE,TRUE,TRUE,FALSE,?,FALSE,FALSE,FALSE,FALSE,FALSE,?,?,FALSE,FALSE,FALSE,FALSE,?,,,,,,,this,this,this,this,this,this,this,this,this,this,this,this,this,this,this,this,this,,Stone Block,,,,,,Bloc de pierre,,,,,,,,,,
TRUE,TRUE,TRUE,TRUE,TRUE,TRUE,TRUE,TRUE,TRUE,Item,FALSE,TRUE,TRUE,FALSE,FALSE,TRUE,GEL (ELB),LCL,TRUE,TRUE,TRUE,FALSE,TRUE,TRUE,TRUE,TRUE,Variable,FALSE,FALSE,FALSE,FALSE,FALSE,TRUE,Other Ground + Vine Limit,FALSE,FALSE,FALSE,FALSE,Loose Coin Limit,,,,,,,this,this,this,this,this,this,this,this,this,this,this,this,this,this,this,this,this,,Coin,,,Moneda,,,Pièce,,,,Münze,Moneta,,,,,
FALSE,TRUE,TRUE,TRUE,TRUE,TRUE,FALSE,TRUE,TRUE,Item,FALSE,TRUE,TRUE,,,TRUE,GEL (ELB),GEL (ELB),FALSE,FALSE,FALSE,,FALSE,FALSE,FALSE,,,FALSE,FALSE,FALSE,FALSE,FALSE,FALSE,Other Ground + Vine Limit,FALSE,FALSE,FALSE,FALSE,,,,,,,,this,this,this,this,this,this,this,this,this,this,this,this,this,this,this,this,,,Frozen Coin,,,,,,Pièce gelée,,,,,,,,,,
FALSE,TRUE,TRUE,TRUE,TRUE,TRUE,TRUE,TRUE,TRUE,Item,FALSE,TRUE,TRUE,FALSE,FALSE,TRUE,,LCL,FALSE,TRUE,FALSE,TRUE,TRUE,FALSE,FALSE,FALSE,Dim light,FALSE,FALSE,FALSE,FALSE,FALSE,TRUE,10 / 30 / 50 Coin Limit,FALSE,FALSE,FALSE,FALSE,,,,,,,,this,this,this,this,this,this,this,this,this,this,this,this,this,this,this,this,this,,10-Coin,,,Moneda 10,,,Pièce de 10,,,,10er-Münze,Moneda 10,,,,,
FALSE,TRUE,TRUE,TRUE,TRUE,TRUE,TRUE,TRUE,TRUE,Item,FALSE,TRUE,TRUE,FALSE,FALSE,TRUE,,LCL,FALSE,TRUE,FALSE,TRUE,TRUE,FALSE,FALSE,FALSE,Dim light,FALSE,FALSE,FALSE,FALSE,FALSE,TRUE,10 / 30 / 50 Coin Limit,FALSE,FALSE,FALSE,FALSE,,,,,,,,this,this,this,this,this,this,this,this,this,this,this,this,this,this,this,this,this,,30-Coin,,,Moneda 30,,,Pièce de 30,,,,30er-Münze,Moneda 30,,,,,
FALSE,TRUE,TRUE,TRUE,TRUE,TRUE,TRUE,TRUE,TRUE,Item,FALSE,TRUE,TRUE,FALSE,FALSE,TRUE,,LCL,FALSE,TRUE,FALSE,TRUE,TRUE,FALSE,FALSE,FALSE,Dim light,FALSE,FALSE,FALSE,FALSE,FALSE,TRUE,10 / 30 / 50 Coin Limit,FALSE,FALSE,FALSE,FALSE,,,,,,,,this,this,this,this,this,this,this,this,this,this,this,this,this,this,this,this,this,,50-Coin,,,Moneda 50,,,Pièce de 50,,,,50er-Münze,Moneda 50,,,,,
TRUE,TRUE,TRUE,TRUE,TRUE,TRUE,TRUE,TRUE,TRUE,Item,FALSE,FALSE,FALSE,FALSE,FALSE,FALSE,,,FALSE,FALSE,FALSE,FALSE,FALSE,FALSE,FALSE,FALSE,Variable,TRUE,FALSE,FALSE,FALSE,FALSE,FALSE,Pink Coin Limit,TRUE,FALSE,FALSE,FALSE,,,,,,,,this,this,this,this,this,this,this,this,this,this,this,this,this,this,this,this,this,,Pink Coin,,,Moneda rosa,,,Pièce Rose,,,,Rosa Münze,Moneta rosa,,,,,
TRUE,TRUE,TRUE,TRUE,TRUE,TRUE,TRUE,TRUE,TRUE,Item,FALSE,TRUE,TRUE,FALSE,FALSE,TRUE,PEL (ELC),PEL (ELC),TRUE,TRUE,TRUE,TRUE,TRUE,TRUE,TRUE,TRUE,Dim light,FALSE,FALSE,FALSE,FALSE,FALSE,TRUE,PEL (ELC),FALSE,FALSE,TRUE,FALSE,,,,,,,,this,this,this,this,this,this,this,this,this,this,this,this,this,this,this,this,this,,Super Mushroom,,,Superchampiñón,,,Super champignon,,,,Superpilz,Super fungo,,,,,
TRUE,TRUE,TRUE,TRUE,TRUE,TRUE,TRUE,TRUE,TRUE,Item,TRUE,TRUE,TRUE,FALSE,FALSE,TRUE,PEL (ELC),PEL (ELC),TRUE,TRUE,TRUE,TRUE,TRUE,TRUE,TRUE,FALSE,Dim light,FALSE,FALSE,FALSE,FALSE,FALSE,TRUE,PEL (ELC),FALSE,FALSE,TRUE,FALSE,,,,,,,,this,this,this,this,this,this,this,this,this,this,this,this,this,this,this,this,this,,Fire Flower,,,Flor de fuego,,,Fleur de feu,,,,Feuerblume,Fiore di fuoco,,,,,
TRUE,TRUE,TRUE,TRUE,TRUE,TRUE,TRUE,TRUE,TRUE,,FALSE,FALSE,FALSE,FALSE,FALSE,FALSE,,,FALSE,FALSE,FALSE,FALSE,FALSE,FALSE,FALSE,,Full light,TRUE,FALSE,FALSE,FALSE,FALSE,FALSE,,FALSE,FALSE,FALSE,FALSE,Fireball Limit,,,,,,,this,this,this,this,this,this,this,this,this,this,this,this,this,this,this,this,this,,Fireball,,,,,,Boule de feu,,,,,,,,,,
FALSE,TRUE,TRUE,FALSE,FALSE,FALSE,FALSE,TRUE,TRUE,Item,TRUE,TRUE,TRUE,FALSE,FALSE,TRUE,PEL (ELC),PEL (ELC),TRUE,TRUE,TRUE,TRUE,TRUE,TRUE,TRUE,,,FALSE,FALSE,FALSE,FALSE,FALSE,TRUE,PEL (ELC),FALSE,FALSE,TRUE,FALSE,,,,,,,,this,this,this,this,this,this,this,this,this,this,this,this,this,Fire Flower,Fire Flower,Fire Flower,Fire Flower,スーパーボールフラワー,Superball Flower,,,Flor Superball,,,Fleur super boule,,,Superbalbloem,Superball-Blume,Fiore Superball,Супершаровой цветок,슈퍼볼플라워,,弹力球之花,彈力球之花
FALSE,TRUE,TRUE,FALSE,FALSE,FALSE,FALSE,TRUE,TRUE,,FALSE,FALSE,FALSE,FALSE,FALSE,TRUE,PEL (ELC),PEL (ELC),FALSE,FALSE,FALSE,FALSE,FALSE,FALSE,FALSE,,Full light,TRUE,FALSE,FALSE,FALSE,FALSE,FALSE,,FALSE,FALSE,FALSE,FALSE,Superball Limit,,,,,,,this,this,this,this,this,this,this,this,this,this,this,this,this,,,,,スーパーボール,Superball,,,Superbola,,,Super boule,,,Superbal,Superbal,Superball,Cуперша,,弹力球,,
TRUE,FALSE,TRUE,FALSE,FALSE,FALSE,,TRUE,FALSE,,FALSE,,TRUE,FALSE,,TRUE,,,TRUE,,TRUE,TRUE,TRUE,TRUE,TRUE,,,,,,,FALSE,TRUE,,,,,,,,,,,,,this,,this,this,this,this,this,this,this,this,this,this,this,,,,,,? Mushroom,,,Champiñón ?,,,Champignon ?,,,?-paddenstoel,?-Pilz,Fungo ?,,,,,
TRUE,FALSE,TRUE,FALSE,FALSE,FALSE,,TRUE,FALSE,,FALSE,,TRUE,FALSE,,TRUE,,,TRUE,,TRUE,TRUE,TRUE,TRUE,TRUE,,,,,,,FALSE,TRUE,,,,,,,,,,,,,this,,this,this,this,this,this,this,this,this,this,this,this,,,,,,Weird Mushroom,,,,,,Champignon bizarre,,,,,Fungo strano,,,,,
FALSE,TRUE,TRUE,FALSE,FALSE,FALSE,FALSE,TRUE,TRUE,Item,FALSE,TRUE,TRUE,FALSE,FALSE,TRUE,PEL (ELC),PEL (ELC),TRUE,TRUE,TRUE,TRUE,TRUE,TRUE,TRUE,,Full light,TRUE,FALSE,FALSE,FALSE,FALSE,TRUE,PEL (ELC),FALSE,FALSE,TRUE,FALSE,,,,,,,,this,this,this,this,this,this,this,this,this,this,this,this,this,Super Mushroom,Super Mushroom,Super Mushroom,Super Mushroom,マスターソード,Master Sword,,,Espada Maestra,,,Épée de légende,,,Meesterzwaard,,Spada suprema,,,,大师之剑,大師之劍
FALSE,TRUE,TRUE,FALSE,FALSE,FALSE,FALSE,TRUE,TRUE,,FALSE,FALSE,FALSE,FALSE,FALSE,FALSE,,,FALSE,TRUE,FALSE,FALSE,TRUE,FALSE,FALSE,,Full light,TRUE,FALSE,FALSE,FALSE,FALSE,TRUE,,TRUE,FALSE,FALSE,FALSE,Link's Bomb Limit,,,,,,,this,this,this,this,this,this,this,this,this,this,this,this,this,,,,,バクダン,Bomb,,,Bomba,,,Bombe,,,,Bombe,Bomba,,,,,
FALSE,TRUE,TRUE,FALSE,FALSE,FALSE,FALSE,TRUE,TRUE,,FALSE,FALSE,FALSE,FALSE,FALSE,FALSE,,,FALSE,FALSE,FALSE,FALSE,FALSE,FALSE,FALSE,,Full light,FALSE,FALSE,FALSE,FALSE,FALSE,FALSE,,FALSE,FALSE,FALSE,FALSE,,,,,,,,this,this,this,this,this,this,this,this,this,this,this,this,this,,,,,,Arrow,,,,,,Flèche,,,,,,,,,,
FALSE,TRUE,TRUE,FALSE,FALSE,FALSE,FALSE,TRUE,TRUE,Item,TRUE,TRUE,TRUE,FALSE,FALSE,TRUE,PEL (ELC),PEL (ELC),TRUE,TRUE,TRUE,TRUE,TRUE,TRUE,TRUE,,,FALSE,FALSE,FALSE,FALSE,FALSE,TRUE,PEL (ELC),FALSE,FALSE,TRUE,FALSE,,,,,,,,this,this,this,this,this,this,this,this,this,this,this,this,this,Super Leaf,Cape Feather,Propeller Mushroom,Super Bell,でかキノコ,Big Mushroom,,,Gran Champiñón,,,,Champignon géant,Maxi-Champignon,Reuzenpaddenstoel,Maxi-Pilz,Fungo gigante,Огромный гриб,,大蘑菇,,
TRUE,FALSE,TRUE,FALSE,FALSE,FALSE,,TRUE,FALSE,,TRUE,,TRUE,FALSE,,TRUE,,,TRUE,,TRUE,TRUE,TRUE,TRUE,TRUE,,,,FALSE,FALSE,FALSE,FALSE,TRUE,,,,,,,,,,,,,this,,this,this,this,this,this,this,this,this,this,this,this,,,,,,Big Mushroom (classic),,,,,,,Champignon géant (classique),Maxi-Champignon (classique),,,,,,,,
TRUE,FALSE,TRUE,FALSE,FALSE,FALSE,,TRUE,FALSE,,TRUE,,TRUE,FALSE,,TRUE,,,TRUE,,TRUE,TRUE,TRUE,TRUE,TRUE,,,,FALSE,FALSE,FALSE,FALSE,TRUE,,,,,,,,,,,,,this,,this,this,this,this,this,this,this,this,this,this,this,,,,,,Big Mushroom (modern),,,,,,,Champignon géant (moderne),Maxi-Champignon (moderne),,,,,,,,
FALSE,TRUE,TRUE,FALSE,FALSE,FALSE,FALSE,TRUE,TRUE,Item,TRUE,TRUE,TRUE,FALSE,FALSE,TRUE,PEL (ELC),PEL (ELC),TRUE,TRUE,TRUE,TRUE,TRUE,TRUE,TRUE,,,FALSE,FALSE,FALSE,FALSE,FALSE,TRUE,PEL (ELC),FALSE,FALSE,TRUE,FALSE,,,,,,,,this,this,this,this,this,this,this,this,this,this,this,this,this,Frog Suit,Power Baloon,Acorn Mushroom,Boomerang Flower,,SMB2 Mushroom,,,,,,Champignon (SMB2),,,,,,,,,,
TRUE,TRUE,FALSE,TRUE,FALSE,FALSE,FALSE,TRUE,TRUE,Item,TRUE,TRUE,TRUE,FALSE,FALSE,TRUE,PEL (ELC),PEL (ELC),TRUE,TRUE,TRUE,TRUE,TRUE,TRUE,TRUE,,Dim light,,FALSE,TRUE,FALSE,FALSE,FALSE,PEL (ELC),FALSE,FALSE,TRUE,FALSE,,,,,,,,this,this,this,this,this,this,this,this,this,this,this,this,Big Mushroom,this,Cape Feather,Propeller Mushroom,Super Bell,,Super Leaf,,,Superhoja,,,Super feuille,,,,Superblatt,Superfoglia,,,,,
FALSE,TRUE,FALSE,TRUE,FALSE,FALSE,FALSE,TRUE,TRUE,Item,TRUE,TRUE,TRUE,FALSE,FALSE,TRUE,PEL (ELC),PEL (ELC),TRUE,TRUE,TRUE,TRUE,TRUE,TRUE,TRUE,,Dim light,,FALSE,FALSE,FALSE,FALSE,TRUE,PEL (ELC),FALSE,FALSE,TRUE,FALSE,,,,,,,,this,this,this,this,this,this,this,this,this,this,this,this,SMB2 Mushroom,this,Power Baloon,Acorn Mushroom,Boomerang Flower,,Frog Suit,,,,,,Costume de grenouille,,,,,,,,,,
TRUE,TRUE,FALSE,FALSE,TRUE,FALSE,FALSE,TRUE,TRUE,Item,TRUE,TRUE,TRUE,FALSE,FALSE,TRUE,PEL (ELC),PEL (ELC),TRUE,TRUE,TRUE,TRUE,TRUE,TRUE,TRUE,,Dim light,,FALSE,TRUE,FALSE,FALSE,FALSE,PEL (ELC),FALSE,FALSE,TRUE,FALSE,,,,,,,,this,this,this,this,this,this,this,this,this,this,this,this,Big Mushroom,Super Leaf,this,Propeller Mushroom,Super Bell,,Cape Feather,,,Pluma de capa,,,Plume,,,,Cape-Feder,Pluma cappa,,,,,
FALSE,TRUE,FALSE,FALSE,TRUE,FALSE,FALSE,TRUE,TRUE,Item,TRUE,TRUE,TRUE,FALSE,FALSE,TRUE,PEL (ELC),PEL (ELC),TRUE,TRUE,TRUE,TRUE,TRUE,TRUE,TRUE,,Dim light,,FALSE,TRUE,FALSE,FALSE,TRUE,PEL (ELC),FALSE,FALSE,TRUE,FALSE,,,,,,,,this,this,this,this,this,this,this,this,this,this,this,this,SMB2 Mushroom,Frog Suit,this,Acorn Mushroom,Boomerang Flower,,Power Baloon,,,,,,Ballon de puissance,,,,,,,,,,
TRUE,TRUE,FALSE,FALSE,FALSE,TRUE,FALSE,TRUE,TRUE,Item,TRUE,TRUE,TRUE,FALSE,FALSE,TRUE,PEL (ELC),PEL (ELC),TRUE,TRUE,TRUE,TRUE,TRUE,TRUE,TRUE,,Dim light,,FALSE,TRUE,FALSE,FALSE,FALSE,PEL (ELC),FALSE,FALSE,TRUE,FALSE,,,,,,,,this,this,this,this,this,this,this,this,this,this,this,this,Big Mushroom,Super Leaf,Cape Feather,this,Super Bell,,Propeller Mushroom,,,Champihélice,,,Champignon hélico,,,,Propeller-Pliz,Fungo elica,,,,,
FALSE,TRUE,FALSE,FALSE,FALSE,TRUE,FALSE,TRUE,TRUE,Item,TRUE,TRUE,TRUE,FALSE,FALSE,TRUE,PEL (ELC),PEL (ELC),TRUE,TRUE,TRUE,TRUE,TRUE,TRUE,TRUE,,Dim light,,FALSE,FALSE,FALSE,FALSE,TRUE,PEL (ELC),FALSE,FALSE,TRUE,FALSE,,,,,,,,this,this,this,this,this,this,this,this,this,this,this,this,SMB2 Mushroom,Frog Suit,Power Baloon,this,Boomerang Flower,,Acorn Mushroom,,,,,,Super gland,,,,,,,,,,
FALSE,TRUE,FALSE,FALSE,FALSE,FALSE,TRUE,TRUE,FALSE,Item,TRUE,TRUE,TRUE,FALSE,FALSE,,,,TRUE,,,,,TRUE,TRUE,TRUE,,,FALSE,FALSE,FALSE,FALSE,,PEL (ELC),FALSE,FALSE,TRUE,FALSE,,,,,,,,this,,this,this,this,this,this,this,this,this,this,this,Big Mushroom,SMB2 Mushroom,Super Leaf,Propeller Mushroom,this,,Super Bell,,,Supercampana,,,Super clochette,,,,Superglocke,Super campanella,,,,,
FALSE,TRUE,FALSE,FALSE,FALSE,FALSE,TRUE,TRUE,FALSE,Item,TRUE,TRUE,TRUE,FALSE,FALSE,,,,TRUE,,,,,TRUE,TRUE,TRUE,,,FALSE,FALSE,FALSE,FALSE,,PEL (ELC),FALSE,FALSE,TRUE,FALSE,,,,,,,,this,,this,this,this,this,this,this,this,this,this,this,,,,,this,,Super Hammer,,,Supermartillo,,,Super marteau,,,,Superhammer,Super martello,,,,,
FALSE,FALSE,FALSE,FALSE,FALSE,FALSE,TRUE,TRUE,FALSE,,FALSE,FALSE,FALSE,FALSE,FALSE,,,,TRUE,,,,,FALSE,FALSE,FALSE,,,FALSE,FALSE,FALSE,FALSE,,,TRUE,FALSE,FALSE,FALSE,Player Crate Limit,,,,,,,this,,this,this,this,this,this,this,this,this,this,this,,,,,this,,Player's Crate,,,,,,Caisse au joueur,,,,,,,,,,
FALSE,TRUE,FALSE,FALSE,FALSE,FALSE,TRUE,TRUE,FALSE,Item,TRUE,TRUE,TRUE,FALSE,FALSE,,,,TRUE,,,,,TRUE,TRUE,TRUE,,,FALSE,FALSE,FALSE,FALSE,,PEL (ELC),FALSE,FALSE,TRUE,FALSE,,,,,,,,this,,this,this,this,this,this,this,this,this,this,this,SMB2 Mushroom,Frog Suit,Power Baloon,Acorn Mushroom,this,,Boomerang Flower,,,,,,Fleur boomerang,,,,,,,,,,
FALSE,FALSE,FALSE,FALSE,FALSE,FALSE,TRUE,TRUE,FALSE,,FALSE,FALSE,FALSE,FALSE,FALSE,,,,TRUE,,,,,FALSE,FALSE,FALSE,,,FALSE,FALSE,FALSE,FALSE,,,FALSE,FALSE,FALSE,FALSE,Bommerang Limit,,,,,,,this,,this,this,this,this,this,this,this,this,this,this,,,,,this,,Player's Boomerang,,,,,,Boomerang au joueur,,,,,,,,,,
FALSE,TRUE,FALSE,FALSE,FALSE,FALSE,TRUE,TRUE,FALSE,Item,FALSE,TRUE,TRUE,FALSE,FALSE,,,,TRUE,,,,,TRUE,TRUE,FALSE,,,FALSE,TRUE,FALSE,FALSE,,PEL (ELC),FALSE,FALSE,TRUE,FALSE,,,,,,,,this,,this,this,this,this,this,this,this,this,this,this,,,,,this,,Cannon Box,,,,,,Boîte canon,,,,,,,,,,
FALSE,FALSE,FALSE,FALSE,FALSE,FALSE,TRUE,TRUE,FALSE,,FALSE,FALSE,FALSE,FALSE,FALSE,,,,TRUE,,,,,FALSE,FALSE,FALSE,,,FALSE,FALSE,FALSE,FALSE,,,FALSE,FALSE,FALSE,FALSE,Player Cannonball Limit?,,,,,,,this,,this,this,this,this,this,this,this,this,this,this,,,,,this,,Player's Cannonball,,,,,,Boulet de cannon au joueur,,,,,,,,,,
FALSE,TRUE,FALSE,FALSE,FALSE,FALSE,TRUE,TRUE,FALSE,Item,FALSE,TRUE,TRUE,FALSE,FALSE,,,,TRUE,,,,,TRUE,TRUE,FALSE,,,FALSE,TRUE,FALSE,FALSE,,PEL (ELC),FALSE,FALSE,TRUE,FALSE,,,,,,,,this,,this,this,this,this,this,this,this,this,this,this,,,,,this,,Propeller Box,,,,,,Boîte hélico,,,,,,,,,,
FALSE,TRUE,FALSE,FALSE,FALSE,FALSE,TRUE,TRUE,FALSE,Item,FALSE,TRUE,TRUE,FALSE,FALSE,,,,TRUE,,,,,TRUE,TRUE,FALSE,,,FALSE,TRUE,FALSE,FALSE,,PEL (ELC),FALSE,FALSE,TRUE,FALSE,,,,,,,,this,,this,this,this,this,this,this,this,this,this,this,,,,,this,,Goomba Mask,,,,,,Masque Goomba,,,,,,,,,,
FALSE,TRUE,FALSE,FALSE,FALSE,FALSE,TRUE,TRUE,FALSE,Item,FALSE,TRUE,TRUE,FALSE,FALSE,,,,TRUE,,,,,TRUE,TRUE,FALSE,,,FALSE,TRUE,FALSE,FALSE,,PEL (ELC),FALSE,FALSE,TRUE,FALSE,,,,,,,,this,,this,this,this,this,this,this,this,this,this,this,,,,,this,,Bullet Bill Mask,,,,,,Masque Bill Balle,,,,,,,,,,
FALSE,TRUE,FALSE,FALSE,FALSE,FALSE,TRUE,TRUE,FALSE,Item,FALSE,TRUE,TRUE,FALSE,FALSE,,,,TRUE,,,,,TRUE,TRUE,FALSE,,,FALSE,TRUE,FALSE,FALSE,,PEL (ELC),FALSE,FALSE,TRUE,FALSE,,,,,,,,this,,this,this,this,this,this,this,this,this,this,this,,,,,this,,Red POW Box,,,,,,Boîte POW rouge,,,,,,,,,,
TRUE,TRUE,TRUE,TRUE,TRUE,TRUE,TRUE,TRUE,TRUE,Item,FALSE,TRUE,TRUE,FALSE,FALSE,TRUE,PEL (ELC),PEL (ELC),TRUE,TRUE,TRUE,TRUE,TRUE,TRUE,TRUE,TRUE,Full light,TRUE,FALSE,FALSE,FALSE,FALSE,TRUE,PEL (ELC),FALSE,FALSE,TRUE,FALSE,,,,,,,,this,this,this,this,this,this,this,this,this,this,this,this,this,this,this,this,this,,Super Star,,,Superestrella,,,Super étoile,,,,Superstern,Super stella,,,,,
TRUE,TRUE,TRUE,TRUE,TRUE,TRUE,TRUE,TRUE,TRUE,Item,FALSE,TRUE,TRUE,FALSE,FALSE,TRUE,PEL (ELC),PEL (ELC),TRUE,TRUE,TRUE,TRUE,TRUE,TRUE,TRUE,TRUE,Dim light,FALSE,FALSE,FALSE,FALSE,FALSE,TRUE,PEL (ELC),FALSE,FALSE,TRUE,FALSE,,,,,,,,this,Rotten Mushroom,this,this,this,this,this,this,this,this,this,this,this,this,this,this,this,,1-UP Mushroom,,,Champiñón vida extra,,,Champignon 1-UP,,,,1-Up-Pilz,Fungo 1-UP,,,,,
FALSE,TRUE,TRUE,TRUE,TRUE,TRUE,FALSE,FALSE,TRUE,Item,FALSE,TRUE,TRUE,FALSE,FALSE,TRUE,PEL (ELC),PEL (ELC),TRUE,TRUE,TRUE,TRUE,TRUE,TRUE,TRUE,,,,FALSE,FALSE,FALSE,FALSE,TRUE,PEL (ELC),FALSE,FALSE,TRUE,FALSE,,,,,,,,1-UP Mushroom,this,this,,,,,,,,,,this,this,this,this,,,Rotten Mushroom,,,Champiñón rancio,,,Champignon pourri,,,,Faulpilz,Fungo marcio,,,,,
TRUE,TRUE,TRUE,TRUE,FALSE,FALSE,FALSE,TRUE,TRUE,Item,TRUE,TRUE,TRUE,TRUE,FALSE,TRUE,GEL (ELB),GEL (ELB),TRUE,TRUE,TRUE,TRUE,TRUE,TRUE,TRUE,,Dim light,FALSE,FALSE,FALSE,FALSE,FALSE,TRUE,GEL (ELB),TRUE,FALSE,FALSE,FALSE,,,,,,,,this,this,this,this,this,this,this,this,this,this,this,this,this,this,Yoshi's Egg,Yoshi's Egg,,,Shoe Goomba,,,Goomba en zapato,,,Goomba chaussure,,,,Schuh-Gumba,Goomba scarpa,,,,,
TRUE,TRUE,TRUE,TRUE,FALSE,FALSE,FALSE,TRUE,TRUE,,FALSE,FALSE,FALSE,FALSE,FALSE,FALSE,,,FALSE,FALSE,FALSE,FALSE,FALSE,FALSE,FALSE,,,FALSE,FALSE,FALSE,FALSE,FALSE,TRUE,,FALSE,FALSE,TRUE,FALSE,,,,,,,,this,this,this,this,this,this,this,this,this,this,this,this,this,this,,,,,Shoe,,,,,,Chaussure,,,,,,,,,,
TRUE,TRUE,TRUE,TRUE,FALSE,FALSE,FALSE,TRUE,TRUE,Item,TRUE,TRUE,TRUE,,,TRUE,GEL (ELB),GEL (ELB),TRUE,TRUE,TRUE,TRUE,TRUE,TRUE,TRUE,,Dim light,FALSE,,FALSE,FALSE,FALSE,TRUE,GEL (ELB),TRUE,FALSE,FALSE,,,,,,,,,this,this,this,this,this,this,this,this,this,this,this,this,this,this,Red Yoshi's Egg,Red Yoshi's Egg,,,Stiletto Goomba,,,Goomba en zapato de tacón,,,Goomba talon aiguille,,,,Stöckel-Gumba,Goomba col tacco,,,,,
TRUE,TRUE,TRUE,TRUE,FALSE,FALSE,FALSE,TRUE,TRUE,,FALSE,FALSE,FALSE,FALSE,FALSE,FALSE,,,FALSE,FALSE,FALSE,FALSE,FALSE,FALSE,FALSE,,,FALSE,FALSE,FALSE,FALSE,FALSE,TRUE,,FALSE,FALSE,TRUE,FALSE,,,,,,,,this,this,this,this,this,this,this,this,this,this,this,this,this,this,,,,,Stiletto,,,,,,Talon aiguille,,,,,,,,,,
TRUE,TRUE,FALSE,FALSE,TRUE,TRUE,FALSE,TRUE,TRUE,Item,TRUE,TRUE,TRUE,TRUE,FALSE,TRUE,GEL (ELB),GEL (ELB),TRUE,TRUE,TRUE,TRUE,TRUE,TRUE,TRUE,,Dim light,FALSE,FALSE,FALSE,FALSE,FALSE,TRUE,GEL (ELB),TRUE,FALSE,FALSE,FALSE,,2,,,,,,this,this,this,this,this,this,this,this,this,this,this,this,Shoe Goomba,Shoe Goomba,this,this,,,Yoshi's Egg,,,Huevo de Yoshi,,,Œuf de Yoshi,,,,Toshi-Ei,Uovo di Yoshi,,,,,
FALSE,FALSE,FALSE,FALSE,TRUE,TRUE,FALSE,TRUE,TRUE,,FALSE,FALSE,FALSE,FALSE,FALSE,FALSE,,,FALSE,FALSE,FALSE,FALSE,FALSE,FALSE,FALSE,,Full light,FALSE,FALSE,FALSE,FALSE,FALSE,TRUE,,FALSE,FALSE,FALSE,FALSE,HYL,,,,,,,this,this,this,this,this,this,this,this,this,this,this,this,,,this,this,,,Yoshi,,,,,,Yoshi,,,,,,,,,,
FALSE,TRUE,FALSE,FALSE,TRUE,TRUE,FALSE,TRUE,TRUE,Item,,TRUE,TRUE,TRUE,,TRUE,GEL (ELB),GEL (ELB),TRUE,TRUE,TRUE,TRUE,TRUE,TRUE,TRUE,,Dim light,FALSE,FALSE,FALSE,FALSE,FALSE,TRUE,GEL (ELB),TRUE,FALSE,FALSE,,,3,,,,,,this,this,this,this,this,this,this,this,this,this,this,this,Stiletto Goomba,Stiletto Goomba,this,this,,,Red Yoshi's Egg,,,Huevo de Yoshi rojo,,,Œuf de Yoshi rouge,,,,,,,,,,
FALSE,FALSE,FALSE,FALSE,TRUE,TRUE,FALSE,TRUE,TRUE,,FALSE,FALSE,FALSE,FALSE,FALSE,FALSE,,,FALSE,FALSE,FALSE,FALSE,FALSE,FALSE,FALSE,,Full light,FALSE,FALSE,FALSE,FALSE,FALSE,TRUE,,FALSE,FALSE,FALSE,FALSE,HYL,,,,,,,this,this,this,this,this,this,this,this,this,this,this,this,,,this,this,,,Red Yoshi,,,,,,Yoshi rouge,,,,,,,,,,
FALSE,FALSE,FALSE,FALSE,TRUE,TRUE,FALSE,TRUE,TRUE,,FALSE,FALSE,FALSE,FALSE,FALSE,FALSE,,,FALSE,FALSE,FALSE,FALSE,FALSE,FALSE,FALSE,,Full light,FALSE,TRUE,FALSE,FALSE,FALSE,FALSE,,FALSE,FALSE,FALSE,Temporary as it comes out,,,,,,,,this,this,this,this,this,this,this,this,this,this,this,this,,,this,this,,,Red Yoshi's Fire,,,,,,Feu de Yoshi rouge,,,,,,,,,,
TRUE,TRUE,TRUE,TRUE,FALSE,TRUE,TRUE,TRUE,TRUE,Enemy,TRUE,TRUE,TRUE,TRUE,FALSE,TRUE,GEL (ELB),GEL (ELB),TRUE,TRUE,TRUE,TRUE,TRUE,TRUE,TRUE,FALSE,Dim light,FALSE,FALSE,FALSE,TRUE,FALSE,TRUE,GEL (ELB),TRUE,FALSE,FALSE,FALSE,,3,,,,,,this,this,this,this,this,this,this,this,this,this,this,this,this,this,Galoomba,this,this,,Goomba,,,Goomba,,,Goomba,,,,Gumba,Goomba,,,,,
TRUE,TRUE,FALSE,FALSE,TRUE,FALSE,FALSE,TRUE,TRUE,Enemy,TRUE,TRUE,TRUE,TRUE,FALSE,TRUE,GEL (ELB),GEL (ELB),TRUE,TRUE,TRUE,TRUE,TRUE,TRUE,TRUE,,Dim light,FALSE,FALSE,FALSE,TRUE,FALSE,TRUE,GEL (ELB),TRUE,FALSE,FALSE,FALSE,,3,,,,,,this,this,this,this,this,this,this,this,this,this,this,this,Goomba,Goomba,this,Goomba,,,Galoomba,,,Goombaya,,,Galoomba,,,,Galumba,Goombruno,,,,,
FALSE,TRUE,TRUE,TRUE,FALSE,TRUE,FALSE,TRUE,TRUE,Enemy,TRUE,TRUE,TRUE,TRUE,FALSE,TRUE,GEL (ELB),GEL (ELB),TRUE,TRUE,TRUE,TRUE,TRUE,TRUE,TRUE,,Dim light,FALSE,FALSE,FALSE,TRUE,FALSE,TRUE,GEL (ELB),TRUE,FALSE,FALSE,FALSE,,3,,,,,,this,this,this,this,this,this,this,this,this,this,this,this,this,this,Goombud,this,,,Goombrat,,,Goombiño,,,Goombalisson,,,,Gumbalg,Goombarello,,,,,
FALSE,TRUE,FALSE,FALSE,TRUE,FALSE,FALSE,TRUE,TRUE,Enemy,TRUE,TRUE,TRUE,TRUE,FALSE,TRUE,GEL (ELB),GEL (ELB),TRUE,TRUE,TRUE,TRUE,TRUE,TRUE,TRUE,,Dim light,FALSE,FALSE,FALSE,TRUE,FALSE,TRUE,GEL (ELB),TRUE,FALSE,FALSE,FALSE,,3,,,,,,this,this,this,this,this,this,this,this,this,this,this,this,Goombrat,Goombrat,this,Goombrat,,,Goombud,,,Goombiñito,,,Galisson,,,,Galumbalg,Goombrunello,,,,,
TRUE,TRUE,TRUE,TRUE,TRUE,TRUE,TRUE,TRUE,TRUE,Enemy,TRUE,TRUE,TRUE,TRUE,FALSE,TRUE,GEL (ELB),GEL (ELB),TRUE,TRUE,TRUE,TRUE,TRUE,TRUE,TRUE,FALSE,Dim light,FALSE,FALSE,FALSE,TRUE,FALSE,TRUE,GEL (ELB),TRUE,FALSE,FALSE,FALSE,,3,,,,,,this,this,this,this,this,this,this,this,this,this,this,this,this,this,this,this,this,,Koopa Troopa,,,,,,Koopa,,,,,,,,,,
TRUE,TRUE,FALSE,FALSE,TRUE,FALSE,TRUE,TRUE,TRUE,,TRUE,FALSE,FALSE,TRUE,FALSE,FALSE,,,FALSE,TRUE,FALSE,TRUE,TRUE,FALSE,FALSE,FALSE,Dim light,,FALSE,FALSE,FALSE,FALSE,TRUE,GEL (ELB),TRUE,FALSE,FALSE,FALSE,,,,,,,,this,this,this,this,this,this,this,this,this,this,this,this,,,this,,this,,Beach Koopa,,,,,,?,,,,,,,,,,
TRUE,TRUE,FALSE,FALSE,TRUE,FALSE,TRUE,TRUE,TRUE,,TRUE,FALSE,FALSE,FALSE,FALSE,FALSE,,,FALSE,TRUE,FALSE,TRUE,TRUE,FALSE,FALSE,FALSE,Dim light,FALSE,FALSE,FALSE,FALSE,FALSE,TRUE,GEL (ELB),TRUE,FALSE,FALSE,FALSE,,,,,,,,this,this,this,this,this,this,this,this,this,this,this,this,,,this,,this,,Koopa Troopa's Shell,,,,,,Carapace de Koopa,,,,,,,,,,
TRUE,TRUE,TRUE,TRUE,TRUE,TRUE,TRUE,TRUE,TRUE,Enemy,TRUE,TRUE,TRUE,TRUE,FALSE,TRUE,GEL (ELB),GEL (ELB),TRUE,TRUE,TRUE,TRUE,TRUE,TRUE,TRUE,FALSE,Dim light,FALSE,FALSE,FALSE,TRUE,FALSE,TRUE,GEL (ELB),FALSE,FALSE,FALSE,FALSE,,3,,,,,,this,this,this,this,this,this,this,this,this,this,this,this,this,this,this,this,this,,Dry Bones,,,Huesitos,,,Skelex,,,,Knochentrocken,Tartosso,,,,,
TRUE,TRUE,FALSE,FALSE,TRUE,FALSE,FALSE,TRUE,TRUE,,FALSE,FALSE,FALSE,FALSE,FALSE,FALSE,,,FALSE,FALSE,FALSE,FALSE,FALSE,FALSE,FALSE,,Dim light,,FALSE,FALSE,FALSE,FALSE,FALSE,,FALSE,FALSE,FALSE,TRUE,,,,,,,,this,this,this,this,this,this,this,this,this,this,this,this,,,this,,,,Dry Bones' bone,,,,,,Os de Skelex,,,,,,,,,,
FALSE,TRUE,TRUE,TRUE,TRUE,TRUE,FALSE,TRUE,TRUE,,FALSE,TRUE,FALSE,FALSE,FALSE,TRUE,GEL (ELB),GEL (ELB),TRUE,TRUE,TRUE,TRUE,TRUE,TRUE,TRUE,,Dim light,FALSE,FALSE,FALSE,FALSE,FALSE,TRUE,GEL (ELB),TRUE,FALSE,FALSE,FALSE,,3,,,,,,this,this,this,this,this,this,this,this,this,this,this,this,this,this,this,this,,,Dry Bones Shell,,,Caparazón de Huesitos,,,Carapace de Skelex,,,,Knochentrocken-Panzer,Guscio di Tartosso,,,,,
TRUE,TRUE,TRUE,TRUE,TRUE,TRUE,FALSE,TRUE,TRUE,Enemy,TRUE,TRUE,TRUE,TRUE,FALSE,TRUE,GEL (ELB),GEL (ELB),TRUE,TRUE,TRUE,TRUE,TRUE,TRUE,TRUE,FALSE,Dim light,FALSE,FALSE,FALSE,TRUE,FALSE,TRUE,GEL (ELB),TRUE,FALSE,FALSE,FALSE,,3,,,,,,this,this,this,this,this,this,this,this,this,this,this,this,this,this,this,this,,,Buzzy Beetle,,,Buzzy,,,Blindule,,,,Käfer,Nella,,,,,
TRUE,TRUE,TRUE,TRUE,TRUE,TRUE,FALSE,TRUE,TRUE,Enemy,TRUE,TRUE,TRUE,TRUE,FALSE,TRUE,GEL (ELB),GEL (ELB),TRUE,TRUE,TRUE,TRUE,TRUE,TRUE,TRUE,FALSE,Dim light,FALSE,FALSE,TRUE,TRUE,FALSE,TRUE,GEL (ELB),TRUE,FALSE,FALSE,FALSE,,3,,,,,,this,this,this,this,this,this,this,this,this,this,this,this,this,this,this,this,,,Winged Buzzy Beetle,,,,,,Blindule ailé,,,,,,,,,,
FALSE,TRUE,TRUE,TRUE,TRUE,TRUE,FALSE,TRUE,TRUE,,FALSE,TRUE,FALSE,FALSE,FALSE,TRUE,GEL (ELB),GEL (ELB),TRUE,TRUE,TRUE,TRUE,TRUE,TRUE,TRUE,,Dim light,FALSE,FALSE,FALSE,FALSE,FALSE,TRUE,GEL (ELB),TRUE,FALSE,FALSE,FALSE,,3,,,,,,this,this,this,this,this,this,this,this,this,this,this,this,this,this,this,this,,,Buzzy Beetle Shell,,,,,,Carapace de Blindule,,,,,Guscio di Nella,,,,,
TRUE,TRUE,TRUE,TRUE,TRUE,TRUE,TRUE,TRUE,TRUE,Enemy,TRUE,TRUE,TRUE,TRUE,FALSE,TRUE,GEL (ELB),GEL (ELB),TRUE,TRUE,TRUE,TRUE,TRUE,TRUE,TRUE,FALSE,Dim light,FALSE,FALSE,FALSE,TRUE,FALSE,TRUE,GEL (ELB),TRUE,FALSE,FALSE,FALSE,,3,,,,,,this,this,this,this,this,this,this,this,this,this,this,this,this,this,this,this,this,,Spiny,,,,,,Hériss,,,,,,,,,,
TRUE,TRUE,TRUE,TRUE,TRUE,TRUE,TRUE,TRUE,TRUE,Enemy,TRUE,TRUE,TRUE,TRUE,FALSE,TRUE,GEL (ELB),GEL (ELB),TRUE,TRUE,TRUE,TRUE,TRUE,TRUE,TRUE,FALSE,Dim light,FALSE,FALSE,TRUE,TRUE,FALSE,TRUE,GEL (ELB),TRUE,FALSE,FALSE,FALSE,,3,,,,,,this,this,this,this,this,this,this,this,this,this,this,this,this,this,this,this,this,,Winged Spiny,,,,,,Hériss ailé,,,,,,,,,,
TRUE,TRUE,TRUE,TRUE,TRUE,TRUE,TRUE,TRUE,TRUE,,FALSE,FALSE,FALSE,FALSE,FALSE,FALSE,,,FALSE,FALSE,FALSE,FALSE,FALSE,FALSE,FALSE,FALSE,,FALSE,FALSE,TRUE,FALSE,FALSE,FALSE,,FALSE,FALSE,FALSE,TRUE,,,,,,,,this,this,this,this,this,this,this,this,this,this,this,this,this,this,this,this,this,,(Winged Spiny's projectile),,,,,,?,,,,,,,,,,
FALSE,TRUE,TRUE,TRUE,TRUE,TRUE,FALSE,TRUE,TRUE,,FALSE,TRUE,FALSE,FALSE,FALSE,TRUE,GEL (ELB),GEL (ELB),TRUE,TRUE,TRUE,TRUE,TRUE,TRUE,TRUE,,Dim light,FALSE,FALSE,FALSE,FALSE,FALSE,TRUE,GEL (ELB),TRUE,FALSE,FALSE,FALSE,,3,,,,,,this,this,this,this,this,this,this,this,this,this,this,this,this,this,this,this,,,Spiny Shell,,,,,,Carapace d'Hériss,,,,,,,,,,
TRUE,TRUE,TRUE,TRUE,TRUE,TRUE,FALSE,TRUE,TRUE,Enemy,TRUE,TRUE,TRUE,TRUE,FALSE,TRUE,GEL (ELB),GEL (ELB),TRUE,TRUE,TRUE,TRUE,TRUE,TRUE,TRUE,FALSE,Dim light,FALSE,FALSE,TRUE,TRUE,FALSE,TRUE,GEL (ELB),TRUE,FALSE,FALSE,FALSE,,3,,,,,,this,this,this,this,this,this,this,this,this,this,this,this,this,this,this,this,,,Spike Top,,,Punzón,,,Picos,,,,Pickel-Käfer,Punginella,,,,,
TRUE,TRUE,TRUE,TRUE,TRUE,TRUE,FALSE,TRUE,TRUE,Enemy,TRUE,TRUE,TRUE,TRUE,FALSE,TRUE,GEL (ELB),GEL (ELB),TRUE,TRUE,TRUE,TRUE,TRUE,TRUE,TRUE,FALSE,Dim light,FALSE,FALSE,TRUE,TRUE,FALSE,TRUE,GEL (ELB),TRUE,FALSE,FALSE,FALSE,,3,,,,,,this,this,this,this,this,this,this,this,this,this,this,this,this,this,this,this,,,Fast Spike Top,,,,,,Picos rapide,,,,,,,,,,
FALSE,TRUE,FALSE,FALSE,FALSE,FALSE,TRUE,TRUE,FALSE,Enemy,TRUE,TRUE,TRUE,TRUE,,FALSE,,,TRUE,,,,,TRUE,TRUE,FALSE,,,FALSE,FALSE,FALSE,FALSE,,GEL (ELB),TRUE,FALSE,FALSE,FALSE,,,,,,,,this,,this,this,this,this,this,this,this,this,this,this,,,,,this,,Skipsqueak,,,Ratoncín saltarín,,,Mulhop,,,,Hopsmaus,Saltopo,,,,,
FALSE,TRUE,FALSE,FALSE,FALSE,FALSE,TRUE,TRUE,FALSE,Enemy,TRUE,TRUE,TRUE,TRUE,,FALSE,,,TRUE,,,,,TRUE,TRUE,FALSE,,,FALSE,FALSE,FALSE,FALSE,,GEL (ELB),TRUE,FALSE,FALSE,FALSE,,,,,,,,this,,this,this,this,this,this,this,this,this,this,this,,,,,this,,Spiny Skipsqueak,,,Ratoncín picundín,,,Mulhop à pic,,,,Stachel-Hopsmaus,Saltopo spinoso,,,,,
FALSE,TRUE,FALSE,FALSE,FALSE,FALSE,TRUE,TRUE,FALSE,Enemy,TRUE,TRUE,TRUE,TRUE,,FALSE,,,TRUE,,,,,TRUE,TRUE,FALSE,,,FALSE,FALSE,FALSE,FALSE,,GEL (ELB),TRUE,FALSE,FALSE,FALSE,,,,,,,,this,,this,this,this,this,this,this,this,this,this,this,,,,,this,,Ant Trooper,,,Hormigoide,,,Fourmili,,,,Trupp-Krabbel,Formico,,,,,
FALSE,TRUE,FALSE,FALSE,FALSE,FALSE,TRUE,TRUE,FALSE,Enemy,TRUE,TRUE,TRUE,TRUE,,FALSE,,,TRUE,,,,,TRUE,TRUE,FALSE,,,FALSE,FALSE,FALSE,FALSE,,GEL (ELB),TRUE,FALSE,FALSE,FALSE,,,,,,,,this,,this,this,this,this,this,this,this,this,this,this,,,,,this,,Horned Ant Trooper,,,Hormigoide picudo,,,Fourmili à pointe,,,,Stachel-Krabbel,Formispino,,,,,
FALSE,TRUE,FALSE,FALSE,FALSE,FALSE,TRUE,TRUE,FALSE,Enemy,TRUE,TRUE,FALSE,TRUE,,FALSE,,,TRUE,,,,,TRUE,TRUE,FALSE,,,FALSE,TRUE,FALSE,FALSE,,GEL (ELB),TRUE,FALSE,FALSE,FALSE,,,,,,,,this,,this,this,this,this,this,this,this,this,this,this,,,,,this,,Stingby,,,Abejorro,,,Bultitine,,,,Summser,Apiccia,,,,,
TRUE,TRUE,TRUE,TRUE,TRUE,TRUE,TRUE,TRUE,TRUE,Enemy,TRUE,TRUE,TRUE,TRUE,FALSE,TRUE,GEL (ELB),GEL (ELB),TRUE,TRUE,TRUE,TRUE,TRUE,TRUE,TRUE,FALSE,Dim light,FALSE,TRUE,TRUE,FALSE,FALSE,FALSE,GEL (ELB),TRUE,FALSE,FALSE,FALSE,,3,,,,,,this,this,this,this,this,this,this,this,this,this,this,this,this,this,this,this,this,トビプク,Cheep Cheep,,,Cheep cheep,,,Aquazo,,,Cheep Cheep,Cheep-Cheep,Pesce Smack,Чип-чип,뽀꾸뽀꾸,,泡泡怪,泡泡魚
TRUE,TRUE,TRUE,TRUE,TRUE,TRUE,TRUE,TRUE,TRUE,Enemy,TRUE,TRUE,TRUE,TRUE,FALSE,TRUE,GEL (ELB),GEL (ELB),TRUE,TRUE,TRUE,TRUE,TRUE,TRUE,TRUE,FALSE,Dim light,FALSE,FALSE,FALSE,FALSE,FALSE,FALSE,GEL (ELB),TRUE,FALSE,FALSE,FALSE,,3,,,,,,this,this,this,this,this,this,this,this,this,this,this,this,this,this,this,this,this,,Fish Bones,,,Pezueso,,,Poissonos,,,,Skelettfisch,Pesce Lisca,,,,,
TRUE,TRUE,TRUE,TRUE,TRUE,TRUE,TRUE,TRUE,TRUE,Enemy,TRUE,TRUE,TRUE,TRUE,FALSE,TRUE,GEL (ELB),GEL (ELB),TRUE,TRUE,TRUE,TRUE,TRUE,TRUE,TRUE,FALSE,Dim light,FALSE,FALSE,TRUE,TRUE,FALSE,FALSE,GEL (ELB),TRUE,FALSE,FALSE,FALSE,,3,,,,,,this,this,this,this,this,this,this,this,this,this,this,this,this,this,this,this,this,,Blooper,,,Blooper,,,Bloups,,,,Blooper,Calamako,,,,,
TRUE,TRUE,TRUE,TRUE,TRUE,TRUE,FALSE,TRUE,TRUE,Enemy,TRUE,TRUE,TRUE,TRUE,FALSE,TRUE,GEL (ELB),GEL (ELB),TRUE,TRUE,TRUE,TRUE,TRUE,TRUE,TRUE,,Dim light,FALSE,FALSE,TRUE,TRUE,FALSE,FALSE,GEL (ELB),TRUE,FALSE,FALSE,FALSE,,3,,,,,,this,this,this,this,this,this,this,this,this,this,this,this,this,this,this,this,,,Blooper Nanny,,,Mamá blooper,,,Nounou Bloups,,,,Blooper-Sitter,Calamako Sitter,,,,,
FALSE,TRUE,FALSE,FALSE,FALSE,FALSE,TRUE,TRUE,FALSE,Enemy,TRUE,TRUE,TRUE,TRUE,,FALSE,,,TRUE,,,,,TRUE,FALSE,FALSE,,,TRUE,TRUE,FALSE,FALSE,,GEL (ELB),TRUE,FALSE,FALSE,FALSE,,,,,,,,this,,this,this,this,this,this,this,this,this,this,this,,,,,this,,Porcupuffer,,,Cheep globo,,,Héripouf,,,,Stachelfisch,Pesce Spino,,,,,
TRUE,TRUE,TRUE,TRUE,TRUE,TRUE,FALSE,TRUE,TRUE,Enemy,TRUE,TRUE,TRUE,TRUE,FALSE,TRUE,GEL (ELB),GEL (ELB),TRUE,TRUE,TRUE,TRUE,TRUE,TRUE,TRUE,FALSE,Project a light in front of them,FALSE,FALSE,FALSE,TRUE,FALSE,TRUE,GEL (ELB),TRUE,FALSE,FALSE,FALSE,,3,,,,,,this,this,this,this,this,this,this,this,this,this,this,this,this,this,this,this,,,Wiggler,,,Floruga,,,Wiggler,,,,Wiggler,Torcibruco,,,,,
TRUE,TRUE,TRUE,TRUE,TRUE,TRUE,FALSE,TRUE,TRUE,Enemy,TRUE,TRUE,TRUE,TRUE,FALSE,TRUE,GEL (ELB),GEL (ELB),TRUE,TRUE,TRUE,TRUE,TRUE,TRUE,TRUE,FALSE,Project a light in front of them,FALSE,FALSE,FALSE,TRUE,FALSE,TRUE,GEL (ELB),TRUE,FALSE,FALSE,FALSE,,3,,,,,,this,this,this,this,this,this,this,this,this,this,this,this,this,this,this,this,,,Angry Wiggler,,,Floruga furiosa,,,Wiggler fâché,,,,Wütender Wiggler,Torcibruco arrabbiato,,,,,
TRUE,TRUE,TRUE,TRUE,FALSE,TRUE,TRUE,TRUE,TRUE,Enemy,TRUE,TRUE,TRUE,TRUE,FALSE,TRUE,GEL (ELB),GEL (ELB),TRUE,TRUE,TRUE,TRUE,TRUE,TRUE,TRUE,FALSE,Dim light,FALSE,FALSE,FALSE,TRUE,FALSE,TRUE,GEL (ELB),TRUE,FALSE,FALSE,FALSE,,3,,,,,,this,this,this,this,this,this,this,this,this,this,this,this,this,this,Jumping Piranha Plant,this,this,,Piranha Plant,,,Plant piraña,,,Fleur Piranha,,,,Piranha-Pflanze,Pianta Piranha,,,,,
TRUE,TRUE,FALSE,FALSE,TRUE,FALSE,FALSE,TRUE,TRUE,Enemy,TRUE,TRUE,TRUE,TRUE,FALSE,TRUE,GEL (ELB),GEL (ELB),TRUE,TRUE,TRUE,TRUE,TRUE,TRUE,TRUE,,Dim light,FALSE,FALSE,FALSE,TRUE,FALSE,TRUE,GEL (ELB),TRUE,FALSE,FALSE,FALSE,,3,,,,,,this,this,this,this,this,this,this,this,this,this,this,this,Piranha Plant,Piranha Plant,this,Piranha Plant,Piranha Plant,,Jumping Piranha Plant,,,Planta piraña saltarina,,,Fleur Piranha sauteuse,,,,Hüpfer-Piranha,Pianta Piranha salterella,,,,,
TRUE,TRUE,TRUE,TRUE,TRUE,TRUE,TRUE,TRUE,TRUE,Enemy,TRUE,TRUE,TRUE,TRUE,FALSE,TRUE,GEL (ELB),GEL (ELB),TRUE,TRUE,TRUE,TRUE,TRUE,TRUE,TRUE,FALSE,Dim light,FALSE,TRUE,FALSE,TRUE,FALSE,TRUE,GEL (ELB),TRUE,FALSE,FALSE,FALSE,,3,,,,,,this,this,this,this,this,this,this,this,this,this,this,this,this,this,this,this,this,,Fire Piranha Plant,,,Piraña pirómana,,,Pyro Piranha,,,,Feuer-Piranha-Pflanze,Pianta Piranha falò,,,,,
TRUE,TRUE,TRUE,TRUE,TRUE,TRUE,TRUE,TRUE,TRUE,,FALSE,FALSE,FALSE,FALSE,FALSE,FALSE,,,FALSE,FALSE,FALSE,FALSE,FALSE,FALSE,FALSE,FALSE,,FALSE,TRUE,FALSE,FALSE,FALSE,FALSE,,FALSE,FALSE,FALSE,FALSE,,,,,,,,this,this,this,this,this,this,this,this,this,this,this,this,this,this,this,this,this,,Fire Piranha Plant's Fireball,,,,,,Boule de feu de Pyro Piranha,,,,,,,,,,
TRUE,TRUE,TRUE,TRUE,TRUE,TRUE,FALSE,TRUE,TRUE,Enemy,TRUE,FALSE,TRUE,TRUE,FALSE,TRUE,GEL (ELB),GEL (ELB),TRUE,TRUE,TRUE,TRUE,TRUE,TRUE,TRUE,FALSE,Dim light,FALSE,FALSE,FALSE,TRUE,FALSE,FALSE,GEL (ELB),TRUE,FALSE,FALSE,FALSE,,3,,,,,,this,this,this,this,this,this,this,this,this,this,this,this,this,this,this,this,,,Muncher,,,Tulipán piraña,,,Miamiam,,,,Mampfer,Sgranocchio,,,,,
FALSE,TRUE,FALSE,FALSE,FALSE,FALSE,TRUE,TRUE,FALSE,Enemy,FALSE,FALSE,FALSE,TRUE,FALSE,,,,FALSE,,,,,FALSE,FALSE,FALSE,,,FALSE,FALSE,FALSE,FALSE,,Piranha Creeper Limit,TRUE,FALSE,FALSE,FALSE,,,,,,,,this,,this,this,this,this,this,this,this,this,this,this,,,,,this,,Piranha Creeper,,,Piraña reptante,,,Piranha rampante,,,,Kriech-Piranha,Pianta Serpiranha,,,,,
TRUE,TRUE,TRUE,TRUE,TRUE,TRUE,FALSE,TRUE,TRUE,Enemy,TRUE,TRUE,TRUE,TRUE,FALSE,TRUE,GEL (ELB),GEL (ELB),FALSE,TRUE,FALSE,TRUE,FALSE,FALSE,FALSE,FALSE,Dim light,FALSE,FALSE,FALSE,TRUE,FALSE,TRUE,GEL (ELB),2,FALSE,FALSE,FALSE,,3,,,,,,this,this,this,this,this,this,this,this,this,this,this,this,this,this,this,this,,,Chain Chomp,,,Chomp cadenas,,,Boulouf,,,,Kettenhund,Categnaccio,,,,,
TRUE,TRUE,TRUE,TRUE,TRUE,TRUE,FALSE,TRUE,TRUE,Enemy,TRUE,TRUE,TRUE,TRUE,FALSE,TRUE,GEL (ELB),GEL (ELB),TRUE,TRUE,TRUE,TRUE,TRUE,TRUE,TRUE,FALSE,Dim light,FALSE,FALSE,FALSE,TRUE,FALSE,TRUE,GEL (ELB),TRUE,FALSE,FALSE,FALSE,,3,,,,,,this,this,this,this,this,this,this,this,this,this,this,this,this,this,this,this,,,Uchained Chomp,,,Chomp desencadenado,,,Boulouf déchaîne,,,,Freier Kettenhund,Categnaccio scatenato,,,,,
TRUE,TRUE,TRUE,TRUE,TRUE,TRUE,FALSE,TRUE,TRUE,,FALSE,FALSE,FALSE,FALSE,FALSE,FALSE,,,FALSE,TRUE,FALSE,FALSE,FALSE,FALSE,FALSE,FALSE,Dim light,FALSE,FALSE,FALSE,FALSE,FALSE,TRUE,,FALSE,FALSE,FALSE,FALSE,?,,,,,,,this,this,this,this,this,this,this,this,this,this,this,this,this,this,this,this,,,Chain Chomp Stomp,,,,,,Tronc de Boulouf,,,,,,,,,,
FALSE,TRUE,TRUE,TRUE,TRUE,TRUE,TRUE,TRUE,TRUE,Enemy,TRUE,TRUE,TRUE,TRUE,FALSE,TRUE,GEL (ELB),GEL (ELB),TRUE,TRUE,TRUE,TRUE,TRUE,TRUE,TRUE,FALSE,Dim light,FALSE,FALSE,FALSE,TRUE,FALSE,TRUE,GEL (ELB),TRUE,FALSE,FALSE,FALSE,,3,,,,,,this,this,this,this,this,this,this,this,this,this,this,this,this,this,this,this,this,,Spike,,,,,,Spike,,,,,,,,,,
FALSE,TRUE,TRUE,TRUE,TRUE,TRUE,TRUE,TRUE,TRUE,Enemy,TRUE,TRUE,TRUE,TRUE,FALSE,TRUE,GEL (ELB),GEL (ELB),TRUE,TRUE,TRUE,TRUE,TRUE,TRUE,TRUE,FALSE,Dim light,FALSE,FALSE,FALSE,FALSE,FALSE,TRUE,GEL (ELB),TRUE,FALSE,FALSE,FALSE,,3,,,,,,this,this,this,this,this,this,Snowball,this,this,this,this,this,this,this,this,this,this,,Spike Ball,,,,,,Boule Picos,,,,,,,,,,
FALSE,TRUE,TRUE,TRUE,TRUE,TRUE,TRUE,TRUE,TRUE,Enemy,TRUE,TRUE,TRUE,TRUE,FALSE,TRUE,GEL (ELB),GEL (ELB),TRUE,TRUE,TRUE,TRUE,TRUE,TRUE,TRUE,FALSE,,FALSE,FALSE,FALSE,FALSE,FALSE,TRUE,GEL (ELB),TRUE,FALSE,FALSE,FALSE,,3,,,,,,this,this,Spike Ball,Spike Ball,Spike Ball,Spike Ball,this,Spike Ball,this,Spike Ball,Spike Ball,Spike Ball,this,this,this,this,this,,Snowball,,,,,,Boule de neige,,,,,,,,,,
TRUE,TRUE,TRUE,TRUE,TRUE,TRUE,FALSE,TRUE,TRUE,Enemy,FALSE,FALSE,FALSE,TRUE,FALSE,FALSE,,,FALSE,FALSE,FALSE,,FALSE,FALSE,FALSE,FALSE,Dim light,FALSE,FALSE,FALSE,FALSE,FALSE,FALSE,GEL (ELB),2,FALSE,FALSE,FALSE,,3,,,,,,this,this,this,this,this,this,this,this,this,this,this,this,this,this,this,this,,,Lakitu,,,Lakitu,,,Lakitou,,,,Lakitu,Lakitu,,,,,
TRUE,TRUE,TRUE,TRUE,TRUE,TRUE,FALSE,TRUE,TRUE,,FALSE,FALSE,FALSE,FALSE,FALSE,FALSE,,,FALSE,FALSE,FALSE,,FALSE,FALSE,FALSE,FALSE,Dim light,FALSE,FALSE,FALSE,FALSE,FALSE,FALSE,GEL (ELB),TRUE,FALSE,FALSE,FALSE,,3,,,,,,this,this,this,this,this,this,this,this,this,this,this,this,this,this,this,this,,,Lakitu's Cloud,,,Nube de Lakitu,,,Nuage de Lakitou,,,,Lakitus Wolke,Nuvola di Lakitu,,,,,
TRUE,TRUE,TRUE,TRUE,TRUE,TRUE,TRUE,TRUE,TRUE,Enemy,TRUE,TRUE,TRUE,TRUE,FALSE,TRUE,GEL (ELB),GEL (ELB),TRUE,FALSE,TRUE,TRUE,TRUE,TRUE,TRUE,FALSE,Dim light,FALSE,FALSE,FALSE,TRUE,FALSE,FALSE,GEL (ELB),TRUE,FALSE,FALSE,FALSE,,3,,,,,,this,this,this,this,this,this,this,this,this,this,this,this,this,this,this,this,this,,Boo,,,Boo,,,Boo,,,,Buu Huu,Boo,,,,,
TRUE,TRUE,TRUE,TRUE,TRUE,TRUE,TRUE,TRUE,TRUE,,FALSE,FALSE,FALSE,TRUE,FALSE,FALSE,,,FALSE,FALSE,FALSE,FALSE,FALSE,FALSE,FALSE,FALSE,Dim light,FALSE,FALSE,FALSE,FALSE,FALSE,FALSE,GEL (ELB),TRUE,FALSE,FALSE,FALSE,,3,,,,,,this,this,this,this,this,this,this,this,this,this,this,this,this,this,this,this,this,,Strech,,,,,,Flexcible,,,,Stretches,Piattaforma Boo,,,,,
TRUE,TRUE,TRUE,TRUE,TRUE,TRUE,FALSE,TRUE,TRUE,Enemy,TRUE,TRUE,TRUE,TRUE,FALSE,TRUE,GEL (ELB),GEL (ELB),TRUE,TRUE,TRUE,TRUE,TRUE,TRUE,TRUE,FALSE,Dim light,FALSE,FALSE,FALSE,FALSE,FALSE,FALSE,GEL (ELB),TRUE,FALSE,FALSE,FALSE,,9,,,,,,this,this,this,this,this,this,this,this,this,this,this,this,this,this,this,this,Peepa,,Boo Buddies,,,Banda de boos,,,Amis Boo,,,,Buu-Helfer,Banda di Boo,,,,,
FALSE,TRUE,FALSE,FALSE,FALSE,FALSE,TRUE,TRUE,FALSE,Enemy,TRUE,TRUE,TRUE,TRUE,FALSE,FALSE,,,FALSE,FALSE,FALSE,FALSE,FALSE,TRUE,TRUE,FALSE,,FALSE,FALSE,FALSE,FALSE,FALSE,FALSE,GEL (ELB),TRUE,FALSE,FALSE,FALSE,,,,,,,,this,,this,this,this,this,this,this,this,this,this,this,Boo Buddies,Boo Buddies,Boo Buddies,Boo Buddies,this,,Peepa,,,Fantasmirón,,,Paltrak,,,,Spukmatz,Ectobaldo,,,,,
TRUE,TRUE,TRUE,TRUE,TRUE,TRUE,TRUE,TRUE,TRUE,Enemy,TRUE,TRUE,TRUE,TRUE,FALSE,TRUE,GEL (ELB),GEL (ELB),TRUE,TRUE,TRUE,TRUE,TRUE,TRUE,TRUE,FALSE,Dim light,FALSE,,FALSE,TRUE,FALSE,TRUE,GEL (ELB),TRUE,FALSE,FALSE,FALSE,,3,,,,,,this,this,this,this,this,this,this,this,this,this,this,this,this,this,this,this,this,,Bob-omb,,,Bob-omba,,,Bob-omb,,,,Bob-omb,Bob-omba,,,,,
TRUE,TRUE,TRUE,TRUE,TRUE,TRUE,TRUE,TRUE,TRUE,Enemy,TRUE,TRUE,TRUE,TRUE,FALSE,TRUE,GEL (ELB),GEL (ELB),TRUE,TRUE,TRUE,TRUE,TRUE,TRUE,TRUE,FALSE,Full light,TRUE,,FALSE,TRUE,FALSE,TRUE,GEL (ELB),TRUE,FALSE,FALSE,FALSE,,3,,,,,,this,this,this,this,this,this,this,this,this,this,this,this,this,this,this,this,this,,Lit Bob-omb,,,Bob-omba encendida,,,Bom-omb allumée,,,,Scharfer Bob-omb,Bom-omba innescato,,,,,
FALSE,TRUE,TRUE,TRUE,TRUE,TRUE,TRUE,TRUE,TRUE,Enemy,FALSE,FALSE,FALSE,TRUE,FALSE,TRUE,GEL (ELB),GEL (ELB),FALSE,TRUE,FALSE,FALSE,FALSE,FALSE,FALSE,FALSE,Project a light in front of them,FALSE,FALSE,FALSE,FALSE,FALSE,TRUE,GEL (ELB),TRUE,FALSE,FALSE,FALSE,,3,,,,,,this,this,this,this,this,this,Snow Pokey,this,this,this,this,this,this,this,this,this,this,,Pokey,,,,,,Pokey,,,,,,,,,,
FALSE,TRUE,TRUE,TRUE,TRUE,TRUE,TRUE,TRUE,TRUE,Enemy,FALSE,FALSE,FALSE,TRUE,FALSE,TRUE,GEL (ELB),GEL (ELB),FALSE,TRUE,FALSE,FALSE,FALSE,FALSE,FALSE,FALSE,,,FALSE,FALSE,FALSE,FALSE,TRUE,GEL (ELB),TRUE,FALSE,FALSE,FALSE,,3,,,,,,this,this,Pokey,Pokey,Pokey,Pokey,this,Pokey,this,Pokey,Pokey,Pokey,this,this,this,this,this,,Snow Pokey,,,,,,Pokey des neiges,,,,,,,,,,
TRUE,TRUE,TRUE,TRUE,TRUE,TRUE,TRUE,TRUE,TRUE,Enemy,FALSE,FALSE,FALSE,TRUE,FALSE,TRUE,GEL (ELB),GEL (ELB),FALSE,FALSE,FALSE,FALSE,FALSE,FALSE,FALSE,FALSE,Dim light,FALSE,FALSE,FALSE,TRUE,FALSE,TRUE,GEL (ELB),TRUE,FALSE,FALSE,FALSE,,3,,,,,,this,this,this,this,this,this,this,this,this,this,this,this,this,this,this,this,this,,Thwomp,,,Don Pisotón,,,Ka-Bang,,,,Steinblock,Thwomp,,,,,
TRUE,TRUE,TRUE,TRUE,TRUE,TRUE,FALSE,TRUE,TRUE,Enemy,FALSE,FALSE,FALSE,TRUE,FALSE,TRUE,GEL (ELB),GEL (ELB),FALSE,TRUE,TRUE,TRUE,TRUE,TRUE,TRUE,FALSE,Dim light,FALSE,FALSE,FALSE,TRUE,FALSE,TRUE,GEL (ELB),TRUE,FALSE,FALSE,FALSE,,3,,,,,,this,this,this,this,this,this,this,this,this,this,this,this,this,this,this,this,,,Monty Mole,,,Topo monty,,,Topi Taupe,,,,Monty Maulwurf,Tantatalpa,,,,,
TRUE,TRUE,TRUE,TRUE,TRUE,TRUE,FALSE,TRUE,TRUE,Enemy,FALSE,FALSE,FALSE,TRUE,FALSE,TRUE,GEL (ELB),GEL (ELB),FALSE,TRUE,TRUE,TRUE,TRUE,TRUE,TRUE,FALSE,Dim light,FALSE,FALSE,FALSE,TRUE,FALSE,TRUE,GEL (ELB),TRUE,FALSE,FALSE,FALSE,,3,,,,,,this,this,this,this,this,this,this,this,this,this,this,this,this,this,this,this,,,Rocky Wrench,,,Topo rocky,,,Mogu,,,,Rocky Schraubschlüssel,Tartatalpa,,,,,
TRUE,TRUE,TRUE,TRUE,TRUE,TRUE,FALSE,TRUE,TRUE,,FALSE,FALSE,FALSE,FALSE,FALSE,FALSE,,,FALSE,FALSE,FALSE,FALSE,FALSE,FALSE,FALSE,FALSE,Full light,FALSE,FALSE,FALSE,FALSE,FALSE,FALSE,,FALSE,FALSE,FALSE,TRUE,,,,,,,,this,this,this,this,this,this,this,this,this,this,this,this,this,this,this,this,,,Wrench,,,,,,Clé,,,,,,,,,,
TRUE,TRUE,TRUE,TRUE,TRUE,TRUE,TRUE,TRUE,TRUE,Enemy,FALSE,FALSE,FALSE,TRUE,FALSE,TRUE,GEL (ELB),GEL (ELB),FALSE,TRUE,TRUE,TRUE,TRUE,TRUE,TRUE,FALSE,Dim light,FALSE,FALSE,FALSE,TRUE,FALSE,TRUE,GEL (ELB),TRUE,FALSE,FALSE,FALSE,,3,,,,,,this,this,this,this,this,this,this,this,this,this,this,this,this,this,this,this,this,カメック,,Magikoopa,Kamek,,Magikoopa,Kamek,,Magikoopa,Kamek,Kamek,Kamek,Kamek,,마귀,卡美克,,
TRUE,TRUE,TRUE,TRUE,TRUE,TRUE,TRUE,TRUE,TRUE,,FALSE,FALSE,FALSE,FALSE,FALSE,FALSE,,,FALSE,FALSE,FALSE,FALSE,FALSE,FALSE,FALSE,FALSE,Full light,TRUE,FALSE,FALSE,FALSE,FALSE,FALSE,,FALSE,FALSE,FALSE,TRUE,,,,,,,,this,this,this,this,this,this,this,this,this,this,this,this,this,this,this,this,this,,,(Magikoopa's projectile),(Kamek's projectile),,,,?,,,,,,,,,,
TRUE,TRUE,TRUE,TRUE,TRUE,TRUE,TRUE,TRUE,TRUE,Enemy,TRUE,TRUE,TRUE,TRUE,FALSE,TRUE,GEL (ELB),GEL (ELB),TRUE,TRUE,TRUE,TRUE,TRUE,TRUE,TRUE,FALSE,Dim light,FALSE,FALSE,FALSE,TRUE,FALSE,TRUE,GEL (ELB),TRUE,FALSE,FALSE,FALSE,,3,,,,,,this,this,this,this,this,this,this,this,this,this,this,this,this,this,this,this,this,,Hammer Bro,,,Hermano Martillo,,,Frère Marto,,,,Hammer-Bruder,Martelkoopa,,,,,
TRUE,TRUE,TRUE,TRUE,TRUE,TRUE,TRUE,TRUE,TRUE,Enemy,FALSE,TRUE,TRUE,TRUE,FALSE,TRUE,GEL (ELB),GEL (ELB),TRUE,TRUE,TRUE,TRUE,TRUE,TRUE,TRUE,FALSE,Dim light,FALSE,FALSE,FALSE,TRUE,FALSE,TRUE,GEL (ELB),TRUE,FALSE,FALSE,FALSE,,3,,,,,,this,this,this,this,this,this,this,this,this,this,this,this,this,this,this,this,this,,Sledge Bro,,,Hermano Mazo,,,Frère Masse,,,,Vorschlag-Brüder,Martellone Bros,,,,,
TRUE,TRUE,TRUE,TRUE,TRUE,TRUE,TRUE,TRUE,TRUE,,FALSE,FALSE,FALSE,FALSE,FALSE,FALSE,,,FALSE,FALSE,FALSE,FALSE,FALSE,FALSE,FALSE,FALSE,Full light,FALSE,FALSE,FALSE,FALSE,FALSE,FALSE,,FALSE,FALSE,FALSE,TRUE,,,,,,,,this,this,this,this,this,this,this,this,this,this,this,this,this,this,this,this,this,,Hammer Bro's Hammer,,,,,,Marto de Frère Marto,,,,,,,,,,
FALSE,TRUE,FALSE,FALSE,FALSE,FALSE,TRUE,TRUE,FALSE,Enemy,TRUE,TRUE,TRUE,TRUE,FALSE,FALSE,,,TRUE,FALSE,FALSE,FALSE,FALSE,TRUE,TRUE,FALSE,,FALSE,FALSE,FALSE,FALSE,FALSE,FALSE,GEL (ELB),TRUE,FALSE,FALSE,FALSE,,,,,,,,this,,this,this,this,this,this,this,this,this,this,this,Hammer Bro,Hammer Bro,Hammer Bro,Hammer Bro,this,,Fire Bro,,,Hermano Fuego,,,Frère Pyro,,,,Feuer-Bruder,Fuoco Bros,,,,,
FALSE,TRUE,FALSE,FALSE,FALSE,FALSE,TRUE,TRUE,FALSE,Enemy,FALSE,TRUE,TRUE,TRUE,FALSE,FALSE,,,TRUE,FALSE,FALSE,FALSE,FALSE,TRUE,TRUE,FALSE,,FALSE,FALSE,FALSE,FALSE,FALSE,FALSE,GEL (ELB),TRUE,FALSE,FALSE,FALSE,,,,,,,,this,,this,this,this,this,this,this,this,this,this,this,Sledge Bro,Sledge Bro,Sledge Bro,Sledge Bro,this,,Heavy Fire Bro,,,,,,Frère Pyro lourd,,,,,,,,,,
FALSE,TRUE,FALSE,FALSE,FALSE,FALSE,TRUE,TRUE,FALSE,,FALSE,FALSE,FALSE,FALSE,FALSE,FALSE,,,FALSE,FALSE,FALSE,FALSE,FALSE,FALSE,FALSE,FALSE,,FALSE,TRUE,FALSE,FALSE,FALSE,FALSE,,FALSE,FALSE,FALSE,TRUE,,,,,,,,this,,this,this,this,this,this,this,this,this,this,this,,,,,this,,Fire Bro's Fireball,,,,,,Boule de feu de Frère Pyro,,,,,,,,,,
TRUE,TRUE,TRUE,TRUE,TRUE,TRUE,TRUE,TRUE,TRUE,Enemy,TRUE,TRUE,TRUE,TRUE,FALSE,TRUE,GEL (ELB),GEL (ELB),TRUE,TRUE,TRUE,TRUE,TRUE,TRUE,TRUE,FALSE,Full light,FALSE,FALSE,FALSE,FALSE,FALSE,FALSE,GEL (ELB),TRUE,FALSE,FALSE,FALSE,,3,,,,,,this,this,this,this,this,this,this,this,this,this,this,this,this,this,this,this,this,,Lava Bubble,,,Burbuja de lava,,,Bulle de lave,,,,Hothead,Fiammetto,,,,,
FALSE,TRUE,TRUE,TRUE,TRUE,TRUE,FALSE,TRUE,TRUE,Enemy,FALSE,FALSE,FALSE,TRUE,FALSE,TRUE,GEL (ELB),GEL (ELB),FALSE,TRUE,TRUE,TRUE,TRUE,TRUE,TRUE,FALSE,,FALSE,FALSE,FALSE,TRUE,FALSE,TRUE,GEL (ELB),TRUE,FALSE,FALSE,FALSE,,3,,,,,,this,this,this,this,this,this,this,this,this,this,this,this,this,this,this,this,,,Mechakoopa,,,,,,Méca-Koopa,,,,,,,,,,
FALSE,TRUE,TRUE,TRUE,TRUE,TRUE,FALSE,TRUE,TRUE,Enemy,FALSE,FALSE,FALSE,TRUE,FALSE,TRUE,GEL (ELB),GEL (ELB),FALSE,TRUE,TRUE,TRUE,TRUE,TRUE,TRUE,FALSE,,FALSE,FALSE,FALSE,TRUE,FALSE,TRUE,GEL (ELB),TRUE,FALSE,FALSE,FALSE,,3,,,,,,this,this,this,this,this,this,this,this,this,this,this,this,this,this,this,this,,,Blasta Mechakoopa,,,,,,Méca-Koopa missile,,,,,,,,,,
FALSE,TRUE,TRUE,TRUE,TRUE,TRUE,FALSE,TRUE,TRUE,,FALSE,FALSE,FALSE,FALSE,FALSE,FALSE,,,FALSE,TRUE,FALSE,FALSE,FALSE,FALSE,FALSE,FALSE,Full light,FALSE,FALSE,FALSE,FALSE,FALSE,FALSE,,TRUE,FALSE,FALSE,TRUE,,,,,,,,this,this,this,this,this,this,this,this,this,this,this,this,this,this,this,this,,,Homming Missile,,,,,,Missile à tête chercheuse,,,,,,,,,,
FALSE,TRUE,TRUE,TRUE,TRUE,TRUE,FALSE,TRUE,TRUE,Enemy,FALSE,FALSE,FALSE,TRUE,FALSE,TRUE,GEL (ELB),GEL (ELB),FALSE,TRUE,TRUE,TRUE,TRUE,TRUE,TRUE,FALSE,Variable,TRUE,FALSE,FALSE,TRUE,FALSE,TRUE,GEL (ELB),TRUE,FALSE,FALSE,FALSE,,3,,,,,,this,this,this,this,this,this,this,this,this,this,this,this,this,this,this,this,,,Zappa Mechakoopa,,,,,,Méca-Koopa laser,,,,,,,,,,
FALSE,TRUE,TRUE,TRUE,TRUE,TRUE,FALSE,TRUE,TRUE,,FALSE,FALSE,FALSE,FALSE,FALSE,FALSE,,,FALSE,FALSE,FALSE,FALSE,FALSE,FALSE,FALSE,FALSE,Full light,TRUE,FALSE,FALSE,FALSE,FALSE,FALSE,,FALSE,FALSE,FALSE,TRUE,,,,,,,,this,this,this,this,this,this,this,this,this,this,this,this,this,this,this,this,,,Electricity Beam,,,,,,Rayon d'électricité,,,,,,,,,,
FALSE,TRUE,FALSE,FALSE,FALSE,FALSE,TRUE,TRUE,FALSE,Enemy,FALSE,FALSE,FALSE,TRUE,FALSE,,,,FALSE,,,,,FALSE,FALSE,FALSE,,,FALSE,FALSE,FALSE,FALSE,,Charvaargh Limit,TRUE,FALSE,FALSE,FALSE,,,,,,,,this,,this,this,this,this,this,this,this,this,this,this,,,,,this,,Charvaargh,,,Lavonciopez,,,Poissalava,,,,Glutfisch,Pesce Magma,,,,,
FALSE,TRUE,FALSE,FALSE,FALSE,FALSE,TRUE,TRUE,FALSE,Enemy,FALSE,FALSE,FALSE,TRUE,FALSE,,,,FALSE,,,,,FALSE,FALSE,FALSE,,,FALSE,FALSE,FALSE,FALSE,,GEL (ELB),TRUE,FALSE,FALSE,FALSE,,,,,,,,this,,this,this,this,this,this,this,this,this,this,this,,,,,this,,Bully,,,Peleón,,,Voyou,,,,Bully,Bronco,,,,,
TRUE,TRUE,TRUE,TRUE,TRUE,TRUE,TRUE,TRUE,TRUE,Gizmo,FALSE,FALSE,FALSE,FALSE,FALSE,TRUE,GEL (ELB),GEL (ELB),FALSE,FALSE,FALSE,FALSE,FALSE,,FALSE,FALSE,,FALSE,FALSE,FALSE,TRUE,FALSE,TRUE,GEL (ELB),TRUE,FALSE,FALSE,FALSE,,3,,,,,,this,this,this,this,this,this,this,this,this,this,this,this,this,this,this,this,this,,Bill Blaster,,,Cañón Bill,,,Bill Boum,,,,Willi-Kanone,Cannone Bill,,,,,
TRUE,TRUE,TRUE,TRUE,TRUE,TRUE,TRUE,TRUE,TRUE,,FALSE,FALSE,FALSE,FALSE,FALSE,FALSE,,,FALSE,TRUE,FALSE,FALSE,FALSE,TRUE,FALSE,FALSE,Full light,FALSE,FALSE,FALSE,FALSE,FALSE,FALSE,,TRUE,FALSE,FALSE,FALSE,,,,,,,,this,this,this,this,this,this,this,this,this,this,this,this,this,this,this,this,this,,Bullet Bill,,,Bill Bala,,,Bill Balle,,,,Kugelwillis,Pallottoli Bill,,,,,
TRUE,TRUE,TRUE,TRUE,TRUE,TRUE,TRUE,TRUE,TRUE,Gizmo,FALSE,FALSE,FALSE,FALSE,FALSE,TRUE,GEL (ELB),GEL (ELB),FALSE,FALSE,FALSE,FALSE,FALSE,,FALSE,TRUE,,FALSE,FALSE,FALSE,TRUE,FALSE,TRUE,GEL (ELB),TRUE,FALSE,FALSE,FALSE,,3,,,,,,this,this,this,this,this,this,this,this,this,this,this,this,this,this,this,this,this,,Bull's-Eye Blaster,,,,,,Bill Boum chercheur,,,,,Cannone Bill Segugio,,,,,
TRUE,TRUE,TRUE,TRUE,TRUE,TRUE,FALSE,TRUE,TRUE,,FALSE,FALSE,FALSE,FALSE,FALSE,FALSE,,,FALSE,TRUE,FALSE,FALSE,FALSE,TRUE,FALSE,,Full light,FALSE,FALSE,FALSE,FALSE,FALSE,FALSE,,TRUE,FALSE,FALSE,FALSE,,,,,,,,this,this,this,this,this,this,this,this,this,this,this,this,this,this,this,this,Cat Bullet Bill,,Bull's-Eye Bill,,,,,,Bill Balle chercheur,,,,,,,,,,
FALSE,TRUE,FALSE,FALSE,FALSE,FALSE,TRUE,TRUE,FALSE,,FALSE,FALSE,FALSE,FALSE,FALSE,,,,FALSE,,,,,TRUE,FALSE,FALSE,,,FALSE,FALSE,FALSE,FALSE,,,TRUE,FALSE,FALSE,FALSE,,,,,,,,this,,this,this,this,this,this,this,this,this,this,this,Bull's-Eye Bill,Bull's-Eye Bill,Bull's-Eye Bill,Bull's-Eye Bill,this,,Cat Bullet Bill,,,,,,Bill Balle chat,,,,,,,,,,
FALSE,TRUE,TRUE,TRUE,TRUE,TRUE,TRUE,TRUE,TRUE,Gizmo,FALSE,FALSE,FALSE,FALSE,FALSE,FALSE,,,FALSE,FALSE,FALSE,FALSE,FALSE,FALSE,FALSE,FALSE,Dim light,FALSE,FALSE,FALSE,FALSE,FALSE,FALSE,GEL (ELB),TRUE,FALSE,FALSE,FALSE,,2,,,,,,this,this,this,this,this,this,this,this,this,this,this,this,this,this,this,this,this,,Banzai Bill,,,Bill banzai,,,Bill Banzaï,,,,Riesen-Kugelwilli,Banzai Bill,,,,,
FALSE,TRUE,TRUE,TRUE,TRUE,TRUE,FALSE,TRUE,TRUE,Gizmo,FALSE,FALSE,FALSE,FALSE,FALSE,FALSE,,,FALSE,FALSE,FALSE,FALSE,FALSE,FALSE,FALSE,,Dim light,FALSE,FALSE,FALSE,FALSE,FALSE,FALSE,GEL (ELB),TRUE,FALSE,FALSE,FALSE,,2,,,,,,this,this,this,this,this,this,this,this,this,this,this,this,this,this,this,this,Cat Banzai Bill,,Bull's-Eye Banzai,,,Banzai buscablancos,,,Bill Banzaï chercheur,,,,Voltreffer-Willi,Pallottolo Banzai Segugio,,,,,
FALSE,TRUE,FALSE,FALSE,FALSE,FALSE,TRUE,TRUE,FALSE,Gizmo,FALSE,FALSE,FALSE,FALSE,FALSE,,,,FALSE,,,,,FALSE,FALSE,FALSE,,,FALSE,FALSE,FALSE,FALSE,,GEL (ELB),TRUE,FALSE,FALSE,FALSE,,,,,,,,this,,this,this,this,this,this,this,this,this,this,this,Bull's-Eye Banzai,Bull's-Eye Banzai,Bull's-Eye Banzai,Bull's-Eye Banzai,this,,Cat Banzai Bill,,,,,,Bill Banzaï chat,,,,,,,,,,
TRUE,TRUE,TRUE,TRUE,TRUE,TRUE,FALSE,TRUE,TRUE,Gizmo,FALSE,FALSE,FALSE,FALSE,FALSE,TRUE,GEL (ELB),GEL (ELB),FALSE,TRUE,FALSE,TRUE,TRUE,FALSE,FALSE,,,FALSE,FALSE,FALSE,TRUE,FALSE,TRUE,GEL (ELB),TRUE,FALSE,FALSE,FALSE,,3,,,,,,this,this,this,this,this,this,this,this,this,this,this,this,this,this,this,this,,,Cannon,,,Cañón,,,Canon,,,,Kanone,Cannone,,,,,
TRUE,TRUE,TRUE,TRUE,TRUE,TRUE,FALSE,TRUE,TRUE,Gizmo,FALSE,FALSE,FALSE,FALSE,FALSE,TRUE,GEL (ELB),GEL (ELB),FALSE,TRUE,FALSE,TRUE,TRUE,FALSE,FALSE,,,FALSE,FALSE,FALSE,TRUE,FALSE,TRUE,GEL (ELB),TRUE,FALSE,FALSE,FALSE,,3,,,,,,this,this,this,this,this,this,this,this,this,this,this,this,this,this,this,this,,,Red Canon,,,Cañón rojo,,,Canon rouge,,,,,Cannone rosso,,,,,
TRUE,TRUE,TRUE,TRUE,TRUE,TRUE,FALSE,TRUE,TRUE,,FALSE,FALSE,FALSE,FALSE,FALSE,FALSE,,,FALSE,FALSE,FALSE,FALSE,FALSE,FALSE,FALSE,,Full light,FALSE,FALSE,FALSE,FALSE,FALSE,FALSE,,TRUE,FALSE,FALSE,TRUE,,,,,,,,this,this,this,this,this,this,this,this,this,this,this,this,this,this,this,this,,砲弾,Cannonball,,,Bola de cañón,,,Boulet de canon,,,Kanonskogel,Kanonenkugel,Palla di cannone,Ядро,,,,
TRUE,TRUE,TRUE,TRUE,TRUE,TRUE,FALSE,TRUE,TRUE,,FALSE,FALSE,FALSE,FALSE,FALSE,FALSE,,,FALSE,FALSE,FALSE,FALSE,FALSE,FALSE,FALSE,,Full light,FALSE,FALSE,FALSE,FALSE,FALSE,FALSE,,TRUE,FALSE,FALSE,TRUE,,,,,,,,this,this,this,this,this,this,this,this,this,this,this,this,this,this,this,this,,,Red cannonball,,,Bola de cañón rojo,,,Boulet de canon rouge,,,,,Palla di cannone rosso,,,,,
TRUE,TRUE,TRUE,TRUE,TRUE,TRUE,FALSE,TRUE,TRUE,Gizmo,FALSE,FALSE,FALSE,FALSE,FALSE,TRUE,GEL (ELB),GEL (ELB),FALSE,FALSE,FALSE,FALSE,FALSE,FALSE,FALSE,,Variable,TRUE,TRUE,FALSE,FALSE,FALSE,FALSE,GEL (ELB),TRUE,TRUE,FALSE,FALSE,,,,,,,,this,this,this,this,this,this,this,this,this,this,this,this,this,this,this,this,,,Burner,,,Soplete,,,Bill Flamme,,,,Brenner,Lanciafiamme,,,,,
TRUE,TRUE,TRUE,TRUE,TRUE,TRUE,FALSE,TRUE,TRUE,Gizmo,FALSE,FALSE,FALSE,FALSE,FALSE,TRUE,GEL (ELB),GEL (ELB),FALSE,FALSE,FALSE,FALSE,FALSE,FALSE,FALSE,,Full light,TRUE,TRUE,FALSE,FALSE,FALSE,FALSE,GEL (ELB),TRUE,TRUE,FALSE,FALSE,,,,,,,,this,this,this,this,this,this,this,this,this,this,this,this,this,this,this,this,,,Fire Bar,,,Barrera de fuego,,,Barre de feu,,,,Feuerbarriere,Barra infuocata,,,,,
TRUE,TRUE,TRUE,TRUE,TRUE,TRUE,FALSE,TRUE,TRUE,Gizmo,FALSE,FALSE,FALSE,FALSE,FALSE,FALSE,,,FALSE,FALSE,FALSE,FALSE,FALSE,FALSE,FALSE,,,FALSE,FALSE,FALSE,FALSE,FALSE,TRUE,GEL (ELB),TRUE,TRUE,FALSE,FALSE,,,,,,,,this,this,this,this,this,this,this,this,this,this,this,this,this,this,this,this,,,Skewer,,,Brocheta,,,Brochette,,,,Dornensäule,Rullo pungente,,,,,
TRUE,TRUE,TRUE,TRUE,TRUE,FALSE,FALSE,TRUE,TRUE,Enemy,FALSE,FALSE,FALSE,FALSE,FALSE,TRUE,GEL (ELB),GEL (ELB),FALSE,TRUE,FALSE,FALSE,,TRUE,TRUE,,Dim light,FALSE,FALSE,FALSE,FALSE,FALSE,TRUE,GEL (ELB),TRUE,FALSE,FALSE,FALSE,,4,,,,,,this,this,this,this,this,this,this,this,this,this,this,this,this,this,this,Junior Clown Car,,,Koopa Clown Car,,,Cápsula koopayaso,,,Clown Koopa,,,,Clown-Kutsche,Clown Koopa,,,,,
TRUE,TRUE,FALSE,FALSE,FALSE,TRUE,FALSE,TRUE,TRUE,Enemy,FALSE,FALSE,FALSE,FALSE,FALSE,TRUE,GEL (ELB),GEL (ELB),FALSE,TRUE,FALSE,FALSE,,TRUE,TRUE,,Dim light,FALSE,FALSE,FALSE,FALSE,FALSE,TRUE,GEL (ELB),TRUE,FALSE,FALSE,FALSE,,4,,,,,,this,this,this,this,this,this,this,this,this,this,this,this,Koopa Clown Car,Koopa Clown Car,Koopa Clown Car,this,,,Junior Clown Car,,,Cápsula koopayaso Jr.,,,Clown Koopa Jr.,,,,Junior-Clown-Kutsche,,,,,,
TRUE,TRUE,TRUE,TRUE,TRUE,FALSE,FALSE,TRUE,TRUE,Enemy,FALSE,FALSE,FALSE,FALSE,FALSE,TRUE,GEL (ELB),GEL (ELB),FALSE,TRUE,FALSE,FALSE,,TRUE,TRUE,,Dim light,FALSE,TRUE,FALSE,FALSE,FALSE,TRUE,GEL (ELB),TRUE,FALSE,FALSE,FALSE,,4,,,,,,this,this,this,this,this,this,this,this,this,this,this,this,this,this,this,Fire Junior Clown Car,,,Fire Koopa Clown Car,,,Cápsula koopayaso de fuego,,,Clown Koopa de feu,,,,Fueur-Clown-Kutsche,Clown Koopa di fuoco,,,,,
TRUE,TRUE,FALSE,FALSE,FALSE,TRUE,FALSE,TRUE,TRUE,Enemy,FALSE,FALSE,FALSE,FALSE,FALSE,TRUE,GEL (ELB),GEL (ELB),FALSE,TRUE,FALSE,FALSE,,TRUE,TRUE,,Dim light,FALSE,TRUE,FALSE,FALSE,FALSE,TRUE,GEL (ELB),TRUE,FALSE,FALSE,FALSE,,4,,,,,,this,this,this,this,this,this,this,this,this,this,this,this,Fire Koopa Clown Car,Fire Koopa Clown Car,Fire Koopa Clown Car,this,,,Fire Junior Clown Car,,,Cápsula koopayaso Jr. de fuego,,,Clown Koopa Jr. de feu,,,,Feuer-Junior-Clown-Kutsche,,,,,,
TRUE,TRUE,TRUE,TRUE,TRUE,TRUE,FALSE,TRUE,TRUE,,FALSE,FALSE,FALSE,FALSE,FALSE,FALSE,,,FALSE,FALSE,FALSE,FALSE,,FALSE,FALSE,,Full light,TRUE,FALSE,FALSE,FALSE,FALSE,FALSE,,FALSE,FALSE,FALSE,TRUE,,,,,,,,this,this,this,this,this,this,this,this,this,this,this,this,this,this,this,this,,,Fire Koopa / Junior Clown Car's Fire,,,,,,Boule de feu de Clown Koopa (Jr.) de feu,,,,,,,,,,
FALSE,TRUE,FALSE,FALSE,FALSE,FALSE,TRUE,TRUE,FALSE,Enemy,FALSE,FALSE,FALSE,FALSE,FALSE,,,,FALSE,,,,,FALSE,FALSE,FALSE,,,FALSE,FALSE,FALSE,FALSE,,Koopa Troopa Car Limit,TRUE,FALSE,FALSE,FALSE,,,,,,,,this,,this,this,this,this,this,this,this,this,this,this,,,,,this,,Koopa Troopa Car,,,Kart de koopa,,,Voiture de Koopa,,,,Koopa-Auto,Auto Koopa,,,,,
FALSE,TRUE,FALSE,FALSE,FALSE,FALSE,TRUE,TRUE,FALSE,,FALSE,FALSE,FALSE,FALSE,FALSE,,,,FALSE,,,,,FALSE,FALSE,FALSE,,,FALSE,FALSE,FALSE,FALSE,,,TRUE,FALSE,FALSE,FALSE,,,,,,,,this,,this,this,this,this,this,this,this,this,this,this,,,,,this,,Car,,,Kart,,,Voiture,,,,,Auto,,,,,
TRUE,TRUE,TRUE,TRUE,TRUE,TRUE,FALSE,TRUE,TRUE,Gizmo,FALSE,FALSE,FALSE,FALSE,FALSE,TRUE,GEL (ELB),GEL (ELB),FALSE,FALSE,FALSE,FALSE,FALSE,FALSE,FALSE,,,FALSE,FALSE,FALSE,FALSE,FALSE,FALSE,GEL (ELB),TRUE,FALSE,FALSE,FALSE,,6,,,,,,this,this,this,this,this,this,this,this,this,this,this,this,this,this,this,this,,,Grinder,,,Sierra,,,Scie circulaire,,,,Kreissäge,Sega circolare,,,,,
TRUE,TRUE,TRUE,TRUE,TRUE,TRUE,FALSE,TRUE,TRUE,Gizmo,FALSE,FALSE,FALSE,FALSE,FALSE,TRUE,GEL (ELB),GEL (ELB),FALSE,FALSE,FALSE,FALSE,FALSE,FALSE,FALSE,,,FALSE,FALSE,FALSE,FALSE,FALSE,FALSE,GEL (ELB),TRUE,FALSE,FALSE,FALSE,,6,,,,,,this,this,this,this,this,this,this,this,this,this,this,this,this,this,this,this,,,Bumper,,,Rueda elástica,,,Pneu à bonds,,,,Rückprallring,Ruota di gomma,,,,,
FALSE,TRUE,TRUE,TRUE,TRUE,TRUE,FALSE,TRUE,TRUE,Gizmo,FALSE,FALSE,FALSE,FALSE,FALSE,TRUE,GEL (ELB),GEL (ELB),FALSE,,FALSE,FALSE,FALSE,FALSE,FALSE,,,FALSE,FALSE,FALSE,FALSE,FALSE,FALSE,GEL (ELB),TRUE,FALSE,FALSE,FALSE,,10,,,,,,this,this,this,this,this,this,this,this,this,this,this,this,this,this,this,this,,,Swinging Claw,,,Garra oscilante,,,Pince suspendue,,,,Kettengreifer,Gru oscillante,,,,,
TRUE,TRUE,TRUE,TRUE,TRUE,TRUE,FALSE,TRUE,TRUE,Enemy,TRUE,TRUE,TRUE,TRUE,FALSE,TRUE,Bowser / Bowser Jr. limit,Bowser / Bowser Jr. limit,FALSE,TRUE,FALSE,TRUE,TRUE,FALSE,FALSE,,Dim light,FALSE,FALSE,FALSE,TRUE,TRUE,TRUE,Bowser / Bowser Jr. Limit,TRUE,FALSE,FALSE,FALSE,,3,,,,,,this,this,this,this,this,this,this,this,this,this,this,this,this,this,this,this,Meowser,,Bowser,,,Bowser,,,Bowser,,,,Bowser,Bowser,,,,,
FALSE,TRUE,FALSE,FALSE,FALSE,FALSE,TRUE,TRUE,FALSE,Enemy,TRUE,TRUE,TRUE,FALSE,FALSE,,,,FALSE,,,,,FALSE,FALSE,FALSE,,,FALSE,FALSE,FALSE,FALSE,,Bowser / Bowser Jr. Limit,TRUE,FALSE,FALSE,FALSE,,,,,,,,this,,this,this,this,this,this,this,this,this,this,this,Bowser,Bowser,Bowser,Bowser,this,,Meowser,,,Bowser felino,,,Bowser chat,,,,Miauser,Miauser,,,,,
TRUE,TRUE,TRUE,TRUE,TRUE,TRUE,TRUE,TRUE,TRUE,,FALSE,FALSE,FALSE,FALSE,FALSE,FALSE,,,FALSE,FALSE,FALSE,FALSE,FALSE,FALSE,FALSE,FALSE,Full light,FALSE,TRUE,FALSE,FALSE,FALSE,FALSE,,FALSE,FALSE,FALSE,Temporary as it comes out,,,,,,,,this,this,this,this,this,this,this,this,this,this,this,this,this,this,this,this,this,,Bowser's Fire,,,,,,Feu de Bowser,,,,,,,,,,
TRUE,TRUE,FALSE,FALSE,TRUE,FALSE,FALSE,TRUE,TRUE,,FALSE,FALSE,FALSE,FALSE,FALSE,FALSE,,,FALSE,FALSE,FALSE,FALSE,FALSE,FALSE,FALSE,,Full light,,TRUE,FALSE,FALSE,FALSE,TRUE,,FALSE,FALSE,FALSE,Temporary as it comes out,,,,,,,,this,this,this,this,this,this,this,this,this,this,this,this,,,this,,,がんばってもダメなのだ,Fire Rain of fire,,,Lluvia ígnea,,,Poussières d'artifices,,,,Keine Chance!,Pioggia di fuoco,,,,,
TRUE,TRUE,TRUE,TRUE,TRUE,TRUE,FALSE,TRUE,TRUE,Enemy,TRUE,TRUE,TRUE,TRUE,FALSE,TRUE,Bowser / Bowser Jr. limit,Bowser / Bowser Jr. limit,FALSE,TRUE,FALSE,TRUE,TRUE,FALSE,FALSE,,Dim light,FALSE,FALSE,FALSE,TRUE,TRUE,TRUE,Bowser / Bowser Jr. Limit,TRUE,FALSE,FALSE,FALSE,,3,,,,,,this,this,this,this,this,this,this,this,this,this,this,this,this,this,this,this,,,Bowser Jr.,,,Bowser Jr.,,,Bowser Jr.,,,,Bowser Jr.,Bowser Junior,,,,,
TRUE,TRUE,TRUE,TRUE,TRUE,TRUE,FALSE,TRUE,TRUE,,FALSE,FALSE,FALSE,FALSE,FALSE,FALSE,,,FALSE,FALSE,FALSE,FALSE,FALSE,FALSE,FALSE,,Full light,FALSE,TRUE,FALSE,FALSE,FALSE,FALSE,,FALSE,FALSE,FALSE,TRUE,,,,,,,,this,this,this,this,this,this,this,this,this,this,this,this,this,this,this,this,,,Bowser Jr.'s Fire,,,,,,Feu de Bowser Jr.,,,,,,,,,,
TRUE,TRUE,TRUE,TRUE,TRUE,TRUE,TRUE,TRUE,TRUE,Enemy,TRUE,TRUE,TRUE,TRUE,FALSE,TRUE,Boom Boom / Pom Pom limit,Boom Boom / Pom Pom limit,FALSE,TRUE,FALSE,TRUE,TRUE,FALSE,FALSE,,Dim light,FALSE,FALSE,FALSE,TRUE,TRUE,TRUE,Boom Boom / Pom Pom Limit,TRUE,FALSE,FALSE,FALSE,,3,,,,,,this,this,this,this,this,this,this,this,this,this,this,this,this,this,this,this,this,,Boom Boom,,,Bum Bum,,,Boum Boum,,,,Bumm Bumm,Boom Boom,,,,,
FALSE,TRUE,FALSE,FALSE,FALSE,FALSE,TRUE,TRUE,FALSE,Enemy,TRUE,TRUE,TRUE,TRUE,FALSE,,,,FALSE,,,,,FALSE,FALSE,,,,FALSE,FALSE,FALSE,TRUE,,Boom Boom / Pom Pom Limit,TRUE,FALSE,FALSE,FALSE,,,,,,,,this,,this,this,this,this,this,this,this,this,this,this,Boom Boom,Boom Boom,Boom Boom,Boom Boom,this,,Pom Pom,,,Pum Pum,,,Poum Poum,,,,Pom Pom,Poom Poom,,,,,
FALSE,TRUE,FALSE,FALSE,FALSE,FALSE,TRUE,TRUE,FALSE,,FALSE,FALSE,FALSE,FALSE,FALSE,,,,FALSE,,,,,FALSE,FALSE,,,,FALSE,FALSE,FALSE,FALSE,,,FALSE,FALSE,FALSE,TRUE,,,,,,,,this,,this,this,this,this,this,this,this,this,this,this,,,,,this,,Pom Pom's clone,,,,,,Clone de Pom Pom,,,,,,,,,,
FALSE,TRUE,FALSE,FALSE,FALSE,FALSE,TRUE,TRUE,FALSE,,FALSE,FALSE,FALSE,FALSE,FALSE,,,,FALSE,,,,,FALSE,FALSE,,,,FALSE,FALSE,FALSE,FALSE,,,FALSE,FALSE,FALSE,TRUE,,,,,,,,this,,this,this,this,this,this,this,this,this,this,this,,,,,this,,Shuriken,,,,,,Shuriken,,,,,,,,,,
FALSE,TRUE,TRUE,TRUE,TRUE,TRUE,FALSE,TRUE,TRUE,Enemy,TRUE,TRUE,TRUE,TRUE,FALSE,TRUE,Koopaling limit,Koopaling limit,FALSE,TRUE,FALSE,TRUE,TRUE,FALSE,FALSE,,Dim light,FALSE,FALSE,FALSE,TRUE,TRUE,TRUE,Koopaling Limit,TRUE,FALSE,FALSE,FALSE,,3,,,,,,this,this,this,this,this,this,this,this,this,this,this,this,this,this,this,this,,,Larry,,,,,,Larry,,,,,,,,,,
FALSE,FALSE,TRUE,TRUE,TRUE,TRUE,FALSE,TRUE,TRUE,,FALSE,FALSE,FALSE,FALSE,FALSE,FALSE,,,FALSE,FALSE,FALSE,FALSE,FALSE,FALSE,FALSE,,Full light,TRUE,NSMBU,FALSE,FALSE,FALSE,FALSE,,FALSE,FALSE,FALSE,TRUE,,,,,,,,this,this,this,this,this,this,this,this,this,this,this,this,this,this,this,this,,,(Larry's Projectile),,,,,,?,,,,,,,,,,
FALSE,TRUE,TRUE,TRUE,TRUE,TRUE,FALSE,TRUE,TRUE,Enemy,TRUE,TRUE,TRUE,TRUE,FALSE,TRUE,Koopaling limit,Koopaling limit,FALSE,TRUE,FALSE,TRUE,TRUE,FALSE,FALSE,,Dim light,FALSE,FALSE,FALSE,TRUE,TRUE,TRUE,Koopaling Limit,TRUE,FALSE,FALSE,FALSE,,3,,,,,,this,this,this,this,this,this,this,this,this,this,this,this,this,this,this,this,,,Iggy,,,,,,Iggy,,,,,,,,,,
FALSE,FALSE,TRUE,TRUE,TRUE,TRUE,FALSE,TRUE,TRUE,,FALSE,FALSE,FALSE,FALSE,FALSE,FALSE,,,FALSE,FALSE,FALSE,FALSE,FALSE,FALSE,FALSE,,Full light,TRUE,NSMBU,FALSE,FALSE,FALSE,FALSE,,FALSE,FALSE,FALSE,FALSE,,,,,,,,this,this,this,this,this,this,this,this,this,this,this,this,this,this,this,this,,,(Iggy's Projectile),,,,,,?,,,,,,,,,,
FALSE,TRUE,TRUE,TRUE,TRUE,TRUE,FALSE,TRUE,TRUE,Enemy,TRUE,TRUE,TRUE,TRUE,FALSE,TRUE,Koopaling limit,Koopaling limit,FALSE,TRUE,FALSE,TRUE,TRUE,FALSE,FALSE,,Dim light,FALSE,FALSE,FALSE,TRUE,TRUE,TRUE,Koopaling Limit,TRUE,FALSE,FALSE,FALSE,,3,,,,,,this,this,this,this,this,this,this,this,this,this,this,this,this,this,this,this,,,Wendy,,,,,,Wendy,,,,,,,,,,
FALSE,TRUE,TRUE,TRUE,TRUE,TRUE,FALSE,TRUE,TRUE,,FALSE,FALSE,FALSE,FALSE,FALSE,FALSE,,,FALSE,FALSE,FALSE,FALSE,FALSE,FALSE,FALSE,,Full light,TRUE,FALSE,FALSE,FALSE,FALSE,FALSE,,FALSE,FALSE,FALSE,TRUE,,,,,,,,this,this,this,this,this,this,this,this,this,this,this,this,this,this,this,this,,,(Wendy's Ring),,,,,,?,,,,,,,,,,
FALSE,TRUE,TRUE,TRUE,TRUE,TRUE,FALSE,TRUE,TRUE,Enemy,TRUE,TRUE,TRUE,TRUE,FALSE,TRUE,Koopaling limit,Koopaling limit,FALSE,TRUE,FALSE,TRUE,TRUE,FALSE,FALSE,,Dim light,FALSE,FALSE,FALSE,TRUE,TRUE,TRUE,Koopaling Limit,TRUE,FALSE,FALSE,FALSE,,3,,,,,,this,this,this,this,this,this,this,this,this,this,this,this,this,this,this,this,,レミー,Lemmy,,,,,,Lemmy,,,,Lemmy,Lemmy,Лемми,레미,,,
FALSE,TRUE,TRUE,TRUE,TRUE,TRUE,FALSE,TRUE,TRUE,,FALSE,FALSE,FALSE,FALSE,FALSE,FALSE,,,FALSE,FALSE,FALSE,FALSE,FALSE,FALSE,FALSE,,Dim light,FALSE,FALSE,FALSE,FALSE,FALSE,TRUE,,FALSE,FALSE,FALSE,TRUE,,,,,,,,this,this,this,this,this,this,this,this,this,this,this,this,this,this,this,this,,,Koopa Ball,,,,,,?,,,,,,,,,,
FALSE,TRUE,TRUE,TRUE,TRUE,TRUE,FALSE,TRUE,TRUE,Enemy,TRUE,TRUE,TRUE,TRUE,FALSE,TRUE,Koopaling limit,Koopaling limit,FALSE,TRUE,FALSE,TRUE,TRUE,FALSE,FALSE,,Dim light,FALSE,FALSE,FALSE,TRUE,TRUE,TRUE,Koopaling Limit,TRUE,FALSE,FALSE,FALSE,,3,,,,,,this,this,this,this,this,this,this,this,this,this,this,this,this,this,this,this,,,Roy,,,,,,Roy,,,,,,,,,,
FALSE,FALSE,TRUE,TRUE,TRUE,TRUE,FALSE,TRUE,TRUE,,FALSE,FALSE,FALSE,FALSE,FALSE,FALSE,,,FALSE,FALSE,FALSE,FALSE,FALSE,FALSE,FALSE,,Full light,TRUE,NSMBU,FALSE,FALSE,FALSE,FALSE,,FALSE,FALSE,FALSE,TRUE,,,,,,,,this,this,this,this,this,this,this,this,this,this,this,this,this,this,this,this,,,(Roy's Projectile),,,,,,?,,,,,,,,,,
FALSE,TRUE,TRUE,TRUE,TRUE,TRUE,FALSE,TRUE,TRUE,Enemy,TRUE,TRUE,TRUE,TRUE,FALSE,TRUE,Koopaling limit,Koopaling limit,FALSE,TRUE,FALSE,TRUE,TRUE,FALSE,FALSE,,Dim light,FALSE,FALSE,FALSE,TRUE,TRUE,TRUE,Koopaling Limit,TRUE,FALSE,FALSE,FALSE,,3,,,,,,this,this,this,this,this,this,this,this,this,this,this,this,this,this,this,this,,,Morton,,,,,,Morton,,,,,,,,,,
FALSE,FALSE,TRUE,TRUE,TRUE,TRUE,FALSE,TRUE,TRUE,,FALSE,FALSE,FALSE,FALSE,FALSE,FALSE,,,FALSE,FALSE,FALSE,FALSE,FALSE,FALSE,FALSE,,Full light,TRUE,NSMBU,FALSE,FALSE,FALSE,FALSE,,FALSE,FALSE,FALSE,TRUE,,,,,,,,this,this,this,this,this,this,this,this,this,this,this,this,this,this,this,this,,,(Morton's Thrown Projectile),,,,,,?,,,,,,,,,,
FALSE,FALSE,TRUE,TRUE,TRUE,TRUE,FALSE,TRUE,TRUE,,FALSE,FALSE,FALSE,FALSE,FALSE,FALSE,,,FALSE,FALSE,FALSE,FALSE,FALSE,FALSE,FALSE,,Full light,TRUE,NSMBU,FALSE,FALSE,FALSE,FALSE,,FALSE,FALSE,FALSE,TRUE,,,,,,,,this,this,this,this,this,this,this,this,this,this,this,this,this,this,this,this,,,(Morton's Ground Projectile),,,,,,?,,,,,,,,,,
FALSE,TRUE,TRUE,TRUE,TRUE,TRUE,FALSE,TRUE,TRUE,Enemy,TRUE,TRUE,TRUE,TRUE,FALSE,TRUE,Koopaling limit,Koopaling limit,FALSE,TRUE,FALSE,TRUE,TRUE,FALSE,FALSE,,Dim light,FALSE,FALSE,FALSE,TRUE,TRUE,TRUE,Koopaling Limit,TRUE,FALSE,FALSE,FALSE,,3,,,,,,this,this,this,this,this,this,this,this,this,this,this,this,this,this,this,this,,,Ludwig,,,,,,Ludwig,,,,,,,,,,
FALSE,FALSE,TRUE,TRUE,TRUE,TRUE,FALSE,TRUE,TRUE,,FALSE,FALSE,FALSE,FALSE,FALSE,FALSE,,,FALSE,FALSE,FALSE,FALSE,FALSE,FALSE,FALSE,,Full light,TRUE,NSMBU,FALSE,FALSE,FALSE,FALSE,,FALSE,FALSE,FALSE,TRUE,,,,,,,,this,this,this,this,this,this,this,this,this,this,this,this,this,this,this,this,,,(Ludwig's Projectile),,,,,,?,,,,,,,,,,
FALSE,TRUE,TRUE,TRUE,TRUE,TRUE,FALSE,TRUE,FALSE,Enemy,FALSE,FALSE,FALSE,TRUE,FALSE,FALSE,,,FALSE,FALSE,FALSE,FALSE,FALSE,FALSE,FALSE,,,,TRUE,FALSE,FALSE,FALSE,FALSE,Angry Sun / Moon limit,TRUE,FALSE,FALSE,FALSE,,3,,,,,,this,Moon,this,this,this,this,this,this,this,this,this,this,this,this,this,this,,,Angry Sun,,,Sol,,,Soleil,,,,Sonne,Sole malvagio,,,,,
FALSE,TRUE,TRUE,TRUE,TRUE,TRUE,FALSE,FALSE,TRUE,Enemy,FALSE,FALSE,FALSE,TRUE,FALSE,FALSE,,,FALSE,FALSE,FALSE,FALSE,FALSE,FALSE,FALSE,,Full light,TRUE,FALSE,FALSE,FALSE,FALSE,FALSE,Angry Sun / Moon limit,TRUE,FALSE,FALSE,FALSE,,3,,,,,,Angry Sun,this,this,this,this,this,this,this,this,this,this,this,this,this,this,this,,,Moon,,,Luna,,,Lune,,,,Mond,Luna,,,,,
FALSE,TRUE,TRUE,TRUE,TRUE,TRUE,TRUE,TRUE,TRUE,Enemy,FALSE,FALSE,FALSE,FALSE,FALSE,FALSE,,,FALSE,FALSE,FALSE,FALSE,FALSE,FALSE,FALSE,FALSE,,FALSE,FALSE,FALSE,FALSE,FALSE,FALSE,GEL (ELB),TRUE,FALSE,FALSE,FALSE,,3,,,,,,this,this,this,this,this,this,this,this,this,this,this,this,this,this,this,this,this,,Twister,,,Torbellino,,,Tourbillon,,,,Wirbelwind,Mulinello d'aria,,,,,
TRUE,TRUE,TRUE,TRUE,TRUE,TRUE,FALSE,TRUE,TRUE,Gizmo,FALSE,FALSE,FALSE,FALSE,FALSE,FALSE,,,FALSE,FALSE,FALSE,FALSE,FALSE,FALSE,FALSE,,,FALSE,FALSE,FALSE,FALSE,FALSE,FALSE,One-Way Wall / Arrow Sign / Dash Block Limit,TRUE,TRUE,FALSE,FALSE,,,,,,,,this,this,this,this,this,this,this,this,this,this,this,this,this,this,this,this,,,One-Way Wall,,,Muro unidireccional,,,Mur à sens unique,,,,Einbahnwand,Muro a senso unico,,,,,
TRUE,TRUE,TRUE,TRUE,TRUE,TRUE,FALSE,TRUE,TRUE,Gizmo,FALSE,FALSE,FALSE,FALSE,TRUE,,,,FALSE,FALSE,FALSE,FALSE,FALSE,FALSE,FALSE,,,FALSE,FALSE,FALSE,FALSE,FALSE,FALSE,Track Limit,FALSE,FALSE,FALSE,FALSE,,,,,,,,this,this,this,this,this,this,this,this,this,this,this,this,this,this,this,this,,,Track,,,Riel,,,Rail,,,,Förderband,Binario,,,,,
TRUE,TRUE,TRUE,TRUE,TRUE,TRUE,FALSE,TRUE,TRUE,Gizmo,FALSE,FALSE,FALSE,FALSE,FALSE,FALSE,,,FALSE,FALSE,FALSE,FALSE,FALSE,FALSE,TRUE,,,FALSE,FALSE,FALSE,FALSE,FALSE,FALSE,Other Ground + Vine Limit,FALSE,FALSE,FALSE,FALSE,GVL,,,,,,,this,this,this,this,this,this,this,this,this,this,this,this,this,this,this,this,,,Vine,,,,,,?,,,,,,,,,,
FALSE,TRUE,FALSE,FALSE,FALSE,FALSE,TRUE,TRUE,FALSE,Gizmo,FALSE,FALSE,FALSE,FALSE,FALSE,,,,FALSE,,,,,FALSE,FALSE,FALSE,,,FALSE,FALSE,FALSE,FALSE,,GEL (ELB),TRUE,FALSE,FALSE,FALSE,,,,,,,,this,,this,this,this,this,this,this,this,this,this,this,,,,,this,,Tree,,,,,,Arbre,,,,,,,,,,
TRUE,TRUE,TRUE,TRUE,TRUE,TRUE,TRUE,TRUE,TRUE,Gizmo,FALSE,FALSE,FALSE,FALSE,FALSE,FALSE,,,FALSE,FALSE,FALSE,FALSE,FALSE,FALSE,FALSE,FALSE,Dim light,FALSE,FALSE,FALSE,FALSE,FALSE,FALSE,One-Way Wall / Arrow Sign / Dash Block Limit,FALSE,FALSE,FALSE,FALSE,,,,,,,,this,this,this,this,this,this,this,this,this,this,this,this,this,this,this,this,this,,Arrow Sign,,,Flecha,,,Flèche,,,,Wegweiser,Freccia,,,,,
TRUE,TRUE,TRUE,TRUE,TRUE,TRUE,TRUE,TRUE,TRUE,Gizmo,FALSE,FALSE,FALSE,FALSE,FALSE,FALSE,,,FALSE,FALSE,FALSE,FALSE,FALSE,FALSE,FALSE,FALSE,Full light,FALSE,FALSE,FALSE,FALSE,FALSE,FALSE,Checkpoint Limit,FALSE,FALSE,FALSE,FALSE,,,,,,,,this,this,this,this,this,this,this,this,this,this,this,this,this,this,this,this,this,,Checkpoint Flag,,,Banderín de etapa,,,Drapeau relais,,,,Rücksetzpunkt,Punto intermedio,,,,,
FALSE,TRUE,FALSE,FALSE,FALSE,FALSE,TRUE,TRUE,FALSE,Gizmo,FALSE,FALSE,FALSE,FALSE,FALSE,,,,FALSE,,,,,FALSE,FALSE,FALSE,,,FALSE,FALSE,FALSE,FALSE,,One-Way Wall / Arrow Sign / Dash Block Limit,TRUE,TRUE,FALSE,FALSE,,,,,,,,this,,this,this,this,this,this,this,this,this,this,this,,,,,this,,Dash Block,,,,,,Bloc turbo,,,,,,,,,,
FALSE,TRUE,TRUE,TRUE,TRUE,TRUE,TRUE,TRUE,TRUE,Gizmo,FALSE,FALSE,FALSE,FALSE,FALSE,FALSE,,,FALSE,FALSE,FALSE,FALSE,FALSE,FALSE,FALSE,FALSE,Full light,FALSE,FALSE,FALSE,FALSE,TRUE,FALSE,Snake Block Limit,TRUE,FALSE,FALSE,FALSE,,Variable,,,,,,this,this,this,this,this,this,this,this,this,this,this,this,this,this,this,this,this,,Snake Block,,,Bloque serpiente,,,Bloc serpent,,,,Schangenblock,Blocco serpentino,,,,,
FALSE,TRUE,TRUE,TRUE,TRUE,TRUE,TRUE,TRUE,TRUE,Gizmo,FALSE,FALSE,FALSE,FALSE,FALSE,FALSE,,,FALSE,FALSE,FALSE,FALSE,FALSE,FALSE,FALSE,FALSE,Full light,FALSE,FALSE,FALSE,FALSE,TRUE,FALSE,Snake Block Limit,TRUE,FALSE,FALSE,FALSE,,Variable,,,,,,this,this,this,this,this,this,this,this,this,this,this,this,this,this,this,this,this,,Fast Snake Block,,,,,,Bloc serpent rapide,,,,Schneller Schangenblock,Blocco serpentino veloce,,,,,
TRUE,TRUE,TRUE,TRUE,TRUE,TRUE,TRUE,TRUE,TRUE,Gizmo,FALSE,FALSE,FALSE,FALSE,TRUE,FALSE,,,FALSE,FALSE,FALSE,FALSE,FALSE,FALSE,FALSE,FALSE,,FALSE,FALSE,FALSE,FALSE,FALSE,FALSE,Ground Limit 2,FALSE,FALSE,FALSE,FALSE,,,,,,,,this,this,this,this,this,this,this,this,this,this,this,this,this,this,this,this,this,,Conveyor Belt,,,Cinta transportadora,,,Tapis roulant,,,,Förderband,Nastro trasportatore,,,,,
TRUE,TRUE,TRUE,TRUE,TRUE,TRUE,TRUE,TRUE,TRUE,Gizmo,FALSE,FALSE,FALSE,FALSE,TRUE,FALSE,,,FALSE,FALSE,FALSE,FALSE,FALSE,FALSE,FALSE,FALSE,,FALSE,FALSE,FALSE,FALSE,FALSE,FALSE,Ground Limit 2,FALSE,FALSE,FALSE,FALSE,,,,,,,,this,this,this,this,this,this,this,this,this,this,this,this,this,this,this,this,this,,Fast Conveyor Belt,,,Cinta transportadora rapída,,,Tapis roulant rapide,,,,Schnelles Förderband,Nastro trasportatore veloce,,,,,
FALSE,TRUE,FALSE,FALSE,FALSE,FALSE,TRUE,TRUE,FALSE,Gizmo,FALSE,FALSE,FALSE,FALSE,FALSE,,,,FALSE,,,,,FALSE,FALSE,FALSE,,,FALSE,FALSE,FALSE,FALSE,,GEL (ELB),TRUE,FALSE,FALSE,FALSE,,,,,,,,this,,this,this,this,this,this,this,this,this,this,this,,,,,this,スイッチトランポリン,Mushroom Trampoline,,,Trampolín champiñón,,,Trampignon,,,,Pilztrampolin,Trampolino fungo,,,,开关跳跳床,開關跳跳床
FALSE,TRUE,FALSE,FALSE,FALSE,FALSE,TRUE,TRUE,FALSE,Gizmo,FALSE,FALSE,FALSE,FALSE,TRUE,,,,FALSE,,,,,FALSE,FALSE,FALSE,,,FALSE,FALSE,FALSE,FALSE,,GEL (ELB),TRUE,FALSE,FALSE,FALSE,,,,,,,,this,,this,this,this,this,this,this,this,this,this,this,,,,,this,,ON/OFF Trampoline,,,,,,Trampoline ON/OFF,,,,,,Пунктирный блок,,,,
TRUE,TRUE,TRUE,TRUE,TRUE,TRUE,FALSE,TRUE,TRUE,Gizmo,FALSE,FALSE,FALSE,FALSE,FALSE,TRUE,GEL (ELB),GEL (ELB),FALSE,FALSE,FALSE,FALSE,FALSE,FALSE,FALSE,,,FALSE,FALSE,FALSE,FALSE,FALSE,FALSE,GEL (ELB),TRUE,FALSE,FALSE,FALSE,,Variable,,,,,,this,this,this,this,this,this,this,this,this,this,this,this,this,this,this,this,Cloud Lift,,Lift,,,Plataforma móvil,,,Platforme,,,,Plattform,Piattaforma,,,,,
TRUE,TRUE,TRUE,TRUE,TRUE,TRUE,FALSE,TRUE,TRUE,Gizmo,FALSE,FALSE,FALSE,FALSE,FALSE,TRUE,GEL (ELB),GEL (ELB),FALSE,FALSE,FALSE,FALSE,FALSE,FALSE,FALSE,,,FALSE,FALSE,FALSE,FALSE,FALSE,FALSE,GEL (ELB),TRUE,FALSE,FALSE,FALSE,,Variable,,,,,,this,this,this,this,this,this,this,this,this,this,this,this,this,this,this,this,,,Flimsy Lift,,,Plataforma inestable,,,Platforme fragile,,,,Fallende Plattform,Piattaforma instabile,,,,,
FALSE,TRUE,FALSE,FALSE,FALSE,FALSE,TRUE,TRUE,FALSE,Gizmo,FALSE,FALSE,FALSE,FALSE,FALSE,,,,FALSE,,,,,FALSE,FALSE,FALSE,,,FALSE,FALSE,FALSE,FALSE,,GEL (ELB),FALSE,FALSE,FALSE,FALSE,,,,,,,,this,,this,this,this,this,this,this,this,this,this,this,Lift,Lift,Lift,Lift,this,,Cloud Lift,,,Nube taxi,,,Ascenseur nuage,,,,Wolkenfloß,Zattera di nuvolo,,,,,
TRUE,TRUE,TRUE,TRUE,TRUE,TRUE,FALSE,TRUE,TRUE,Gizmo,FALSE,FALSE,FALSE,FALSE,FALSE,TRUE,GEL (ELB),GEL (ELB),FALSE,FALSE,FALSE,FALSE,FALSE,FALSE,FALSE,,Full light,FALSE,FALSE,FALSE,FALSE,FALSE,FALSE,GEL (ELB),FALSE,FALSE,FALSE,FALSE,,5,,,,,,this,this,this,this,this,this,this,this,this,this,this,this,this,this,this,this,,,Lava Lift,,,Platforma lava,,,Platforme magma,,,,Lavaplattform,Piattaforma di lava,,,,,
TRUE,TRUE,TRUE,TRUE,TRUE,TRUE,FALSE,TRUE,TRUE,Gizmo,FALSE,FALSE,FALSE,FALSE,FALSE,TRUE,GEL (ELB),GEL (ELB),FALSE,FALSE,FALSE,FALSE,FALSE,FALSE,FALSE,,Full light,FALSE,FALSE,FALSE,FALSE,FALSE,FALSE,GEL (ELB),FALSE,FALSE,FALSE,FALSE,,5,,,,,,this,this,this,this,this,this,this,this,this,this,this,this,this,this,this,this,,,Fast Lava Lift,,,Platforma lava rápida,,,Platforme magma rapide,,,,Schnelle Lavaplattform,Piattaforma di lava veloce,,,,,
FALSE,TRUE,TRUE,TRUE,TRUE,TRUE,FALSE,TRUE,TRUE,Gizmo,FALSE,FALSE,FALSE,FALSE,FALSE,TRUE,GEL (ELB),GEL (ELB),FALSE,FALSE,FALSE,FALSE,FALSE,FALSE,FALSE,,,FALSE,FALSE,FALSE,FALSE,FALSE,FALSE,GEL (ELB),FALSE,FALSE,FALSE,FALSE,,11,,,,,,this,this,this,this,this,this,this,this,this,this,this,this,this,this,this,this,,,Seesaw,,,Subibaja,,,Bascule,,,,Wippe,Altalena basculante,,,,,
TRUE,TRUE,TRUE,TRUE,TRUE,TRUE,TRUE,TRUE,TRUE,Gizmo,FALSE,FALSE,FALSE,,FALSE,FALSE,,,FALSE,FALSE,FALSE,FALSE,FALSE,FALSE,FALSE,FALSE,,FALSE,FALSE,FALSE,FALSE,FALSE,FALSE,GEL (ELB),TRUE,FALSE,FALSE,FALSE,Key Limit,11,,,,,,this,this,this,this,this,this,this,this,this,this,this,this,this,this,this,this,this,,Key,,,Llave,,,Clé,,,,Schulüssel,Chiave,,,,,
FALSE,TRUE,TRUE,FALSE,FALSE,FALSE,FALSE,TRUE,TRUE,Gizmo,FALSE,FALSE,FALSE,,FALSE,FALSE,,,FALSE,FALSE,FALSE,FALSE,FALSE,FALSE,FALSE,,,FALSE,FALSE,FALSE,FALSE,FALSE,FALSE,GEL (ELB),TRUE,FALSE,FALSE,FALSE,Key Limit,11,,,,,,this,this,this,this,this,this,this,this,this,this,this,this,this,Key,Key,Key,Key,,Cursed Key,,,,,,Clé maudite,,,,,,,,,,
FALSE,TRUE,TRUE,FALSE,FALSE,FALSE,FALSE,TRUE,TRUE,,FALSE,FALSE,FALSE,FALSE,FALSE,FALSE,,,FALSE,FALSE,FALSE,FALSE,FALSE,FALSE,FALSE,FALSE,Full light,TRUE,FALSE,FALSE,FALSE,FALSE,FALSE,,TRUE,FALSE,FALSE,?,Phanto Limit,,,,,,,this,this,this,this,this,this,this,this,this,this,this,this,this,,,,,,Phanto,,,,,,Phanto,,,,,,,,,,
TRUE,TRUE,TRUE,TRUE,TRUE,TRUE,TRUE,TRUE,TRUE,Gizmo,FALSE,TRUE,TRUE,FALSE,FALSE,TRUE,GEL (ELB),,FALSE,TRUE,TRUE,TRUE,TRUE,TRUE,TRUE,FALSE,Dim light,FALSE,FALSE,FALSE,FALSE,FALSE,TRUE,GEL (ELB),TRUE,FALSE,FALSE,FALSE,,3,,,,,,this,this,this,this,this,this,this,this,this,this,this,this,this,this,this,this,this,,Trampoline,,,Trampolín,,,Trampoline,,,,Trampolin,Trampolino,,,,,
FALSE,TRUE,FALSE,FALSE,FALSE,FALSE,TRUE,TRUE,FALSE,Enemy,TRUE,TRUE,TRUE,TRUE,FALSE,,,,FALSE,,,,,TRUE,TRUE,FALSE,,,FALSE,FALSE,FALSE,FALSE,,GEL (ELB),TRUE,FALSE,FALSE,FALSE,,,,,,,,this,,this,this,this,this,this,this,this,this,this,this,,,,,this,,Hop-Chops,,,Ñampolín,,,Clip Hop,,,,Schnappolin,Bionbion,,,,,
TRUE,TRUE,TRUE,TRUE,TRUE,TRUE,TRUE,TRUE,TRUE,Gizmo,FALSE,TRUE,TRUE,FALSE,FALSE,TRUE,GEL (ELB),,FALSE,TRUE,TRUE,TRUE,TRUE,TRUE,TRUE,FALSE,Full light,TRUE,FALSE,FALSE,FALSE,FALSE,TRUE,GEL (ELB),TRUE,FALSE,FALSE,FALSE,,3,,,,,,this,this,this,this,this,this,this,this,this,this,this,this,this,this,this,this,this,,POW Block,,,Bloque POW,,,Bloc POW,,,,POW-Block,Blocco POW,,,,,
FALSE,TRUE,FALSE,FALSE,FALSE,FALSE,TRUE,TRUE,FALSE,Gizmo,FALSE,TRUE,TRUE,FALSE,FALSE,,,,FALSE,,,,,TRUE,TRUE,FALSE,,,FALSE,FALSE,FALSE,FALSE,FALSE,GEL (ELB),TRUE,FALSE,FALSE,FALSE,,3,,,,,,this,,this,this,this,this,this,this,this,this,this,this,POW Block,POW Block,POW Block,POW Block,this,,Red POW Block,,,Bloque POW rojo,,,Bloc POW rouge,,,,Roter POW-Block,Blocco POW rosso,,,,,
TRUE,TRUE,TRUE,TRUE,TRUE,TRUE,TRUE,TRUE,TRUE,Gizmo,FALSE,TRUE,TRUE,FALSE,FALSE,TRUE,GEL (ELB),,FALSE,TRUE,TRUE,TRUE,TRUE,TRUE,TRUE,FALSE,Full light,TRUE,FALSE,FALSE,FALSE,FALSE,TRUE,GEL (ELB),TRUE,FALSE,FALSE,FALSE,,3,,,,,,this,this,this,this,this,this,this,this,this,this,this,this,this,this,this,this,this,,P-switch,,,Interruptor P,,,Interrupteur P,,,,P-Schalter,Interruttore P,,,,,
FALSE,TRUE,TRUE,TRUE,TRUE,TRUE,TRUE,TRUE,TRUE,Gizmo,FALSE,FALSE,FALSE,FALSE,FALSE,FALSE,,,FALSE,FALSE,FALSE,FALSE,FALSE,FALSE,FALSE,FALSE,,FALSE,FALSE,FALSE,FALSE,FALSE,FALSE,Warp Door Limit,TRUE,FALSE,FALSE,FALSE,,11,,14,,,,this,this,this,this,this,this,this,this,this,this,this,this,this,this,this,this,this,,Warp Door,,,Puerta de teletransporte,,,Télé-porte,,,,Warp-Tür,Porta teletrasporto,,,,,
TRUE,TRUE,TRUE,TRUE,TRUE,TRUE,TRUE,TRUE,TRUE,Gizmo,FALSE,FALSE,FALSE,FALSE,FALSE,FALSE,,,FALSE,FALSE,FALSE,FALSE,FALSE,FALSE,FALSE,FALSE,,FALSE,FALSE,FALSE,FALSE,FALSE,FALSE,Warp Door Limit,TRUE,FALSE,FALSE,FALSE,,11,,14,,,,this,this,this,this,this,this,this,this,this,this,this,this,this,this,this,this,this,,P-Warp Door,,,Puerta de teletransporte P,,,Télé-porte P,,,,P-Warp-Tür,Porta teletrasporto P,,,,,
TRUE,TRUE,TRUE,TRUE,TRUE,TRUE,TRUE,TRUE,TRUE,Gizmo,FALSE,FALSE,FALSE,FALSE,FALSE,FALSE,,,FALSE,FALSE,FALSE,FALSE,FALSE,FALSE,FALSE,FALSE,,FALSE,FALSE,FALSE,FALSE,FALSE,FALSE,Warp Door Limit,TRUE,FALSE,FALSE,FALSE,,11,,14,,,,this,this,this,this,this,this,this,this,this,this,this,this,this,this,this,this,this,,Key Door,,,Puerta cerrada con llave,,,Porte verrouillée,,,,Schulüsseltür,Porta chiusa a chiave,,,,,
FALSE,TRUE,FALSE,FALSE,FALSE,FALSE,TRUE,TRUE,FALSE,Gizmo,FALSE,FALSE,FALSE,FALSE,FALSE,,,,FALSE,,,,,FALSE,FALSE,FALSE,,,FALSE,FALSE,FALSE,FALSE,,Warp Box Limit,TRUE,TRUE,FALSE,FALSE,,,,,,,,this,,this,this,this,this,this,this,this,this,this,this,,,,,this,,Warp Box,,,Caja teletransporte,,,Boîte de téléportation,,,,Warp-Box,Cubo teletrasporto,,,,,
FALSE,TRUE,FALSE,FALSE,FALSE,FALSE,TRUE,TRUE,FALSE,Gizmo,FALSE,FALSE,FALSE,FALSE,FALSE,,,,FALSE,,,,,FALSE,FALSE,FALSE,,,FALSE,FALSE,FALSE,FALSE,,Warp Box Limit,TRUE,TRUE,FALSE,FALSE,,,,,,,,this,,this,this,this,this,this,this,this,this,this,this,,,,,this,,Warp Box with a key,,,Caja teletransporte cerrada con llave,,,Boîte de téléportation à clé,,,,Schlüssel-Warp-Box,Cubo teletrasporto con chiave,,,,,