conditionToUnlockIt,canBeUnlockedByAnAmiibo,reference,uniqueName,haveADifferentJapaneseSprite,haveADifferentLeftSprite,haveASoundEffectWhenCollected_game,haveASoundEffectWhenCollected,haveASoundEffectOnTaunt_game,haveASoundEffectOnTaunt,haveASoundEffectOnJump_game,haveASoundEffectOnJump,haveASoundEffectOnGroundAfterJump_game,haveASoundEffectOnGroundAfterJump,soundEffectOnMovement,haveASoundEffectOnTurnAfterRun,haveASpecialMusicInStarMode_game,haveASpecialMusicInStarMode,haveASoundEffectWhenOnGoalPole_type,haveASoundEffectWhenOnGoalPole_game,haveASoundEffectWhenOnGoalPole_smallDefinition,haveASoundEffectWhenOnGoalPole,haveASoundEffectOnDeath_type,haveASoundEffectOnDeath_game,haveASoundEffectOnDeath_smallDefinition,haveASoundEffectOnDeath,english,americanEnglish,europeanEnglish,french,canadianFrench,europeanFrench,german,spanish,americanSpanish,europeanSpanish,italian,dutch,portuguese,americanPortuguese,europeanPortuguese,russian,japanese,chinese,traditionalChinese,simplifiedChinese,korean,greek
Unlock Mystery Mushroom,FALSE,SMM,Mystery Mushroom,FALSE,FALSE,,,,,,,,,,,,,,,,,,,,,Mystery Mushroom,,,,Champignon mystère,Champignon ?,?-Pilz,Champiñón ?,,,Fungo ?,?-paddenstoel,Cogumelo Misterioso,,,Загадочный гриб ,ハテナキノコ,,,,,
Complete Event,FALSE,SMM,Yamamura,FALSE,FALSE,,TRUE,,TRUE,,TRUE,,FALSE,,FALSE,,FALSE,,,,+ sound,,,,FALSE,Yamamura,,,Yamamura,,,Yamamura,Yamamura,,,Yamamura,Yamamura,Yamamura,,,Ямамура,ヤマムラ,,亞瑪姆拉,亚玛姆拉,야마무라,
Complete Event,FALSE,SMM,Mary O.,FALSE,FALSE,,TRUE,,TRUE,,2,,FALSE,,FALSE,,FALSE,,,,"+ ""Yatta""",,,???,TRUE,,Mary O.,Mashiko,,Mary O.,Mashiko,Mashiko,,Mary O.,Mashiko,Mashiko,Mashiko,Mashiko,,,Масико,ましこ,,,,예자,
Complete Event,FALSE,SMM,Undodog,FALSE,FALSE,,TRUE,,TRUE,,FALSE,,FALSE,,FALSE,,FALSE,,,,+ barks,,,???,TRUE,Undodog,,,,Chien Annuler,Undodog,Rückgängig-Hunda,Can-celín,,,Cancellino,Hond,Cão,,,Пес,アンドゥ犬,,重來狗,重来狗,되돌리개,
100 Mario (expert),TRUE,G&W,Mr. Game & Watch,FALSE,FALSE,,TRUE,,TRUE,,TRUE,,FALSE,,FALSE,,FALSE,,,,FALSE,,G&W,???,TRUE,Mr. Game & Watch,,,Mr. Game & Watch,,,Mr. Game & Watch,Mr. Game & Watch,,,Mr. Game & Watch,Mr. Game & Watch,Mr. Game & Watch,,,Г-н Game & Watch,Ｍｒ．ゲーム＆ウォッチ,,,,Mr. 게임&워치,
100 Mario (expert),TRUE,PM,PAC-MAN,FALSE,FALSE,,TRUE,,TRUE,,TRUE,,TRUE,,FALSE,,FALSE,,PM,Level finished,TRUE,,PM,Lost a life,TRUE,PAC-MAN,,,PAC-MAN,,,PAC-MAN,PAC-MAN,,,PAC-MAN,PAC-MAN,PAC-MAN,,,ПЭКМЕН,パックマン,吃豆人,,,팩맨,
100 Mario (easy),TRUE,SMB,Mario,FALSE,FALSE,,TRUE,,TRUE,,TRUE,,FALSE,,FALSE,SM64,Flying Mario,,SM64,Star collected,TRUE,,SM64,Game over,TRUE,Mario,,,Mario,,,Mario,Mario,,,Mario,Mario,Mario,,,Марио,マリオ,,瑪利歐,马力欧,마리오,Μάριο
100 Mario (normal),TRUE,SMB,Luigi,FALSE,FALSE,,TRUE,,FALSE,,FALSE,,FALSE,,FALSE,,FALSE,,LM,Boss key obtained,TRUE,,LM,Game over,TRUE,Luigi,,,Luigi,,,Luigi,Luigi,,,Luigi,Luigi,Luigi,,,Луиджи,ルイージ,路易吉,,,루이지,Λουίτζι
Complete Event,FALSE,LM,Professor E. Gadd,FALSE,FALSE,,TRUE,,TRUE,,2,,FALSE,,FALSE,,FALSE,,LM,Boss defeated,TRUE,,LM,???,TRUE,Professor E. Gadd,,,Professeur K. Tastroff,,,Professor I. Gidd,,Profesor D. Sastre,Profesor Fesor,Professor Strambic,Professor K. Wibus,Professor A. Luado,,,Профессор П. У. Галкин,オヤ・マー博士,,,,,
100 Mario (normal),TRUE,SMB,Peach,FALSE,FALSE,,TRUE,,FALSE,,FALSE,,FALSE,,FALSE,,FALSE,,SMB2,Level finished,TRUE,,SMB2,Lost a life,TRUE,Peach,,,Peach,,,Peach,Peach,,,Peach,Peach,Peach,,,Пич,ピーチ,,桃花公主,碧姬公主,피치,Πίτς
Complete Event,FALSE,SML,Daisy,FALSE,FALSE,,TRUE,,TRUE,,2,,FALSE,,FALSE,,FALSE,,SML,Level finished,TRUE,,SML,Lost a life,"+ ""Oh no!""",Daisy,,,Daisy,,,Daisy,Daisy,,,Daisy,Daisy,Daisy,,,Дейзи,デイジー,,黛西,菊花,데이지,Νταίζη
100 Mario (normal),TRUE,SMG,Rosalina,FALSE,FALSE,,TRUE,,TRUE,,2,,FALSE,,FALSE,,FALSE,,SMG,Star collected,TRUE,,SMG,Lost a life,"+ ""Nooo!""",Rosalina,,,,Rosalina,Harmonie,Rosalina,,Rosalina,Estela,Rosalinda,Rosalina,Rosalina,,,Розалина,ロゼッタ,,羅潔塔,罗莎塔,로젤리나,
100 Mario (easy),TRUE,SMB,Toad,FALSE,FALSE,,TRUE,,TRUE,,FALSE,,FALSE,,FALSE,,FALSE,,,,FALSE,,,,FALSE,Toad,,,Toad,,,Toad,Toad,,,Toad,Toad,Toad,,,Тоад,キノピオ,,奇諾比奧,奇诺比奥,키노피오,
Complete Event,FALSE,CT:TT,Captain Toad,FALSE,FALSE,,TRUE,,TRUE,,2,,TRUE,,FALSE,,FALSE,,CT:TT,Level finished,TRUE,,CT:TT,Lost a life,TRUE,Captain Toad,,,Capitaine Toad,,,Kapitän Toad,Capitán Toad,,,Capitan Toad,Toad-baas,Capitão Toad,,,Капитан Тоад,キノピオ隊長,,奇諾比奧隊長,奇诺比奥队长,키노피오대장,
Complete Event,FALSE,CT:TT,Toadette,FALSE,FALSE,,TRUE,,TRUE,,2,,TRUE,,FALSE,,FALSE,,CT:TT,Level finished,TRUE,,CT:TT,Lost a life,TRUE,Toadette,,,Toadette,,,Toadette,Toadette,,,Toadette,Toadette,Toadette,,,Тоадетта,キノピコ,,奇諾比珂,奇诺比珂,키노피코,
100 Mario (easy),TRUE,SMW2:YI,Yoshi,FALSE,FALSE,,TRUE,,TRUE,,TRUE,,FALSE,,FALSE,,FALSE,,SMW2:YI,Level finished,TRUE,,SMW2:YI,Lost a life,TRUE,Yoshi,,,Yoshi,,,Yoshi,Yoshi,,,Yoshi,Yoshi,Yoshi,,,Йоши,ヨッシー,耀西,,,요시,Γιόσι
Complete Event,FALSE,SMB2,Birdo,FALSE,FALSE,,TRUE,,TRUE,,TRUE,,FALSE,,FALSE,,FALSE,,SMB2,Level finished,TRUE,,SMB2,Lost a life,TRUE,Birdo,,,Birdo,,,Birdo,Birdo,,,Strutzi,Birdo,Birdo,,,Бирдо,キャサリン,,凱瑟琳,凯瑟琳,캐서린,
100 Mario (easy),TRUE,WL:SML3,Wario,FALSE,FALSE,,TRUE,,FALSE,,TRUE,,TRUE,,FALSE,,FALSE,,???,???,TRUE,,WL:SML3,Lost a life,TRUE,Wario,,,Wario,,,Wario,Wario,,,Wario,Wario,Wario,,,Варио,ワリオ,,瓦利歐,瓦力欧,와리오,
100 Mario (easy),FALSE,WW:T,Ashley,FALSE,FALSE,,TRUE,,TRUE,,2,,TRUE,,FALSE,,FALSE,,???,???,TRUE,,???,???,TRUE,Ashley,,,Ashley,,,Ashley,Ashley,,,Ashley,Ashley,Ashley,,,Эшли,アシュリー,艾希莉,,,애슐리,
100 Mario (easy),FALSE,MT,Waluigi,FALSE,FALSE,,TRUE,,TRUE,,FALSE,,FALSE,,FALSE,,FALSE,,,,FALSE,,,,FALSE,Waluigi,,,Waluigi,,,Waluigi,Waluigi,,,Waluigi,Waluigi,Waluigi,,,Валуиджи,ワルイージ,瓦路易吉,,,와루이지,
100 Mario (expert),TRUE,SMB,Bowser,FALSE,FALSE,,TRUE,,TRUE,,TRUE,,TRUE,,FALSE,,FALSE,,SMW,Bowser's arrival,TRUE,,SMB,Bowser's death,TRUE,Bowser,,,Bowser,,,Bowser,Bowser,,,Bowser,Bowser,Bowser,,,Боузер,クッパ,,庫巴,酷霸王,쿠파,
100 Mario (normal),TRUE,SMS,Bowser Jr.,FALSE,FALSE,,TRUE,,TRUE,,TRUE,,TRUE,,FALSE,,FALSE,,,,"+ ""Yeah""",,,,"+ ""Woah!""",Bowser Jr.,,,Bowser Jr.,,,Bowser Jr.,,Bowser Jr.,Bowsy,Bowser Junior,Bowser Jr.,Bowser Jr.,,,Боузер-младший ,クッパJr.,,庫巴Jr.,酷霸王Jr.,쿠파 주니어,
Unlock Mystery Mushroom,TRUE,SMB,Goomba,FALSE,FALSE,,FALSE,,FALSE,,FALSE,,FALSE,,FALSE,,FALSE,,,,FALSE,,,,FALSE,Goomba,,,Goomba,,,Gumba,Goomba,,,Goomba,Goomba,Goomba,,,Гумба,クリボー,,栗寶寶,栗宝宝,굼바,
100 Mario (easy),FALSE,SMB2,Shy Guy,FALSE,FALSE,,TRUE,,TRUE,,TRUE,,FALSE,,FALSE,,FALSE,,SMB2,Level finished,TRUE,,SMB2,Lost a life,TRUE,Shy Guy,,,,Maskache,Maskass,Shy Guy,,Shy guy,Shy Guy,Tipo Timido,Shy Guy,,Shy Guy,Masquito,Скромняга,ヘイホー,嘿呵,,,헤이호,
100 Mario (normal),FALSE,NSMBU,Nabbit,FALSE,FALSE,,TRUE,,TRUE,,TRUE,,TRUE,,FALSE,,FALSE,,NSMBU,Level finished,TRUE,,NSMBU,Lost a life,TRUE,Nabbit,,,,Chipin,Carottin,Mopsie,Caco Gazapo,,,Ruboniglio,Nabbit,,Ledrão,Coelharápio,Кралик,トッテン,偷天兔,,,,
100 Mario (expert),TRUE,SMM,Mario (Silver),FALSE,FALSE,,TRUE,,TRUE,,FALSE,,FALSE,Twinkle,FALSE,SM64,Metal Mario,,SM64,Star collected,TRUE,,SM64,Game over,TRUE,Mario (Silver),,,Mario (argent),,,Mario (Silber),Mario (plata),,,Mario (argento),Mario (zilver),Mario (Prata),,,Марио (серебряный),マリオ（銀）,,,,,
100 Mario (expert),TRUE,SMM,Mario (Gold),FALSE,FALSE,,TRUE,,TRUE,,FALSE,,FALSE,Twinkle,FALSE,SM64,Metal Mario,,SM64,Star collected,TRUE,,SM64,Game over,TRUE,Mario (Gold),,,Mario (or),,,Mario (Gold),Mario (oro),,,Mario (oro),Mario (goud),Mario (Ouro),,,Марио (золо ой),マリオ（金）,,,,,
Gnat Attack (normal),FALSE,SMM,Builder Mario,FALSE,FALSE,,TRUE,,TRUE,,FALSE,,FALSE,,FALSE,,FALSE,,SMM,Introduction,TRUE,,SMM,Minigame lost,TRUE,Builder Mario,,,,Mario constructeur,Mario ouvrier,Baumeister-Mario,,Mario constructor,Mario Constructor,Mario costruttore,Bouw-Mario,Mario Construtor,,,Марио-строитель,ビルダーマリオ,,,,,
100 Mario (easy),TRUE,DM,Dr. Mario,FALSE,FALSE,,TRUE,,FALSE,,FALSE,,FALSE,,FALSE,,FALSE,,DM64,Level finished,TRUE,,DM64,Game over,TRUE,Dr. Mario,,,Dr. Mario,,,Dr. Mario,Dr. Mario,,,Dr. Mario,Dr. Mario,Dr. Mario,,,Доктор Марио,ドクターマリオ,,,,,
Complete Event,FALSE,SMB3,Frog Mario,FALSE,FALSE,,FALSE,,FALSE,SMB3,TRUE,,FALSE,,FALSE,,FALSE,,SMB3,airship completed,FALSE,,SMB3,Lost a life,TRUE,Frog Mario,,,Mario genouille,,,Frosch-Mario,,Mario rana,Mario Rana,Mario rana,Kikker-Mario,Mario Sapo,,,Марио-лягушка,カエルマリオ,,青蛙瑪利歐,青蛙马力欧,,
Complete Event,FALSE,SMB3,Statue Mario,FALSE,FALSE,,TRUE,,FALSE,SMB3,TRUE,,FALSE,,TRUE,,FALSE,,SMB3,airship completed,FALSE,,SMB3,Lost a life,TRUE,Statue Mario,,,Mario statue,,,Statuen-Mario,,Mario estatua,Mario Estatua,Mario Statua,Standbeeld-Mario,Mario Estátua,,,Марио-статуя,地蔵マリオ,,地藏瑪利歐,地藏马力欧,돌부처마리오,
Complete Event,FALSE,M&L:PJ,Mario Trio,FALSE,FALSE,,TRUE,,TRUE,,TRUE,,FALSE,,FALSE,,FALSE,,???,???,TRUE,,???,"Mario saying ""Mama mia""",TRUE,Mario Trio,,,Trio Mario,,,Mario-Trio,,Mario y compañía,Mario trio,Trio Mario,Mario-trio,Trio Mario,,,Трио Марио,マリオトリオ,,,,,
100 Mario (easy),FALSE,SMK,Kart Mario,FALSE,FALSE,,TRUE,,FALSE,,TRUE,,TRUE,Engine sound,TRUE,SMK,Super Star,,SMK,Race finished,TRUE,,SMK,Eleminated from the race,TRUE,Kart Mario,,,,Mario en kart,Mario Kart,Mario im Kart,Mario en kart,,,Kart di Mario,Mario in kart,Mario + Kart,,,Марио в карте,マリオカート,,,,,
Complete Event,FALSE,SM3DW,Cat Mario,FALSE,FALSE,,TRUE,,TRUE,,2,,FALSE,,FALSE,,FALSE,,SM3DW,Level finished,TRUE,,SM3DW,Lost a life,TRUE,Cat Mario,,,Mario chat,,,Katzen-Mario,,Mario felino,Mario Felino,Mario gatto,Kat-Mario,Mario Gato,,,Марио-кот,ネコマリオ,,貓咪瑪利歐,猫咪马力欧,고양이마리오,
Complete Event,FALSE,SM3DW,Cat Peach,FALSE,FALSE,,TRUE,,TRUE,,2,,FALSE,,FALSE,,FALSE,,SM3DW,Level finished,TRUE,,SM3DW,Lost a life,TRUE,Cat Peach,,,Peach chat,,,Katzen-Peach,,Peach felina,Peach Felina,Peach gatto,Kat-Peach,Peach Gata,,,Пич-кошка,ネコピーチ,,貓咪桃花公主,猫咪碧姬公主,고양이피치,
Complete Event,FALSE,SML,Sky Pop,FALSE,FALSE,,TRUE,,TRUE,,TRUE,,FALSE,,FALSE,,FALSE,,SML,Level finished,TRUE,,SML,Lost a life,TRUE,Sky Pop,,,Sky Pop,,,Sky Pop,Sky Pop,,,Sky Pop,Sky Pop,Sky Pop,,,Неболет,スカイポップ号,,,,,
100 Mario (expert),FALSE,SMW2:YI,Baby Mario,FALSE,FALSE,,TRUE,,TRUE,,TRUE,,FALSE,,FALSE,,FALSE,,SMW2:YI,Level finished,TRUE,,SMW2:YI,Game over,TRUE,Baby Mario,,,Bébé Mario,,,Baby Mario,Bebé Mario,,,Baby Mario,Baby Mario,,Bebê Mario,Mario Bebé,Малыш Марио,ベビィマリオ,,瑪利歐寶寶,马力欧宝宝,베이비 마리오,
Unlock Mystery Mushroom,FALSE,SMB,? Block,FALSE,FALSE,,TRUE,,FALSE,,FALSE,,FALSE,,FALSE,,FALSE,,,,FALSE,,,,FALSE,? Block,,,Bloc ?,,,?-Block,Bloque ?,,,Blocco ?,?-blok,Bloco ?,,,Блок «?»,ハテナブロック,,? 磚塊,? 砖块,?블록,
Unlock Mystery Mushroom,FALSE,SMB,Trampoline,FALSE,FALSE,,FALSE,,FALSE,,TRUE,,FALSE,,FALSE,,FALSE,,,,FALSE,,,,FALSE,Trampoline,,,Tremplin,,,Trampolin,Trampolín,,,Trampolino,Trampoline,Trampolim,,,Трамплин ,ジャンプ台,,,,,
100 Mario (expert),FALSE,MB,Mario (MB),FALSE,FALSE,,TRUE,,TRUE,,TRUE,,FALSE,,TRUE,,FALSE,,MB,Game over,TRUE,,MB,Lost a life,TRUE,Mario,,,Mario,,,Mario,Mario,,,Mario,Mario,Mario,,,Марио,マリオ,,瑪利歐,马力欧,마리오,Μάριο
100 Mario (expert),FALSE,MB,Sidestepper,FALSE,FALSE,,TRUE,,FALSE,,TRUE,,FALSE,,FALSE,,FALSE,,MB,Game over,TRUE,,MB,Lost a life,TRUE,Sidestepper,,,Zarbipas,,,Krabbe,,Flancogrejo,Cangrejo,Granchio,Sidestepper,Caranguejo,,,Бокоход,カ二,阿蟹,,,게님,
100 Mario (expert),FALSE,MB,Shellcreeper,FALSE,FALSE,,TRUE,,FALSE,,TRUE,,FALSE,,FALSE,,FALSE,,MB,Game over,TRUE,,MB,Lost a life,TRUE,Shellcreeper,,,Carapeur,,,Schildkröte,,Trotatuga,Tortuga,Tartaruga,Shellcreeper,Tartaruga,,,Черепашкин,カメ,,,,,
Gnat Attack (hard),FALSE,MB,Fighter Fly,FALSE,FALSE,,FALSE,,FALSE,,TRUE,,FALSE,,FALSE,,FALSE,,MB,Game over,TRUE,,MB,Lost a life,TRUE,Fighter Fly,,,Mouche de combat,,,Fliege,,Mosquerella,Mosca,Mosca,Fighter Fly,Mosca Guerreira,,,Бойцовая муха,ファイターフライ,,,,,
100 Mario (easy),TRUE,YWW,Green Yarn Yoshi,FALSE,FALSE,,TRUE,,TRUE,,TRUE,,TRUE,,FALSE,,FALSE,,YWW,Level finished,TRUE,,YWW,Falling offscreen,TRUE,Green Yarn Yoshi,,,Yoshi de laine vert,,,Grüner Woll-Yoshi,,Yoshi tejido verde,Yoshi de Lana verde,Yoshi di lana verde,Groene wollen Yoshi,Yoshi de Lã verde,,,Зеленый вязаный йоши,あみぐるみヨッシー みどり,,,,,
100 Mario (normal),TRUE,YWW,Pink Yarn Yoshi,FALSE,FALSE,,TRUE,,TRUE,,TRUE,,TRUE,,FALSE,,FALSE,,YWW,Level finished,TRUE,,YWW,Falling offscreen,TRUE,Pink Yarn Yoshi,,,Yoshi de laine rose,,,Rosa Woll-Yoshi,,Yoshi tejido rosa,Yoshi de Lana rosa,Yoshi di lana rosa,Roze wollen Yoshi,Yoshi de Lã rosa,,,Розовый вязаный йоши,あみぐるみヨッシー ピンク,,,,,
100 Mario (normal),TRUE,YWW,Light-Blue Yarn Yoshi,FALSE,FALSE,,TRUE,,TRUE,,TRUE,,TRUE,,FALSE,,FALSE,,YWW,Level finished,TRUE,,YWW,Falling offscreen,TRUE,Light-Blue Yarn Yoshi,,,Yoshi de laine bleu ciel,,,Hellblauer Woll-Yoshi,,Yoshi tejido azul claro,Yoshi de Lana azul claro,Yoshi di lana azzurro,Lichtblauwe wollen Yoshi,Yoshi de Lã azul-claro,,,Голубой вязаный йоши,あみぐるみヨッシー みずいろ,,,,,
100 Mario (expert),TRUE,YWW,Mega Yarn Yoshi,FALSE,FALSE,,TRUE,,TRUE,,TRUE,,TRUE,,FALSE,,FALSE,,YWW,Level finished,TRUE,,YWW,Falling offscreen,TRUE,Mega Yarn Yoshi,,,Méga Yoshi de laine,,,Mega-Woll-Yoshi,,Mega Yoshi tejido,Mega Yoshi de Lana,Mega Yoshi di lana,Wollen Mega-Yoshi,Mega Yoshi de Lã,,,Вязаный мегайоши,あみぐるみヨッシー ビッグ,,,,,
100 Mario (normal),TRUE,DK,Donkey Kong,FALSE,FALSE,,TRUE,,TRUE,,TRUE,,TRUE,,FALSE,,FALSE,,DK,Level finished,TRUE,,DK,Lost a life,TRUE,Donkey Kong,,,Donkey Kong,,,Donkey Kong,Donkey Kong,,,Donkey Kong,Donkey Kong,Donkey Kong,,,Донки Конг,ドンキーコング,,森喜剛,森喜刚,동키콩,Ντόνκυ Κονγκ
100 Mario (easy),FALSE,DKJ,Donkey Kong Jr.,FALSE,FALSE,,TRUE,,TRUE,,TRUE,,TRUE,,FALSE,,FALSE,,DKJ,???,TRUE,,DKJ,???,TRUE,Donkey Kong Jr.,,,Donkey Kong Jr.,,,Donkey Kong Jr.,Donkey Kong Jr.,,,Donkey Kong Jr.,Donkey Kong Jr.,Donkey Kong Jr.,,,Донки Конг-младший,ドンキーコングJr.,,森喜剛Jr.,森喜刚Jr.,,
100 Mario (normal),TRUE,DKC,Diddy Kong,FALSE,FALSE,,TRUE,,TRUE,,2,,TRUE,,FALSE,,FALSE,,DKC,Level finished,TRUE,,DKC,Lost a life,TRUE,Diddy Kong,,,Diddy Kong,,,Diddy Kong,Diddy Kong,,,Diddy Kong,Diddy Kong,Diddy Kong,,,Дидди Конг,ディディーコング,,狄狄剛,迪迪刚,디디콩,
100 Mario (expert),TRUE,PO,Little Mac,FALSE,FALSE,,TRUE,,TRUE,,TRUE,,FALSE,,FALSE,,FALSE,,PO,Level finished,TRUE,,PO,Round lost,TRUE,Little Mac,,,Little Mac,,,Little Mac,Little Mac,,,Little Mac,Little Mac,Little Mac,,,Малыш Мэк,リトル・マック,小麥克,,,리틀 맥,
100 Mario (normal),TRUE,DH,Duck Hunt,FALSE,FALSE,,TRUE,,FALSE,,TRUE,,FALSE,,FALSE,,FALSE,,DH,Prefect score obtained,TRUE,,DH,Dog laughing,TRUE,,Duck Hunt,Duck Hunt Duo,,Duck Hunt,Duo Duck Hunt,Duck-Hunt-Duo,,Duck Hunt,Dúo Duck Hunt,Duo Duck Hunt,Duck Hunt-duo,Duo Duck Hunt,,,Дуэт Duck Hunt,ダックハント,,,,,
100 Mario (super expert),FALSE,CCL,Bubbles,FALSE,FALSE,,TRUE,,TRUE,,TRUE,,FALSE,,FALSE,,FALSE,,CCL,???,TRUE,,CCL,???,TRUE,Bubbles,,,Bubbles,,,Bubbles,Bubbles,,,Bubble,Bubbles,Bubbles,,,Bubbles,グルッピー,,,,,
Complete Event,FALSE,E,Bike,FALSE,FALSE,,TRUE,,TRUE,,TRUE,,TRUE,,FALSE,,FALSE,,E,???,TRUE,,E,???,TRUE,Bike,,,Moto,,,Motorrad,Moto,,,Motocicletta,Motor,Mota,,,Мотоцикл,モトクロッサー,,,,,
100 Mario (normal),FALSE,BF,Balloon Fighter,FALSE,FALSE,,TRUE,,TRUE,,TRUE,,FALSE,,FALSE,,FALSE,,BF,???,TRUE,,BF,???,TRUE,Balloon Fighter,,,Balloon Fighter,,,Balloon Fighter,,Globonauta,Balloon Fighter,Balloon Fighter,Ballonvaarder,Balloon Fighter,,,Боец на шариках,主人公,,,,,
Complete Event,FALSE,IC,Popo & Nana,FALSE,FALSE,,TRUE,,TRUE,,TRUE,,FALSE,,FALSE,,FALSE,,IC,Level finished,TRUE,,IC,Game Over,TRUE,,Popo & Nana,Popo and Nana,Popo et Nana,,,Pepe und Nana,Popo y Nana,,,Popo e Nana,Popo en Nana,Popo e Nana,,,Popo и Nana,ポポとナナ,,,,,
100 Mario (normal),FALSE,WC,Foreman Spike,FALSE,FALSE,,TRUE,,FALSE,,TRUE,,TRUE,,FALSE,,FALSE,,WC,???,TRUE,,WC,???,TRUE,Foreman Spike,,,Spike,,,Vorarbeiter Spike,Capataz Spike,,,Caposquadra Spike,Spike,Capataz Spike,,,Прораб Спайк,ブラッキー,,,,,
100 Mario (easy),TRUE,TLZ,Link,FALSE,FALSE,,TRUE,,TRUE,,TRUE,,FALSE,,TRUE,,FALSE,,TLZ,Triforce collected,TRUE,,TLZ,lost a life,TRUE,Link,,,Link,,,Link,Link,,,Link,Link,Link,,,Линк,リンク,林克,,,링크,Λίνκ
100 Mario (expert),TRUE,TLZ,Zelda,FALSE,FALSE,,TRUE,,TRUE,,TRUE,,FALSE,,FALSE,,FALSE,,TLZ:ALP,Link meets Zelda for the 1st time,TRUE,,TLZ:ALP,lost a life,TRUE,Zelda,,,Zelda,,,Zelda,Zelda,,,Zelda,Zelda,Zelda,,,Зельда,ゼルダ,,薩爾達,塞尔达,젤다,Ζέλντα
100 Mario (normal),TRUE,TLZ:OT,Sheik,FALSE,FALSE,,TRUE,,TRUE,,TRUE,,FALSE,,FALSE,,FALSE,,TLZ:OT,Link meets Zelda for the 1st time,TRUE,,TLZ:OT,Zelda's Lullaby,TRUE,Sheik,,,Sheik,,,Shiek,Sheik,,,Sheik,Sheik,Sheik,,,Шиик,シーク,希克,,,시크,
100 Mario (normal),TRUE,TLZ:WW,Toon Link,FALSE,FALSE,,TRUE,,TRUE,,2,,FALSE,,FALSE,,FALSE,,TLZ:WW,???,TRUE,,TLZ:WW,Link caught by Moblins,TRUE,Toon Link,,,Link Cartoon,,,Toon-Link,Toon Link,,,Link cartone,Toon Link,Link Cartoon,,,Мульт-Линк,トゥーンリンク,卡通林克,,,툰 링크,
100 Mario (normal),FALSE,TLZ:WW,Tetra,FALSE,FALSE,,TRUE,,TRUE,,TRUE,,FALSE,,FALSE,,FALSE,,TLZ:WW,???,TRUE,,TLZ:WW,Link caught by Moblins,TRUE,Tetra,,,Tetra,,,Tetra,Tetra,,,Dazel,Tetra,Tetra,,,Тетра,テトラ ,,,,,
100 Mario (normal),FALSE,TLZ:MM,Tingle,FALSE,FALSE,,TRUE,,TRUE,,FALSE,,FALSE,,FALSE,,FALSE,,TLZ:MM,Completed a timed event,TRUE,,TLZ:MM,Failing a timed event,"+ ""Yaha!""",Tingle,,,Tingle,,,Tingle,Tingle,,,Tingle,Tingle,Tingle,,,Тингл,チンクル,,,,,
100 Mario (easy),TRUE,TLZ:OT,Ganondorf,FALSE,FALSE,,TRUE,,FALSE,,FALSE,,FALSE,,FALSE,,FALSE,,TLZ:ALP,Ganon encounter,TRUE,,TLZ:ALP,Boss defeated,TRUE,Ganondorf,,,Ganondorf,,,Ganondorf,Ganondorf,,,Ganondorf,Ganondorf,Ganondorf,,,Ганондорф,ガノンドロフ,,加儂多夫,盖侬多夫,가논돌프,
Complete Event,TRUE,TLZ:TP,Wolf Link,FALSE,FALSE,,TRUE,,TRUE,,2,,FALSE,,FALSE,,FALSE,,TLZ:TP,???,TRUE,,TLZ:TP,???,TRUE,Wolf Link,,,Link loup,,,Wolf-Link,,Link lobo,Link Lobo,Link lupo,Wolf-Link,Link Lobo,,,Линк-волк,ウルフリンク,,,,,
Complete Event,FALSE,TLZ:TFH,Totem Link,FALSE,FALSE,,TRUE,,TRUE,,TRUE,,FALSE,,FALSE,,FALSE,,TLZ:TFH,Level completed?,TRUE,,TLZ:TFH,???,TRUE,Totem Link,,,,Totem de Link,Link totem,Link-Totem,,Totém de Link,Link Totémico,Link totem,Link-totem,Torre de Links,,,Тотем из Линков,トーテムリンク,,,,,
100 Mario (normal),TRUE,M,Samus,FALSE,FALSE,,TRUE,,TRUE,,TRUE,,FALSE,,FALSE,,FALSE,,M,Upgrage optained,TRUE,,M,???,TRUE,Samus,,,Samus,,,Samus,Samus,,,Samus,Samus,Samus,,,Самус,サムス,,薩姆斯,萨姆斯,사무스,
100 Mario (expert),TRUE,M:ZM,Zero Suit Samus,FALSE,FALSE,,TRUE,,TRUE,,TRUE,,TRUE,,FALSE,,FALSE,,M:ZM,Upgrage optained,TRUE,,M:ZM,???,TRUE,Zero Suit Samus,,,,Samus sans combinaison,Samus sans armure,Zero Suit Samus,Samus Zero,,,Samus Tuta Zero,Zero Suit Samus,Samus (Armadura Zero),,,Самус (нуль-костюме),ゼロスーツサムス,,零裝甲薩姆斯,零装甲萨姆斯,제로 슈트 사무스,
Complete Event,FALSE,V,Volleyball Player,FALSE,FALSE,,TRUE,,FALSE,,TRUE,,FALSE,,FALSE,,FALSE,,V,???,TRUE,,V,???,TRUE,Volleyball Player,,,Joueuse de volleyball,,,Volleyballspielerin,Jugadora de voleibol,,,Pallavolista,Volleybalster,Voleibolista,,,Волейболистка,バレーボール選手,,,,,
100 Mario (normal),TRUE,KI,Pit,FALSE,FALSE,,TRUE,,FALSE,,TRUE,,FALSE,,FALSE,,FALSE,,KI,???,TRUE,,KI,Lost a life,TRUE,Pit,,,Pit,,,Pit,Pit,,,Pit,Pit,Pit,,,Пит,ピット,彼特,,,피트,
100 Mario (normal),TRUE,KI,Palutena,FALSE,FALSE,,TRUE,,FALSE,,TRUE,,FALSE,,FALSE,,FALSE,,KI,???,TRUE,,KI,Lost a life,TRUE,Palutena,,,,Paluténa,Palutena,Palutena,Palutena,,,Palutena,Palutena,Palutena,,,Палютена,パルテナ,帕露蒂娜,,,파르테나,
100 Mario (normal),TRUE,KI:U,Dark Pit,FALSE,FALSE,,TRUE,,FALSE,,TRUE,,FALSE,,FALSE,,FALSE,,???,???,TRUE,,KI:U,Lost a life,TRUE,Dark Pit,,,Pit maléfique,,,Finsterer Pit,Pit Sombrío,,,Pit oscuro,Dark Pit,Pit Sombrio,,,Темный Пит,ブラックピット,黑暗彼特,,,블랙 피트,
100 Mario (expert),FALSE,SO,Donbe,FALSE,FALSE,,TRUE,,TRUE,,TRUE,,FALSE,,FALSE,,FALSE,,SO,???,TRUE,,SO,???,TRUE,Donbe,,,Donbe,,,Donbe,Donbe,,,Donbe,Donbe,Donbe,,,Donbe,どんべ,,,,,
100 Mario (expert),FALSE,SO,Hikari,FALSE,FALSE,,TRUE,,TRUE,,TRUE,,FALSE,,FALSE,,FALSE,,SO,???,TRUE,,SO,???,TRUE,Hikari,,,Hikari,,,Hikari,Hikari,,,Hikari,Hikari,Hikari,,,Hikari,ひかり,,,,,
100 Mario (normal),TRUE,MeM,Mega Man,FALSE,FALSE,,TRUE,,TRUE,,TRUE,,TRUE,,FALSE,,FALSE,,MeM,Level finished,TRUE,,MeM,Lost a life,TRUE,Mega Man,,,Mega Man,,,Mega Man,Mega Man,,,Mega Man,Mega Man,Mega Man,,,Мегамен,ロックマン,洛克人,,,록맨,
100 Mario (expert),FALSE,FDCP2,Ayumi Tachibana,FALSE,FALSE,,TRUE,,TRUE,,FALSE,,FALSE,,FALSE,,FALSE,,???,???,TRUE,,???,???,TRUE,Ayumi Tachibana,,,Ayumi Tachibana,,,Ayumi Tachibana,Ayumi Tachibana,,,Ayumi Tachibana,Ayumi Tachibana,Ayumi Tachibana,,,Ayumi Tachibana,橘 あゆみ,,,,,
100 Mario (normal),TRUE,FE:SD,Marth,FALSE,FALSE,,TRUE,,FALSE,,FALSE,,FALSE,,FALSE,,FALSE,,???,???,TRUE,,???,???,TRUE,Marth,,,Marth,,,Marth,Marth,,,Marth,Marth,Marth,,,Марс,マルス,,馬爾斯,马尔斯,마르스,
100 Mario (normal),TRUE,FE:RW,Ike,FALSE,FALSE,,TRUE,,FALSE,,FALSE,,FALSE,,FALSE,,FALSE,,???,???,TRUE,,???,???,TRUE,Ike,,,Ike,,,Ike,Ike,,,Ike,Ike,Ike,,,Айк,アイク,艾克,,,아이크,
100 Mario (expert),TRUE,FEA,Lucina,FALSE,FALSE,,TRUE,,FALSE,,FALSE,,FALSE,,FALSE,,FALSE,,???,???,TRUE,,???,???,TRUE,Lucina,,,Lucina,,,Lucina,Lucina,,,Lucina,Lucina,Lucina,,,Луцина,ルキナ,露琪娜,,,루키나,
100 Mario (expert),TRUE,FEA,Robin,FALSE,FALSE,,TRUE,,FALSE,,FALSE,,FALSE,,FALSE,,FALSE,,???,???,TRUE,,???,???,TRUE,Robin,,,,Robin,Daraen,Daraen,,Robin,Daraen,Daraen,Robin,Robin,,,Робин,ルフレ,,魯弗萊,鲁弗莱,러플레,
100 Mario (normal),TRUE,FZ,Captain Falcon,FALSE,FALSE,,TRUE,,FALSE,,FALSE,,FALSE,,FALSE,,FALSE,,FZ,Course completed,TRUE,,FZ,Elimitated from the course,TRUE,Captain Falcon,,,,Capitaine Falcon,Captain Falcon,Captain Falcon,,Capitán Falcon,Captain Falcon,Captain Falcon,Captain Falcon,Captain Falcon,,,Капитан Фэлкон,キャプテン・ファルコン,,飛隼隊長,飞隼队长,캡틴 팔콘,
100 Mario (expert),TRUE,STH,Sonic,FALSE,FALSE,,TRUE,,TRUE,,3 images,,FALSE,,FALSE,,FALSE,,STH,Level finished,TRUE,,STH,Lost a life,TRUE,Sonic,,,Sonic,,,Sonic,Sonic,,,Sonic,Sonic,Sonic,,,Соник,ソニック,,,,소닉,
100 Mario (normal),TRUE,KDL,Kirby,FALSE,FALSE,,TRUE,,FALSE,,TRUE,,TRUE,,TRUE,,FALSE,,KDL,Level finished,TRUE,,KDL,Lost a life,TRUE,Kirby,,,Kirby,,,Kirby,Kirby,,,Kirby,Kirby,Kirby,,,Кирби,カービィ,卡比,,,커비,
100 Mario (expert),TRUE,KDL,King Dedede,FALSE,FALSE,,TRUE,,FALSE,,TRUE,,FALSE,,FALSE,,FALSE,,KDL,Level finished,TRUE,,KDL,Lost a life,TRUE,King Dedede,,,,Roi Dadidou,Roi DaDiDou,König Dedede,Rey Dedede,,,King Dedede,King Dedede,King Dedede,,,Король Дидиди,デデデ大王,帝帝帝大王,,,디디디 대왕,
100 Mario (normal),TRUE,KA,Meta Knight,FALSE,FALSE,,TRUE,,FALSE,,TRUE,,FALSE,,FALSE,,FALSE,,KDL,Level finished,TRUE,,KDL,Lost a life,TRUE,Meta Knight,,,Meta Knight,,,Meta-Knight,Meta Knight,,,Meta Knight,Meta Knight,Meta Knight,,,Метанайт,メタナイト,,,,메타 나이트,
100 Mario (expert),TRUE,SF,Fox McCloud,FALSE,FALSE,,TRUE,,TRUE,,FALSE,,FALSE,,FALSE,,FALSE,,???,Level finished,TRUE,,SF,lost an Arwing,TRUE,Fox McCloud,,,Fox McCloud,,,Fox McCloud,Fox McCloud,,,Fox McCloud,Fox McCloud,Fox McCloud,,,Фокс Мак-Клауд,フォックス・マクラウド,火狐・麥克勞德,,,폭스 맥클라우드,
100 Mario (expert),TRUE,SF,Falco Lombardi,FALSE,FALSE,,TRUE,,TRUE,,FALSE,,FALSE,,FALSE,,FALSE,,???,Level finished,TRUE,,SF,lost an Arwing,TRUE,Falco Lombardi,,,,Falco,Falco Lombardi,Falco Lombardi,Falco Lombardi,,,Falco Lombardi,Falco Lombardi,Falco Lombardi,,,Фалько Ломбарди,ファルコ・ランバルディ,法爾科・蘭巴帝,,,팔코 람바디,
100 Mario (easy),FALSE,SF,Slippy Toad,FALSE,FALSE,,TRUE,,TRUE,,FALSE,,FALSE,,FALSE,,FALSE,,???,Level finished,TRUE,,SF,lost an Arwing,TRUE,Slippy Toad,,,Slippy Toad,,,Slippy Toad,Slippy Toad,,,Slippy Toad,Slippy Toad,Slippy Toad,,,Слиппи Тоад,スリッピー・トード,,,,,
100 Mario (normal),FALSE,SF,Peppy Hare,FALSE,FALSE,,TRUE,,TRUE,,FALSE,,FALSE,,FALSE,,FALSE,,???,Level finished,TRUE,,SF,lost an Arwing,TRUE,Peppy Hare,,,Peppy Hare,,,Peppy Hare,Peppy Hare,,,Peppy Hare,Peppy Hare,Peppy Hare,,,Пеппи Хэар,ペッピー・ヘア,,,,,
100 Mario (normal),FALSE,SFZ,Arwing,FALSE,FALSE,,TRUE,,TRUE,,FALSE,,TRUE,,TRUE,,FALSE,,SFZ,Level finished,TRUE,,SFZ,lost an Arwing,TRUE,Arwing,,,Arwing,,,Arwing,Arwing,,,Arwing,Arwing,Arwing,,,Арвинг,アーウィン,,,,,
100 Mario (normal),TRUE,EB,Ness,FALSE,FALSE,,TRUE,,TRUE,,FALSE,,FALSE,,FALSE,,FALSE,,EB,New technique acquired,TRUE,,EB,Defeated,TRUE,Ness,,,Ness,,,Ness,Ness,,,Ness,Ness,Ness,,,Несс,ネス,奈斯,,,네스,
100 Mario (expert),FALSE,M3,Lucas,FALSE,FALSE,,TRUE,,TRUE,,FALSE,,FALSE,,FALSE,,FALSE,,M3,New technique acquired,TRUE,,M3,Defeated,TRUE,Lucas,,,Lucas,,,Lucas,Lucas,,,Lucas,Lucas,Lucas,,,Лукас,リュカ,琉加,,,류카,
Complete Event,FALSE,EB,Master Belch,FALSE,FALSE,,TRUE,,TRUE,,FALSE,,FALSE,,FALSE,,FALSE,,EB,New technique acquired,TRUE,,EB,Defeated,TRUE,Master Belch,,,Master Belch,,,Master Belch,Master Belch,,,Master Belch,Master Belch,Master Belch,,,Мастер Белч,ゲップー,,,,,
Complete Event,FALSE,EB,Mr. Saturn,FALSE,FALSE,,TRUE,,TRUE,,FALSE,,FALSE,,FALSE,,FALSE,,EB,New technique acquired,TRUE,,EB,Defeated,TRUE,Mr. Saturn,,,Mr. Saturn,,,Mr. Saturn,Mr. Saturn,,,Mr. Saturn,Mr. Saturn,Mr. Saturn,,,Господин Сатурн,どせいさん,,,,토성씨,
Complete Event,FALSE,Pokémon gen 1,Bulbasaur,FALSE,FALSE,,TRUE,,TRUE,,TRUE,,FALSE,,FALSE,,FALSE,,Pokémon gen 1,Gym Leader victory,TRUE,,Pokémon gen 1,???,TRUE,Bulbasaur,,,Bulbizarre,,,Bisasam,Bulbasaur,,,Bulbasaur,Bulbasaur,Bulbasaur,,,Бульбазавр,フシギダネ,,,,이상해씨,
Complete Event,FALSE,Pokémon gen 1,Charmander,FALSE,FALSE,,TRUE,,TRUE,,TRUE,,FALSE,,FALSE,,FALSE,,Pokémon gen 1,Gym Leader victory,TRUE,,Pokémon gen 1,???,TRUE,Charmander,,,Salamèche,,,Glumanda,Charmander,,,Charmander,Charmander,Charmander,,,Чармандер,ヒトカゲ,,,,파이리,
100 Mario (normal),TRUE,Pokémon gen 1,Charizard,FALSE,FALSE,,FALSE,,FALSE,,FALSE,,FALSE,,FALSE,,FALSE,,,,FALSE,,,,FALSE,Charizard,,,Dracaufeu,,,Glurak,Charizard,,,Charizard,Charizard,Charizard,,,Чаризард,リザードン,,,,리자몽,
Complete Event,FALSE,Pokémon gen 1,Squirtle,FALSE,FALSE,,TRUE,,TRUE,,TRUE,,FALSE,,FALSE,,FALSE,,Pokémon gen 1,Gym Leader victory,TRUE,,Pokémon gen 1,???,TRUE,Squirtle,,,Carapuce,,,Schiggy,Squirtle,,,Squirtle,Squirtle,Squirtle,,,Сквиртл,ゼニガメ,,,,꼬부기,
100 Mario (normal),TRUE,Pokémon gen 1,Pikachu,FALSE,FALSE,,FALSE,,FALSE,,FALSE,,FALSE,,FALSE,,FALSE,,,,FALSE,,,,FALSE,Pikachu,,,Pikachu,,,Pikachu,Pikachu,,,Pikachu,Pikachu,Pikachu,,,Пикачу,ピカチュウ,,,,피카츄,
100 Mario (normal),TRUE,Pokémon gen 1,Jigglypuff,FALSE,FALSE,,FALSE,,FALSE,,FALSE,,FALSE,,FALSE,,FALSE,,,,FALSE,,,,FALSE,Jigglypuff,,,Rondoudou,,,Pummeluff,Jigglypuff,,,Jigglypuff,Jigglypuff,Jigglypuff,,,Джиглипафф,プリン,,,,푸린,
100 Mario (normal),TRUE,Pokémon gen 1,Mewtwo,FALSE,FALSE,,FALSE,,FALSE,,FALSE,,FALSE,,FALSE,,FALSE,,,,FALSE,,,,FALSE,Mewtwo,,,Mewtwo,,,Mewtu,Mewtwo,,,Mewtwo,Mewtwo,Mewtwo,,,Мьюту,ミュウツー,,,,뮤츠,
100 Mario (expert),TRUE,Pokémon gen 4,Lucario,FALSE,FALSE,,FALSE,,FALSE,,FALSE,,FALSE,,FALSE,,FALSE,,,,FALSE,,,,FALSE,Lucario,,,Lucario,,,Lucario,Lucario,,,Lucario,Lucario,Lucario,,,Лукарио,ルカリオ,,,,루카리오,
100 Mario (expert),TRUE,Pokémon gen 6,Greninja,FALSE,FALSE,,FALSE,,FALSE,,FALSE,,FALSE,,FALSE,,FALSE,,,,FALSE,,,,FALSE,Greninja,,,Amphinobi,,,Quajutsu,Greninja,,,Greninja,Greninja,Greninja,,,Грениндзя,ゲッコウガ,甲賀忍蛙,,,개굴닌자,
100 Mario (normal),TRUE,AC,Villager,FALSE,FALSE,,TRUE,,FALSE,,TRUE,,FALSE,,FALSE,,FALSE,,AC,???,TRUE,,???,Player has fainted,TRUE,Villager,,,,Habitant,Villageois,Bewohner,Aldeano,,,Abitante,Dorpsbewoner,Villager,,,Житель,むらびと,村民,,,마을 주민,
100 Mario (expert),TRUE,AC,Tom Nook,FALSE,FALSE,,TRUE,,FALSE,,TRUE,,FALSE,,FALSE,,FALSE,,AC,???,TRUE,,???,Player has fainted,TRUE,Tom Nook,,,Tom Nook,,,Tom Nook,Tom Nook,,,Tom Nook,Tom Nook,Tom Nook,,,Том Нук,たぬきち,,,,너굴,
100 Mario (easy),TRUE,AC,K.K. Slider,FALSE,FALSE,,TRUE,,TRUE,,TRUE,,FALSE,,FALSE,,FALSE,,AC,???,TRUE,,???,K.K. howling,TRUE,K.K. Slider,,,Kéké Laglisse,,,K.K.,Totakeke,,,K.K. Slider,K.K. Slider,K.K. Slider,,,К. К. Слайдер,とたけけ,,,,,
100 Mario (normal),TRUE,AC,Resetti,FALSE,FALSE,,TRUE,,TRUE,,TRUE,,TRUE,,FALSE,,FALSE,,AC,???,TRUE,,???,Player has fainted,TRUE,Resetti,,,Resetti,,,Resetti,Rese T.,,,Resetti,Resetti,Resetti,,,Ресетти,リセットさん,,,,,
100 Mario (expert),TRUE,AC,Rover,FALSE,FALSE,,TRUE,,FALSE,,TRUE,,FALSE,,FALSE,,FALSE,,AC,???,TRUE,,???,Player has fainted,TRUE,Rover,,,Charly,,,Olli,Fran,,,Girolamo,Rover,Rover,,,Ровер,みしらぬネコ,,,,낯선고양이,
100 Mario (normal),TRUE,AC,Timmy & Tommy,FALSE,FALSE,,TRUE,,FALSE,,TRUE,,FALSE,,FALSE,,FALSE,,AC,???,TRUE,,???,Player has fainted,TRUE,Timmy & Tommy,,,Méli & Mélo,,,Nepp & Schlepp,Tendo y Nendo,,,Mirco e Marco,Timmy en Tommy,Timmy e Tommy,,,Тимми и Томми,まめきち・つぶきち,,,,콩돌 & 밤돌,
100 Mario (easy),TRUE,AC,Blathers,FALSE,FALSE,,TRUE,,FALSE,,TRUE,,FALSE,,FALSE,,FALSE,,AC,???,TRUE,,???,Player has fainted,TRUE,Blathers,,,Thibou,,,Eugen,Sócrates,,,Blatero,Blathers,Blathers,,,Блезерс,フータ,傅达,,,부엉,
100 Mario (normal),TRUE,AC,Mabel,FALSE,FALSE,,TRUE,,FALSE,,TRUE,,FALSE,,FALSE,,FALSE,,AC,???,TRUE,,???,Player has fainted,TRUE,Mabel,,,Layette,,,Tina,Pili,,,Agostina,Mabel,Mabel,,,Мэйбл,きぬよ,,,,고순이,
100 Mario (easy),TRUE,AC,Kapp'n,FALSE,FALSE,,TRUE,,TRUE,,TRUE,,FALSE,,FALSE,,FALSE,,AC,???,TRUE,,???,Player has fainted,TRUE,Kapp'n,,,Amiral,,,Käpten,Capitán,,,Remo,Kapp'n,Kapp'n,,,Кэпн,かっぺい,航平,,,,
100 Mario (easy),TRUE,AC:WW,Celeste,FALSE,FALSE,,TRUE,,FALSE,,TRUE,,FALSE,,FALSE,,FALSE,,AC,???,TRUE,,???,Player has fainted,TRUE,Celeste,,,Céleste,,,Eufemia,Estela,,,Celeste,Celeste,Celeste,,,Селеста,フーコ,傅珂,,,부옥,
100 Mario (normal),TRUE,AC:CF,Kicks,FALSE,FALSE,,TRUE,,FALSE,,TRUE,,FALSE,,FALSE,,FALSE,,AC,???,TRUE,,???,Player has fainted,TRUE,Kicks,,,Blaise,,,Schubert,Betunio,,,Sciuscià,Kicks,Kicks,,,Кикс,シャンク,,,,패트릭,
100 Mario (normal),TRUE,AC:NL,Isabelle (Summer Outfit),FALSE,FALSE,,TRUE,,FALSE,,TRUE,,TRUE,,FALSE,,FALSE,,AC,???,TRUE,,???,Player has fainted,TRUE,Isabelle (Summer Outfit),,,Marie (tenue d'été),,,Melinda (Sommer-Outfit),Canela (ropa de verano),,,Fuffi (vestito estivo),Isabelle (zomerkleding),Isabelle (Roupa de Verão),,,Изабель (летняя одежда),しずえ（夏服）,,,,,
100 Mario (expert),TRUE,AC:NL,Isabelle (Winter Outfit),FALSE,FALSE,,TRUE,,FALSE,,TRUE,,TRUE,,FALSE,,FALSE,,AC,???,TRUE,,???,Player has fainted,TRUE,Isabelle (Winter Outfit),,,Mario (tenue d'hiver),,,Melinda (Winter-Outfit),Canela (ropa de invierno),,,Fuffi (vestito invernale),Isabelle (winterkleding),Isabelle (Roupa de Inverno),,,Изабель (зимняя одежда),しずえ（冬服）,,,,,
100 Mario (easy),TRUE,AC:NL,Digby,FALSE,FALSE,,TRUE,,FALSE,,TRUE,,FALSE,,FALSE,,FALSE,,AC,???,TRUE,,???,Player has fainted,TRUE,Digby,,,Max,,,Moritz,Candrés,,,Fofò,Digby,Digby,,,Дигби,ケント,西施德,,,켄트,
100 Mario (normal),TRUE,AC:NL,Cyrus,FALSE,FALSE,,TRUE,,FALSE,,TRUE,,FALSE,,FALSE,,FALSE,,AC,???,TRUE,,???,Player has fainted,TRUE,Cyrus,,,Serge,,,Björn,Al,,,Merino,Cyrus,Cyrus,,,Сайрус,カイゾー,健兆,,,리포,
100 Mario (expert),TRUE,AC:NL,Reese,FALSE,FALSE,,TRUE,,FALSE,,TRUE,,FALSE,,FALSE,,FALSE,,AC,???,TRUE,,???,Player has fainted,TRUE,Reese,,,Risette,,,Rosina,Paca,,,Alpaca,Reese,Reese,,,Риз,リサ,,,,리사,
100 Mario (expert),TRUE,AC:HHD,Lottie,FALSE,FALSE,,TRUE,,FALSE,,TRUE,,FALSE,,FALSE,,FALSE,,AC,???,TRUE,,???,Player has fainted,TRUE,Lottie,,,Lou,,,Karlotta,Nuria,,,Casimira,Lottie,Lottie,,,Лотти,タクミ,巧美,,,솜이,
100 Mario (expert),TRUE,Pi,Captain Olimar,FALSE,FALSE,,TRUE,,TRUE,,2,,FALSE,,TRUE,,FALSE,,Pi3,Important item obtained,TRUE,,???,???,TRUE,Captain Olimar,,,Capitaine Olimar,,,Captain Olimar,Captán Olimar,,,Capitano Olimar,Kapitein Olimar,Captain Olimar,,,Капитан Олимар,キャプテン・オリマー,,,,,
100 Mario (easy),TRUE,Pi,Pikmin,FALSE,FALSE,,TRUE,,TRUE,,TRUE,,FALSE,,FALSE,,FALSE,,Pi3,Important item obtained,TRUE,,Pi,Pikmin death,TRUE,Pikmin,,,Pikmin,,,Pikmin,Pikmin,,,Pikmin,Pikmin,Pikmin,,,Пикмин,ピクミン,皮克敏,,,피크민,
100 Mario (normal),TRUE,CR,Chibi-Robo,FALSE,FALSE,,TRUE,,TRUE,,2,,TRUE,,FALSE,,FALSE,,CR,Rank up,TRUE,,CR,Ran out of energy,TRUE,Chibi-Robo,,,Chibi-Robo,,,Chibi-Robo,Chibi-Robo,,,Chibi-Robo,Chibi-Robo,Chibi-Robo,,,Чиби-Робо,ちびロボ,,,,,
100 Mario (normal),FALSE,WF,Wii Balance Board,FALSE,FALSE,,TRUE,,TRUE,,2,,TRUE,,TRUE,,FALSE,,WF,???,TRUE,,WF,Lost the minigame,TRUE,Wii Balance Board,,,Wii Balance Board,,,Wii Balance Board,Wii Balance Board,,,Wii Balance Board,Wii Balance Board,Wii Balance Board,,,Wii Balance Board,ウィーボ,,,,,
100 Mario (normal),TRUE,WF,Wii Fit Trainer,FALSE,FALSE,,TRUE,,TRUE,,2,,FALSE,,FALSE,,FALSE,,WF,???,TRUE,,WF,Lost the minigame,TRUE,Wii Fit Trainer,,,Entraîneuse Wii Fit,,,Wii Fit-Trainerin,Entrenadora de Wii Fit,,,Trainer di Wii Fit,Wii Fit-trainer,Instructora do Wii Fit,,,Тренер Wii Fit,Wii Fitトレーナー,,Wii Fit教練,Wii Fit教练,Wii Fit 트레이너,
100 Mario (normal),TRUE,XC,Shulk,FALSE,FALSE,,TRUE,,TRUE,,2,,FALSE,,FALSE,,FALSE,,XC,Secret area discovered,TRUE,,,,FALSE,Shulk,,,Shulk,,,Shulk,Shulk,,,Shulk,Shulk,Shulk,,,Шулк,シュルク,修爾克,,,슈르크,
Complete Event,FALSE,MH,Felyne,FALSE,FALSE,,TRUE,,TRUE,,TRUE,,FALSE,,FALSE,,FALSE,,MH,???,TRUE,,MH,???,TRUE,Felyne,,,Felyne,,,Felyne,Felyne,,,Felyne,Felyne,Felyne,,,Felyne,アイルー,,,,,
Complete Event,FALSE,DBBP,Yu Ayasaki,FALSE,FALSE,,TRUE,,TRUE,,2,,FALSE,,TRUE,,FALSE,,,,+ humming,,,???,TRUE,Yu Ayasaki,,,Yu Ayasaki,,,Yu Ayasaki,Yu Ayasaki,,,Yu Ayasaki,Yu Ayasaki,Yu Ayasaki,,,Yu Ayasaki,彩崎 ゆう,,,,,
Complete Event,FALSE,BA:TYBMD,Dr. Kawashima,FALSE,FALSE,,TRUE,,TRUE,,TRUE,,FALSE,,FALSE,,FALSE,,BA:TYBMD,???,TRUE,,BA:TYBMD,???,TRUE,,Dr. Kawashima,Dr Kawashima,Dr Kawashima,,,Dr. Kawashima,Dr. Kawashima,,,Dr. Kawashima,Dr. Kawashima,Dr. Kawashima,,,Доктор Кавасима,川島教授,,,,,
100 Mario (easy),FALSE,BBA,Dr. Lobe,FALSE,FALSE,,TRUE,,TRUE,,FALSE,,FALSE,,FALSE,,FALSE,,BBA,???,TRUE,,BBA,???,TRUE,Dr. Lobe,,,Professeur Neurone,,,Professor Lobo,Dr. Azo,,,Prof. Bilancini,Dr. Lobe,Dr. Lobe,,,Доктор Лоб,ハカリ先生,,,,,
Complete Event,FALSE,JB,Barbara the Bat,FALSE,FALSE,,TRUE,,TRUE,,2,,FALSE,,FALSE,,FALSE,,JB,???,TRUE,,JB,???,TRUE,Barbara the Bat,,,Barbara the Bat,,,Barbara the Bat,Barbara the Bat,,,Barbara the Bat,Barbara the Bat,Barbara the Bat,,,Барбара,バーバラ・バット,,,,,
Complete Event,FALSE,TLS,Starfy,FALSE,FALSE,,TRUE,,TRUE,,TRUE,,TRUE,,FALSE,,FALSE,,TLS,???,TRUE,,TLS,???,TRUE,Starfy,,,Starfy,,,Starfy,Starfy,,,Starfy,Starfy,Starfy,,,Старфи,スタフィー,,,,,
100 Mario (super expert),TRUE,Pu,Mallo,FALSE,FALSE,,TRUE,,TRUE,,TRUE,,TRUE,,FALSE,,FALSE,,Pu,Level finished,TRUE,,Pu,Lost a life,TRUE,Mallo,,,,Mallo,Millo,Mallo,,Mallo,Millo,Mallo,Mallo,Mallo,,,Мэлло,マロ,,,,,
100 Mario (normal),FALSE,SN,Nikki,FALSE,FALSE,,TRUE,,TRUE,,TRUE,,TRUE,,FALSE,,FALSE,,SN,3DS preview jingle,TRUE,,SN,???,TRUE,Nikki,,,Nikki,,,Nikki,Nikki,,,Nikki,Nikki,Nikki,,,Никки,ニッキー,,,,,
100 Mario (super expert),FALSE,MoM,Iris Archwell,FALSE,FALSE,,TRUE,,TRUE,,TRUE,,TRUE,,FALSE,,FALSE,,MoM,???,TRUE,,MoM,???,TRUE,,Iris Archwell,Ella Mentree,Charlotte Aulme,,,Clara Kluge,Clara Sagaz,,,Linda Ginetta,Charlotte Hoorn,Elsa Betudo,,,Маша Прозорливая,シーラ・ベル,,,,,
Complete Event,FALSE,NBA,Arcade bunny,FALSE,FALSE,,TRUE,,TRUE,,TRUE,,TRUE,,FALSE,,FALSE,,NBA,3DS preview jingle,TRUE,,NBA,Practice Catcher result jingle,TRUE,,Arcade bunny,Arcade Bunny,,Lapin de l'arcade,Lapin,Arcade-Hase,,Conejo Arcadio,Conejo de los recreativos,Coniglietto della sala giochi,Arcadehalkonijn,Coelho dos Jogos,,,Кролик-заведующий,バイト,,,,,
Complete Event,FALSE,N,Chitoge Kirisaki,FALSE,FALSE,,TRUE,,TRUE,,TRUE,,FALSE,,FALSE,,FALSE,,,,FALSE,,,,FALSE,Chitoge Kirisaki,,,Chitoge Kirisaki,,,Chitoge Kirisaki,Chitoge Kirisaki,,,Chitoge Kirisaki,Chitoge Kirisaki,Chitoge Kirisaki,,,Chitoge Kirisaki,桐崎 千棘,,,,,
100 Mario (normal),TRUE,S,Inkling Squid,FALSE,FALSE,,TRUE,,TRUE,,2,,TRUE,,FALSE,,FALSE,,S,Level finished,TRUE,,S,Game over,TRUE,Inkling Squid,,,,Calmar inkling,Calamar Inkling,Inkling-Tintenfisch,Inkling calamar,,,Calamaro Inkling,Inkling-inktvis,Lula Inkling,,,Инклинг-кальмар,イカ,,,,,
100 Mario (expert),TRUE,S,Inkling Boy,FALSE,FALSE,,TRUE,,TRUE,,TRUE,,TRUE,,FALSE,,FALSE,,S,Level finished,TRUE,,S,Game over,TRUE,Inkling Boy,,,,Garçon inkling,Garçon Inkling,Inkling-Junge,Inkling chico,,,Ragazzo Inkling,Inkling-jongen,Rapa Inkling,,,Инклинг-мальчик,ボーイ,,,,,
100 Mario (expert),TRUE,S,Inkling Girl,FALSE,FALSE,,TRUE,,TRUE,,TRUE,,TRUE,,FALSE,,FALSE,,S,Level finished,TRUE,,S,Game over,TRUE,Inkling Girl,,,,Fille inkling,Fille Inkling,Inkling-Mädchen,Inkling chica,,,Ragazza Inkling,Inkling-meisje,Rapariga Inkling,,,Инклинг-девочка,ガール,,,,,
Complete Event,TRUE,S,Callie,FALSE,FALSE,,TRUE,,TRUE,,TRUE,,TRUE,,FALSE,,FALSE,,S,Declaring the Splatfest's winning team,TRUE,,S,Game over,TRUE,Callie,,,Ayo,,,Aioli,Mar,,,Stella,Callie,Callie,,,Кэлли,アオリ,香匙,,,아오리,
Complete Event,TRUE,S,Marie,FALSE,FALSE,,TRUE,,TRUE,,TRUE,,TRUE,,FALSE,,FALSE,,S,Declaring the Splatfest's winning team,TRUE,,S,Game over,TRUE,Marie,,,Oly,,,Limone,Tina,,,Marina,Marie,Marie,,,Мари,ホタル,萤火,,,호타루,
100 Mario (normal),TRUE,NES ROB,R.O.B.,TRUE,FALSE,,TRUE,,FALSE,,FALSE,,FALSE,,FALSE,,FALSE,,???,???,TRUE,,???,???,TRUE,R.O.B.,,,R.O.B.,,,R.O.B.,R.O.B.,,,R.O.B.,R.O.B.,R.O.B.,,,R.O.B.,ロボット,,機器人,机器人,,
100 Mario (super expert),FALSE,FDS,Diskun,FALSE,FALSE,,TRUE,,TRUE,,FALSE,,FALSE,,FALSE,,FALSE,,FDS,Startup,TRUE,,FDS,Error sound,TRUE,Diskun,,,Diskun,,,Diskun,Diskun,,,Diskun,Diskun,Diskun,,,Diskun,ディスくん,,,,,
100 Mario (normal),FALSE,YHO,Mahjong Tile,FALSE,FALSE,,TRUE,,TRUE,,TRUE,,TRUE,,FALSE,,FALSE,,YHO,???,TRUE,,YHO,???,TRUE,Mahjong Tile,,,Tuile de Mahjong,,,Mah-Jongg-Stein,Ficha de mahjong,,,Tessera del mahjong,Mahjongsteen,Peça de Mahjong,,,Кость для маджонга,麻雀牌,,,,,
Complete Event,FALSE,HK,Kitty White,FALSE,TRUE,,TRUE,,TRUE,,TRUE,,FALSE,,FALSE,,FALSE,Marimba,,,TRUE,Marimba,,,TRUE,Kitty White,,,Kitty White,,,Kitty White,Kitty White,,,Kitty White,Kitty White,Kitty White,,,Kitty White,キティ・ホワイト,,,,,
Complete Event,FALSE,MyM,Melody,FALSE,FALSE,,TRUE,,TRUE,,TRUE,,FALSE,,FALSE,,FALSE,Marimba,,,TRUE,Marimba,,,TRUE,Melody,,,Melody,,,Melody,Melody,,,Melody,Melody,Melody,,,Melody,メロディ,,,,,
Complete Event,FALSE,SS,Shaun the Sheep,FALSE,FALSE,,TRUE,,TRUE,,TRUE,,FALSE,,FALSE,,FALSE,,,,FALSE,,,,TRUE,Shaun the Sheep,,,Shaun le Mouton,,,Shaun das Schaf,La Oveja Shaun,,,"Shaun, Vita da Pecora",Shaun het Schaap,A Ovelha Choné,,,Барашек Шон,ひつじのショーン,,,,,
Complete 3 Events (by Arino),FALSE,GCCX,Arino KACHO,FALSE,FALSE,,TRUE,,TRUE,,2,,FALSE,,FALSE,,FALSE,,,,+ singing,,,,TRUE,Arino KACHO,,,Arino KACHO,,,Arino KACHO,Arino KACHO,,,Arino KACHO,Arino KACHO,Arino KACHO,,,Arino KACHO,有野課長,,,,,
Complete Event,FALSE,CCC,SUPER MARIO KUN,FALSE,FALSE,,FALSE,,FALSE,,FALSE,,FALSE,,FALSE,,FALSE,,,,FALSE,,,,FALSE,SUPER MARIO KUN,,,SUPER MARIO KUN,,,SUPER MARIO KUN,SUPER MARIO KUN,,,SUPER MARIO KUN,SUPER MARIO KUN,SUPER MARIO KUN,,,SUPER MARIO KUN,スーパーマリオくん,,,,,
Complete Event,FALSE,F,Necky,FALSE,FALSE,,FALSE,,FALSE,,FALSE,,FALSE,,FALSE,,FALSE,,,,FALSE,,,,FALSE,Necky,,,Necky,,,Necky,Necky,,,Necky,Necky,Necky,,,Necky,ネッキー,,,,,
Complete Event,FALSE,M-B,GLA,FALSE,FALSE,,TRUE,,TRUE,,TRUE,,FALSE,,TRUE,,FALSE,Rock,,,+ Car sound,Techno,,,TRUE,GLA,,,GLA,,,GLA,GLA,,,GLA,GLA,GLA,,,GLA,GLA,,,,,
Complete Event,FALSE,BM,BABYMETAL,FALSE,FALSE,,TRUE,,TRUE,,2,,FALSE,,FALSE,,FALSE,,,,FALSE,,,,TRUE,BABYMETAL,,,BABYMETAL,,,BABYMETAL,BABYMETAL,,,BABYMETAL,BABYMETAL,BABYMETAL,,,BABYMETAL,BABYMETAL,,,,,