reward,releaseDate,removalDate,gameStyle,courseTheme_mainArea,courseTheme_subArea,amountOfTime,english,americanEnglish,europeanEnglish,french,canadianFrench,europeanFrench,german,spanish,americanSpanish,europeanSpanish,italian,dutch,portuguese,americanPortuguese,europeanPortuguese,russian,japanese,chinese,traditionalChinese,simplifiedChinese,korean,english_description,americanEnglish_description,europeanEnglish_description,french_description,canadianFrench_description,europeanFrench_description,german_description,spanish_description,americanSpanish_description,europeanSpanish_description,italian_description,dutch_description,portuguese_description,americanPortuguese_description,europeanPortuguese_description,russian_description,japanese_description,chinese_description,traditionalChinese_description,simplifiedChinese_description,korean_description
,2017-10-27,,SMW,Ground,Castle,500,NWC-2017,,,NWC-2017,,,???,NWC-2017,,,???,???,???,,,???,任天堂ワールド・チャンピオンシップ2017,,,,,This Nintendo Treehouse-created course was featured in the final round of the Nintendo World Championships 2017!,,,,Ce niveau créé par Nintendo Treehouse a été présenté lors de la ronde finale de Nintendo World Championships 2017!,???,???,,"Este nivel, creado pos miembros de Nintendo Treehouse, fue el primer desafío de la ronda final del evento Nintendo World Championships 2017.",???,???,???,???,,,???,???,,,,
Dr. Kawashima,2016-12-21,,SMB,Ground,Ground,500,Dr Kawashima's Athletic Training,,,Quel âge a votre corps?,,,???,Ejercicio físico con el doctor,,,L'allenamento del Dr. Kawashima,???,???,,,???,川島教授が体を鍛えるアスレチックコース,,,,,"As a scientist working to improve people's health, Dr. Kawashima knows it's important to keep both his brain and body in shape. See if you can survive his grueling workout, and after you find his body, don't forget to put his head on top and strike a pose!",,,,"Le Dr Kawashima étudie le cerveau humain, mais entraîner son cerveau ne suffit pas, il faut aussi entraîner son corps. C'est pourquoi aujourd'hui, il est sorti faire de l'exercice. Aidez-le à terminer son parcours de santé, et dès que vous trouvez un corps, placez sa tête dessus et faite-lui prendre la pose!",???,???,,"Las investigaciones del Dr. Kawashima se centran en el cerebro humano, pero hoy se ha propuesto entrenar un poco el cuerpo, ¡que también es necesario! Intenta superar su programa de ejercicios y, al encontrar su cuerpo, coloca la cabeza en su sitio. ¡Ah! ¡No olvides la pose final!",???,???,???,???,,,???,???,,,,
Undodog,2016-11-25,,SMB,Ground,Underwater,500,Walkin' with Undodog,,,,La promenade du chien Annuler,La promenade d'Undodog,???,El paseo de Can-celín,,,A spasso con Cancellino,???,???,,,???,アンドゥ犬の散歩道,,,,,"Mary O. was too busy to take Undodog for his usual walk today, so he decided to head out all by himself! He didn’t make it far before he came across a strange green pipe. Well, curiosity never hurt a dog, so he jumped right in! Now Undodog finds himself stranded in an unfamiliar land… Can you help him find his way back home?",,,,"Aujourd'hui, Mary O. était trop occupée pour sortir Annuler, alors il a décidé de faire sa promenade quotidienne tout seul. Il s'est très vite retrouvé trugge à truffe avec un étrange tuyau... Comme la curiosité est un canin défaut, ni une ni deux, il s'est engouffré à l'intérieur. Parvientra-t-il a rentrer chez lui sain et sauf?",???,???,,"Hoy Mary O. no tiene tiempo de sacar a Can-celín de paseo como de costumbre, así que el pobre decidió salir solo. No tardó en toparse con una extraña tubería y... El paseo de Can-celínsu curiosidad nata lo empujó a meterse e alla! ¿Cómo hará ahora para volver a casa sano y salvo?",???,???,???,???,,,???,???,,,,
Callie / Marie,2016-07-08,,SMB,Underground,Underwater,500,Squid Sisters vs. Bloopers,,,,Sœurs Ventouse contre Bloups,Calamazones contre Bloups,???,Calamarciñas contra Bloopers,,,Sea Sirens vs Calamaki,???,???,,,???,シオカラーズがイカとたわむれるコース,,,,,"Urgent report from the Squid Research Lab! The Squid Sisters have been spotted in the world of Super Mario Maker, and the local squids don’t seem to be giving them a very warm welcome! It’s up to Callie and Marie to show those Blooper bullies that the new squids on the block aren’t about to be messed with. May the freshest squid win!",,,,"Ici le laboratoire de recherche sur les calmars. D'après nos sources, les Sœurs Ventouse auraient atteri dans le monde Super Mario Maker et sont menacées par les calmars du coin! Serions-nous fae à un cas d'initiation? Aidez Ayo et Oly à rejoindre l'arrivée saines et sauves! Bonne change et... À plus tard calmars!",???,???,,"Aviso urgente del Squid Research Lab: Según nustras investigaciones, existen indivios de que las Calmarciñas se han perdido en Super Mario Maker. ¡Y se han topado con ciertos calmares de bastante mala tinta! ¿Podrás guiar a Mar y a Tina hasta la meta? ¡Que no decaigan esos tentáculos!",???,???,???,???,,,???,???,,,,
Shaun the Sheep,2016-06-03,???,NSMBU,Ground,Underground,500,Shaun's Mossy Mole Mischief,,,,???,Shaun et les taupes espiègles,???,Travesuras toperas en la granja,,,Shaun e le talpe dispettose,???,???,,,???,ショーンといたずらモグラ,,,,,"In this course, inspired by Aardman’s world-famous Shaun the Sheep, Mario must bounce and bound skillfully to avoid traps set out by a motley mob of mischievous Monty Moles! Finish the course to unlock a baa-rilliant Shaun the Sheep reward!",,,???,,,???,???,,,???,???,???,,,???,???,,,,
Kitty White / Melody,2016-05-27,,SMB,Ground,Ground,500,Hello Kitty & My Melody,,,Hello Kitty & My Melody,,,???,Hello Kitty y My Melody,,,Hello Kitty e My Melody,???,???,,,???,サンリオキャラクターズ（ハローキティ・マイメロディ）,,,,,"Sanrio characters Kitty and Melody find themselves in the world of Super Mario! At first it seems like a fun place, with cute blocks shaped like apples and flowers. But they’d better be careful, because there’s danger up ahead! Won’t you help them find their way safely to the goal?",,,,"Kitty et Melody, les célèbres personnages de Sanrio se retrouvent dans le monde Super Mario! À première vue, c'est un monde amusant, plein de blocs en fome de fleur et d'étoile, mais il faut tout de même qu'elles soient prudentes, car le danger les guette en chemin! S'il vous plaît, aidez-les à atteindre l'arrivée saines et sauves!",???,???,,"Kitty y Melody, célebres personajes de Sanrio, han aterrizado por casualidad en el mundo de Super Mario. A primera vista, les parece un lugar plácido y coqueto, con sus bloques en forma de manzana y de flor, pero no se imaginan los peligros que tendrán que sortear más adelante. ¿Podrás ayudarlas a alcanzar la meta sanas y salvas?",???,???,???,???,,,???,???,,,,
Popo & Nana,2016-05-13,,SMB,Ghost House,Ghost House,500,Popo & Nana's Climbing Challenge,,,Le défi de Popo et Nana,,,???,El desafío de Popo y Nana,,,La sfida di Popo e Nana,???,???,,,???,ポポとナナの挑戦,,,,,"The retro world of Ice Climber comes to Super Mario Maker! Smash your way upward through the blocks, but beware of enemies blocking your path – ascending this perilous peak won’t be a simple task! How quickly can you reach the summit?",,,,Le monde rétro d'Ice Climber déboule dans Super Mario Maker! Détruisez les blocs et évitez les enemis qui se mettent en travers de votre route pour vous frayer un chemin jusqu'au sommet du pic de glace! Combien de temps mettrez-vous pour terminer ce niveau?,???,???,,Super Mario Maker te permite echar un nuevo vistazo al pasado con este nivel inspirado en el mundo de Ice Climber. Ábrete camino hacia la cima rompiendo bloques y derrotando enemigos. ¿Cuántos segundos te tomará llegar a la cima?,???,???,???,???,,,???,???,,,,
BABYMETAL,2016-04-08,,SMB,Ghost House,Castle,500,METAL RESISTANCE,,,METAL RESISTANCE,,,???,METAL RESISTANCE,,,METAL RESISTANCE,???,???,,,???,???,,,,,"Say hello to BABYMETAL, the metal dance unit taking the world by storm! To celebrate the worldwide release of their latest album, ""METAL RESISTANCE,"" which has been making a splash on charts all over the globe, they're joining us right here in Super Mario Maker! They even recorded unique voice clips just for us!",,,,"La déferlante BABYMETAL s'abat sur le monde! Pour sélébrer la sortie mondiale de METAL RESISTANCE, son dernier album qui fait trembler les classements aux quatre coins du globe, le groupe de dance metal nous rejoint dans Super Mario Maker! Elles ont mêmes enregistré des voix spécialement pour l'occasion!",???,???,,"¡Llega el torbellino de BABYMETAL, el grupo de metal dance que agita todo el planeta! Su presencia en Super Mario Maker se debe al lanzamiento mundial de su nuevo álbum, ""METAL RESISTANCE"", que ya triunfa en las listas de éxitos. ¡Sus componentes incluso nos han grabado algunas de sus voces en exclusiva!",???,???,???,???,,,???,???,,,,
Starfy,2016-04-01,,SMB,Ground,Underwater,500,Starfy: Prince of Pufftop,,,,Starfy: Prince de Pufftop,"Starfy, prince du palais Pufftop",???,,Starfy: príncipe de Pufftop,"Starfy, el príncipe de las nubes","Starfy, il principe di Pufftop",???,???,,,???,テンカイの王子 スタフィー,,,,,"The legendary Starfy has discovered a mysterious lift in Pufftop Palace, his royal home in the skies, and riding it has landed him in the world of Super Mario Maker. ""This is freakin' me out... I wanna go home!"" Can our hero avoid the aquatic baddies and reach his goal safely? Go, Starfy, go!",,,,"Le légendaire Starfy a découert un ascenseur mystérieux dans son royaume dans le ciel, Pufftop, qui l'a transporté dans le monde Super Mario Maker. « J'ai trop peur... Je veux rentrer chez moi! » Est-ce que notre héros pourra échapper aux ennemis marins et atteindre son but? Vas-y, Starfy!",???,???,,"El legendario Starfy descubrió una plataforma móvil en su morada celestial, el palacio Pufftop, y la usó para viajar al mundo de Super Mario Maker. ""Esto me da mala espina... ¡Quiero volver a casa!"". ¡¿Podrá nuestro héroe eludir a los villanos submarions y llegar a salvo a la meta?!",???,???,???,???,,,???,???,,,,
Yu Ayasaki,2016-03-21,,SMB,Ground,Underwater,500,♪Yu Ayasaki's Big Adventure!♪,,,,♪Yu Ayasaki part à l'aventure!♪,♪ Yu Ayasaki part à l'aventure ! ♪,???,La gran aventura de Yu Asayaki ♪,,,L'avventura di Yu Ayasaki ♪,???,???,,,???,♪新人声優　彩崎ゆうの大冒険♪,,,,,"Hi, everyone! I'm the up-and-coming voice actress Yu Ayasuki! I've been hosting a radio show in the Nintendo 3DS game ""Daigasso! Band Bros. P"" exclusively in Japan, but now the whole world gets to see me as a Mario costume! I've still got a long way to go as a voice actress, but I'm ready to give anything a try!",,,,"Salut tout le monde! C'est moi Yu Ayasaki, l'étoile montante du doublage! Jusqu'ici, je suis sourtout connue au Japon en tant qu'animatrice de l'émission radio du jeu Nintendo 3DS «Daigasso! Band Bros. P »... Mais avec ce costume à mon effigie, je fais mon entrée sur la scène internationale! Avec ça, ma carrière va forcément décoller!",???,???,,"¡Hola a todos! Me llamo Yu Ayasaki y sosy una prometedora actriz de doblaje. Por el momento solo me conocen en Japón, como presentadora radiofónica en el jugeo de Nintendo 3DS ""Daigasso! Band Bros. P"". ¡Pero ahora todo el mundo sabrá de mí gracias a mi disfraz de personaje para Mario! ¡No pienso parar hasta harceme famosa!",???,???,???,???,,,???,???,,,,
Toadette,2016-03-18,,SMB,Ghost House,,300,Toadette: Treasure Tracker,,,,Toadette : Chasseuse de trésors,???,???,Toadette: Treasure Tracker,,,Toadette: Treasure Tracker,???,???,,,???,進め！キノピコ,,,,,"Captain Toad: Treasure Tracker is back with another special course, and this time it's the Captain's treasure-hunting partner Toadette who's taking center stage! Do you have what it takes to dodge giant skewers, collect the pink coins, and make it to the bounty of golden treasure at the end of the course?",,,,"Voici un nouveau niveau sur le thème de Captain Toad: Treasure Tracker. Cette fois-ci, les feux des projecteurs sont braqués sur Toadette, la compagne d'aventure du capitaine Toad. Saura-t-elle ramasser toutes les pièces roses et éviter les gigantesques brochettes pour atteindre l'Arrivée et son trésor sonnant et trébuchant?",???,???,,"Captain Toad: Treasure Tracker vuelve a la carga con otro nivel. En esta ocasión el protagonismo recae en la compañera de aventuras del capitán: Toadette. ¡Atrévete a esquivar peligrosas brochetas gigantes, recoger monedas rosas y llegar hasta el tesoro que te aguarda al final del nivel!",???,???,???,???,,,???,???,,,,
Wolf Link,2016-03-10,,SMB,Underground,Castle,500,Twilight Princess HD,,,Twilight Princess HD,,,???,Twilight Princess HD,,,Twilight Princess HD,???,???,,,???,ゼルダの伝説 トワイライトプリンセス HD,,,,,"While exploring the Twilight Realm in The Legend of Zelda: Twilight Princess HD, somehow Link and Midna's souls have found their way into Super Mario Maker. Now, to protect peace throughout all worlds, they must seal away a new menace–Bowser Jr., who has split himself in three!",,,,"Au cours de leurs aventures dans les terres du Crépuscule de «The Legend of Zelda: Twilight Princess HD Z, les âmes de Link et de Midona se sont retrouvées dans le monde de « Super Mario Maker ». Pour ramener la paix dans tous les mondes, ils doivent se débarasser d'une nouvelle menace : Bowser Jr. qui s'est divisé en trois!",???,???,,"Mientras exploraban el Crepúsculo en The Legend of Zelda: Twilight Princess HD, los espíritus de Link y Midna han encontrado una entrada al mundo de Super Mario Maker. ¡Protege la paz entre ambos mundos encerrando a Bowser Jr., que se ha divido en tres!",???,???,???,???,,,???,???,,,,
Mary O.,2016-03-09,,SMB,Ground,Airship,500,Mary O.'s Lunch Break,,,,L'heure de dîner de Mary O.,La pause-déjeuner de Mashiko,Mashikos Mittagspause,,El almuerzo de Mary O.,El almuerzo de Mashiko,La pausa pranzo di Mashiko,???,???,,,???,ましこの昼休み,,,,,"Mary O., the friendly guide from the Super Mario Maker manual, finally makes her in-game debut! ""It's my lunch break, so I'm heading out for a quick bite to eat. Out of the office, across the street, up some...vines?! Maybe this won't be so quick after all...""",,,,"Le costume de personnage de Mary O., la sympathique hôtesse du mode d'emploi, fait son entrée dans Super Mario Maker! « C'est l'heure du dîner, il faut que j'aille m'acheter quelque chose à manger. Je sois sortir du bureau, traverser la route, grimper à des vignes... Euh, quoi? Des vignes?! Cette pause ne va pas être de tout repos... »",???,???,,"Ha llegado el momento que todos estábamos esperando: ¡al fin se incorpora al juego Mary O., la inigualable guía del manual de Super Mario Maker! ""Salí de la oficina con la idea de comprar algo de comer, cuando de pronto me topé con unas plantas. Qué extraño... Llegar a la tienda no va a ser tan fácil como creía"".",???,???,???,???,,,???,???,,,,
Statue Mario,2016-03-04,,SMB,Ground,Underground,500,Secrets of Statue Mario,,,Les secrets de Mario statue,,,???,,El secreto de Mario estatua,El secreto de Mario Estatua,I segreti di Mario Statua,???,???,,,???,え！そうなの！？地蔵マリオのひみつ,,,,,"From Super Mario Bros. 3, Statue Mario finally makes his Super Mario Maker debut! But there's no Tanooki Suit in this game, and he can't move on his own, so... I guess we'll just have to carry him. He's heavier than he looks, you know! Can you carry him all the way to the goal?",,,,"Tout droit sorti de Super Mario Bros. 3, Mario statue fait son entrée dans Super Mario Maker! Le problème, c'est qu'il n'a pas de costume de tanooki et il ne peut pas se déplacer tout seul... Réussirez-vous à le porter jusqu'à l'arrivée? Prenez garde, il est plus lourd qu'il en a l'air!",???,???,,"Tras su aparición en Super Mario Bros. 3, ¡Mario estatua regresa de forma estelar en Super Mario Maker! Aunque en esta ocasión no hay traje de tanuki a la vista ni puede moverse por su cuenta. No te quedará más remedio que cargar con su peso... ¡y no es precisamente ligero como una pluma! ¿Serás capaz de llevarlo hasta la meta?",???,???,???,???,,,???,???,,,,
Barbara the Bat,2016-02-26,,SMB,Ground,Castle,500,Barbara in Tomatoland,,,Barbara et les tomates,,,???,"¡Toma tomate, Barbara!",,,Barbara in Pomodolandia,???,???,,,???,トマトまみれのバーバラ様,,,,,"Hello, my dears! I'm Barbara the Bat. ...What are those blank looks for? Don't you know who I am?! I'm the star of a little series called Jam with the Band. It's quite big in Japan! You should all be thankful for this precious opportunity to join the ranks of my minions!",,,,"Bonjour à tous! C'est moi, Barbara the Bath. Pourquoi vous me regardez comme ça? Vous savez pas qui je suis? Sachez que je suis la star de la série «Jam with the Band » qui est super populaire au Japon! Réjoissez-vous, car à partir de maintenant, vous allez pouvoir rejoindre les rangs de mes dévoués serviteurs.",???,???,,"¡Hola! Soy Barbara the Bat. ¿Qué pasa, no te suena mi nombre? Pues para tu información, soy la estella de un gran juego llamado Jam with the Band. ¡Es conocidísimo en Japón! Ah, por cierto, a partir de ahora pasarás a ser parte de la lista de mis admiradores, ¡te guste o no!",???,???,???,???,,,???,???,,,,
Chitoge Kirisaki,2016-02-19,,NSMBU,Ground,,500,Nisekoi: Chitoge & Kosaki,,,,Nisekoi : Chitoge & Kosaki,???,???,Nisekoi: Chitoge y Kosaki,,,Nisekoi: Chitoge & Kosaki,???,???,,,???,ちとげ こさき コース,,,,,"This course was created by Naoshi Komi, the author of Nisekoi, a popular manga series in the Japanese magazine WEEKLY SHONEN JUMP. It's divided into two routes, each based on a different Nisekoi character. Will you choose Chitoge Kirisaki or Kosaki Onodera?",,,,"Ce niveau a été créé par Naoshi Komi, l'auteur de «Nisekoi », un célèbre manga prépublié dans le magazine japonais «WEEKLY SHONEN JUMP ». Deux itinéraires sont possibles pour terminer le niveau , chacun inspiré d'un personnage de « Nisekoi ». Lequel choisirez-vous? Chitoge Kirisaki ou Kosaki Onodera",???,???,,"El autor de este nivel es Naoshi Komi, creador de Nisekoi, una popular serie de manga que se publica en la revista japonesa WEEKLY SHONEN JUMP. El nivel tiene dos rutas, cada una de ellas basada en un personaje de Nisekoi. ¿Te quedas con Chitoge Kirisaki o con Kosaki Onodera?",???,???,???,???,,,???,???,,,,
Chitoge Kirisaki,2016-02-19,,NSMBU,Castle,Underground,500,Nisekoi: Tsugumi & Marika,,,,Nisekoi : Tsugumi & Marika,???,???,Nisekoi: Tsugumi y Marika,,,Nisekoi: Tsugumi & Marika,???,???,,,???,つぐみ まりか コース,,,,,"This course was created by Naoshi Komi, the author of Nisekoi, a popular manga series in the Japanese magazine WEEKLY SHONEN JUMP. It's divided into two routes, each based on a different Nisekoi character. Will you choose Seishiro Tsugumi or Marika Tachibana?",,,,"Ce niveau a été créé par Naoshi Komi, l'auteur de «Nisekoi », un célèbre manga prépublié dans le magazine japonais «WEEKLY SHONEN JUMP ». Deux itinéraires sont possibles pour terminer le niveau , chacun inspiré d'un personnage de « Nisekoi ». Lequel choisirez-vous? Seishiro Tsugumi ou Marika Tachibana?",???,???,,"El autor de este nivel es Naoshi Komi, creador de Nisekoi, una popular serie de manga que se publica en la revista japonesa WEEKLY SHONEN JUMP. El nivel tiene dos rutas, cada una de ellas basada en un personaje de Nisekoi. ¿Te quedas con Seishiro Tsugumi o con Marika Tachibana?",???,???,???,???,,,???,???,,,,
Bulbasaur / Charmander / Squirtle,2016-02-12,,SMB,Ground,Underground,500,I Choose You!,,,,Je te choisis!,???,???,¡Te elijo a ti!,,,Scelgo te!,???,???,,,???,そこに　３つ扉があるじゃろう！　......　さあ　えらべ！,,,,,"This course is based on the beginning of any Pokémon trainer's journey–from choosing your first partner in Professor Oak's lab through reaching the first Gym. Clear the course to unlock a costume of whichever Pokémon you chose! Unlike the original games, it shouldn't be too hard to clear it multiple times and catch 'em all!",,,,"Ce niveau est inspiré du début de l'aventure de tout Dresseur Pokémon, du choix du premier Pokémon au Labo du Professeur Chen jusqu'à l'Arrivée à la première Arène. Terminez le niveau pour recevoir le costume du premier Pokémon que vous aurez choisi! Terminez le niveau plusieurs fois et attrapez-les tous!",???,???,,"Este nivel es similar a cómo empieza la aventura de todo Entrenador, desde que elige su primer Pokémon en el laboratorio del profesor Oak hasta que llega al primer gimnasio. Si superas el nivel, conseguirás un disfraz del Pokémon que hayas eligido. ¡Aqu­i no te resultará difícil superarlo varias veces y atraparlos todos!",???,???,???,???,,,???,???,,,,
,2016-01-30,,SMB,Ground,Underground,500,Tokaigi 2016 Contest Course 1,,,,Niveau 1 du Tokaigi 2016,???,???,Tokaigi 2016 - Nivel 1,,,"Gara Tokaigi 2016, livello 1",???,???,,,???,「つくる王」「あそぶ王」決定戦　決勝戦用コース１,,,,,"This course was created by Nintendo for Tokaigi 2016, a big gaming event in Japan. It was used as the first stage for the final round of the ""King of Course Creators""/""King of Course Players"" contest.",,,,"Ce niveau a été créé par Nintendo pour le Tokaigi 2016, un grand événement vidéoludique japonais. Il constituait la première épreuve de la finale du concours « Le roi des créateurs de niveaux / Le roi des joueurs de niveaux ».",???,???,,"Nintendo ha creado este nivel con motivo del Tokaigi 2016, un multidinario evento de videojuegos que se celebra en Japón. Fue el primer nivel en la última ronda del concurso ""Rey de los creadores / Rey de los jugadores"".",???,???,???,???,,,???,???,,,,
,2016-01-30,,SMB3,Ghost House,,500,Tokaigi 2016 Contest Course 2,,,,Niveau 2 du Tokaigi 2016,???,???,Tokaigi 2016 - Nivel 2,,,"Gara Tokaigi 2016, livello 2",???,???,,,???,「つくる王」「あそぶ王」決定戦　決勝戦用コース２,,,,,"This course was created by Nintendo for Tokaigi 2016, a big gaming event in Japan. It was used as the second stage for the final round of the ""King of Course Creators""/""King of Course Players"" contest.",,,,"Ce niveau a été créé par Nintendo pour le Tokaigi 2016, un grand événement vidéoludique japonais. Il constituait la deuxième épreuve de la finale du concours « Le roi des créateurs de niveaux / Le roi des joueurs de niveaux ».",???,???,,"Nintendo ha creado este nivel con motivo del Tokaigi 2016, un multidinario evento de videojuegos que se celebra en Japón. Fue el segundo nivel en la última ronda del concurso ""Rey de los creadores / Rey de los jugadores"".",???,???,???,???,,,???,???,,,,
,2016-01-30,,SMW,Underground,,500,Tokaigi 2016 Contest Course 3,,,,Niveau 3 du Tokaigi 2016,???,???,Tokaigi 2016 - Nivel 3,,,"Gara Tokaigi 2016, livello 3",???,???,,,???,「つくる王」「あそぶ王」決定戦　決勝戦用コース３,,,,,"This course was created by Nintendo for Tokaigi 2016, a big gaming event in Japan. It was used as the third stage for the final round of the ""King of Course Creators""/""King of Course Players"" contest.",,,,"Ce niveau a été créé par Nintendo pour le Tokaigi 2016, un grand événement vidéoludique japonais. Il constituait la troisième épreuve de la finale du concours « Le roi des créateurs de niveaux / Le roi des joueurs de niveaux ».",???,???,,"Nintendo ha creado este nivel con motivo del Tokaigi 2016, un multidinario evento de videojuegos que se celebra en Japón. Fue el tiercer nivel en la última ronda del concurso ""Rey de los creadores / Rey de los jugadores"".",???,???,???,???,,,???,???,,,,
,2016-01-30,,NSMBU,Castle,Castle,500,Tokaigi 2016 Contest Course 4,,,,Niveau 4 du Tokaigi 2016,???,???,Tokaigi 2016 - Nivel 4,,,"Gara Tokaigi 2016, livello 4",???,???,,,???,「つくる王」「あそぶ王」決定戦　決勝戦用コース４,,,,,"This course was created by Nintendo for Tokaigi 2016, a big gaming event in Japan. It was used as the final stage for the final round of the ""King of Course Creators""/""King of Course Players"" contest. It's designed to be easy to survive, but challenging to complete quickly!",,,,"Ce niveau a été créé par Nintendo pour le Tokaigi 2016, un grand événement vidéoludique japonais. Il a servi de dernier niveau pour la finale du concours « Le roi des créateurs de niveaux / Le roi des joueurs de niveaux ». Il y a peu de risque d'y perdre une vie mais le finir vite demande de l'adresse.",???,???,,"Nintendo ha creado este nivel con motivo del Tokaigi 2016, un multidinario evento de videojuegos que se celebra en Japón. Fue el nivel final en la última ronda del concurso ""Rey de los creadores / Rey de los jugadores"". Está diseñado de modo que resulte sencillo sobrevivir, pero que no sea fácil llegar a la meta rápidamente.",???,???,???,???,,,???,???,,,,
Professor E. Gadd,2016-02-05,,SMB,Ghost House,Ghost House,500,Paranormal Research,,,,Recherches paranormales,???,???,Una investigación paranormal,,,Ricerca paranormale,???,???,,,???,オバケのけんきゅう,,,,,"Professor E. Gadd works tirelessly day and night on his studies of spooky spirits. ""I fear there may be a new breed of ghost lurking somewhere in this old mansion... Hurry and investigate! You'll have to see for yourself what haunted secrets await.""",,,,Le professeur K. Tastroff se consacre nuit et jour à l'étude des fantômes. « Il est très probable qu'un nouveau genre de fantôme se cache dans ce manoit hanté! Allez vite enquêter! Préparez-vous à faire face à de lugubres mystères! »,???,???,,"El profesor D. Sastre trabaja día y noche en su investigación sobre espíritus pavoros: ""Creo que en esta antigua mansión podría ocultarse una nueva especie fantasma... ¡Debes investigarlo sin demora! Así descubrirás qué clase secretos alberga en su interior"".",???,???,???,???,,,???,???,,,,
Daisy,2016-01-15,,SMB,Ground,Underwater,500,Adventure in Sarasaland,,,Aventures à Sarasaland,,,???,Aventura en Sarasaland,,,Avventura a Sarasaland,???,???,,,???,サラサ・ランドの冒険,,,,,Start in the land of Super Mario Bros. and cross the water into the land of... Super Mario Land! That's the idea behind this course. Transform into Princess Daisy and explore Sarasaland!,,,,"Commencez dans le monde de Super Mario Cros. et traversez les mers pour rejoindre les terres de Super Mario Land : voilà le concept de ce niveau. Transformez-vous en Daisy, la princesse casse-cou pour explorer Sarasaland!",???,???,,Oarte desde el mundo de Super Mario Bros. y luego cruza el agua para adentrarte en el universo de Super Mario Land. ¡Asume el papel de la princesa Daisy y explora el paisaje de Sarasaland!,???,???,???,???,,,???,???,,,,
Yamamura,2016-01-13,,SMB,Ground,Underground,500,Cooooo! (Feat. Yamamura),,,,Rou! (Yamamaura entre en piste),Rou ! (Yamamaura entre en piste),???,¡Currú! (Un nivel con Yamamura),,,Tu-Tu-Tuuut (con Yamamura),???,???,,,???,ポッポ～（ヤマムラが映えるコース）,,,,,"This course was created by Yamamura of ""Super Mario Maker: Crash Course"" fame! He might look like a humble pigeon, but don't let that fool you–he's a master course creator! Here's what he had to say: ""Coo! (To please my fans across the world, I had a special Yamamura costume made. I hope you all clear my course and get it!)""",,,,"Ce niveau a été créé par Yamamura, célèbre pour ses cours de créations de niveaux! Certes, c'est un pigeon passé maître dans l'art de création de niveaux. Voici son commentaire : « Rou-rou! (Pour faire plaisir à mes fans du monde entier, j'ai fait créer un costume à mon image. Terminez ce niveau et il sera vôtre!) »",???,???,,"Este nivel es obra de Yamamura, el famoso maestro que imparte la clase de creación de niveles en Super Mario Maker. A simple vista parece un mero palomo, pero en realidad es todo un profesional. Su mensaje es: ""¡Cú! (Hemos creado un disfraz a mi imagen y semejanza para deleite de los aficionados. Supera el nivel será tuyo. ¡Pan comido!)"".",???,???,???,???,,,???,???,,,,
Bike,2015-12-31,,SMB,Airship,Castle,50,NES REMIX (Excitebike),,,NES REMIX (Excitebike),,,???,NES REMIX (Excitebike),,,NES REMIX (Excitebike),???,???,,,???,ファミコンリミックス（エキサイトバイク）,,,,,"In the NES REMIX series, a variety of classic Nintendo Entertainment System games are given a new lease on life. This time, we've picked the Excitebike stages to recreate in Super Mario Maker! Hold the dash button and right on the +Control Pad from the moment the course begins to replicate the authentic motocross experience.",,,,"Dans la série NES REMIX, les grands classiques du NES se voient offrir une seconde jeunesse. Cette fois-ci, ce sont les niveaux d'Excitebike qui font leur entrée fracassante dans Super Mario Maker! Mettez le turbo dès le début du niveau et traversez-le à toute vitesse pour une expérience conforme à l'original!",???,???,,"En la serie NES REMIX, varios clásicos de Nintendo Enternainment System reciben una segunda oportunidad. En esta ocasión, ¡hemos recreado niveles de Excitebike en Super Mario Maker! Solo necesitas oprimir el botón de correr y la cruz de control hacia la derecha al empezar. ¡Así vivirás la experiencia de una carrera de motos real!",???,???,???,???,,,???,???,,,,
Sky Pop,2016-01-07,,SMB,Airship,,500,Soudwest Air Adventure,,,,Dans les airs avec Southwest,???,???,La aventura aérea de Southwest,,,Avventura Aerea con Southwest,???,???,,,???,???,,,,,"Take to the skies through an adventure course designed by Mario fans from Southwest Airlines! Clear it, and you'll unlock an exclusive Mystery Mushroom costume based on the Sky Pop airplane from Super Mario Land!",,,,"Décollez vers un niveau de haute voltige créé par des emplotés de Southwest Airlines fans de Mario! Si vous parvenez à le terminer, vous obtiendrez un costume exclusif pour le champignon mystère basé sur le Sky Pop, l'avion de Super Mario Land!",???,???,,"Surca los cielos en un nivel de lo más aventurero creado por aficionados de Mario en Southwest Airlines. Si logras superarlo, obtendrás un exclusivo disfraz de personaje para el champiñón ?, basado en la icónica aeronave Sky Pop de Super Mario Land.",???,???,???,???,,,???,???,,,,
Birdo,2015-12-31,,SMB,Ground,,300,NES REMIX (Super Mario Bros. 2),,,NES REMIX (Super Mario Bros. 2),,,???,NES REMIX (Super Mario Bros. 2),,,NES REMIX (Super Mario Bros. 2),???,???,,,???,ファミコンリミックス（スーパーマリオUSA）,,,,,"In the NES REMIX series, a variety of classic Nintendo Entertainment System games are given a new lease on life. This time, we've picked the Super Mario Bros. 2 stages to recreate! If you've played the original game, you'll recognize many of the locations and elements. In true NES REMIX style, it's all very familiar, yet somehow a little different!",,,,"Dans la série NES REMIX, les grands classiques du NES se voient offrir une seconde jeunesse. Cette fois-ci, ce sont les niveaux de Super Mario Bros. 2 qui ont servi de modèle à cette nouvelle création! Les connaisseurs y retrouvent ses éléments et décors caractéristiques. À la fois familier et différent, c'est tout l'esprit de NES REMIX!",???,???,,"En la serie NES REMIX, le darás una nueva oportunidad a varios juegos clásicos de Nintendo Enternainment System. Esta vez recreamos niveles de Super Mario Bros. 2 en Super Mario Maker! Si has jugado el juego original, reconocerás muchos lugares y elementos. reconocerás muchos lugares y elementos. Fiel al estilo de NES REMIX, ¡todo es conocido y distinto a la vez!",???,???,???,???,,,???,???,,,,
Captain Toad,2015-12-25,,SMB,Ghost House,,200,Captain Toad: Treasure Tracker,,,Captain Toad: Treasure Tracker,,,???,Captain Toad: Treasure Tracker,,,Captain Toad: Treasure Tracker,???,???,,,???,進め！キノピオ隊長,,,,,"Search every angle in a puzzling adventure! In Captain Toad: Treasure Tracker, the Toad Brigade's lovable Captain explores a variety of miniature Mario courses. And now he's tackling a real Mario course in search of shiny golden coins! Usually Captain Toad can't jump with his heavy backpack–can you clear this course without jumping?",,,,"Dans cette grande aventure, il vous faudra inspecter les moindres recoins! L'adorable capitaine de la brigade Toad part explorer un niveau de Mario à la recherche de pièces scintillantes! Dans Captain Toad: Treasure Tracker, son sac à dos l'empêche de sauter, alors essayez de terminer le niveau",???,???,,"¡Vive una compleja aventura desde un nuevo ángulo! En Captain Toad: Treasure Tracker, el entrañable líder del escuadrón Toad explora diversos niveles de Mario en miniatura. Y ahora se enfrentar´a un nivel de verdad en busca de veliosas monedas. Es sabido que su pesada mochila le impide saltar... ¿Superarás este nivel aun así?",???,???,???,???,,,???,???,,,,
Mr. Saturn,2015-12-19,,SMB,Ground,Underground,500,Welcome to Saturn Valley,,,,Bienvenue à Saturn Valley,???,???,Bienvenidos a Saturn Valley,,,Benvenuti a Saturn Valley,???,???,,,Долина Сатурнов,サターンバレーへようこそ,,,,,"This is Saturn Valley. The Mr. Saturns live happily here, along with many unusual creations. Try searching for the Mr. Saturns hiding all over the place–in houses, caves, and more! If you reach the goal as Mr. Saturn, you'll have good luck all day long! ...Probably.",,,,"Voici Saturn Valley, où les Mr. Saturn coulent des jours heureux. Le village est truffé d'étranges mécanismes! Trouvez les Mr. Saturn cachés dans les maisons, les grottes et autres endroits incongrus! Si vous parvenez à atteindre l'arrivée transformé en Mr. Saturn, vous aurez de la chance toute la journée!",???,???,,"Saturn Valley es el hogar de los Mr. Saturn, donde viven en paz y armonía junto con otras exóticas especies. Trata de localizar los Mr. Saturn que se ocultan en las casas, cuevas y otros lugares de la zona. Si llegas a la meta como Mr. Saturn, la suerte te acompañará a lo largo de todo el día... Posiblemente",???,???,???,???,,,???,???,,,,
Master Belch,2015-12-19,,SMB,Ground,Airship,500,Belch Base,,,La base secrète de Master Belch,,,???,La base de Master Belch,,,Base segreta di Master Belch,???,???,,,База Белча,ゲップーのひみつきち,,,,,"Nobody can stop you when you're the great Master Belch! Use your slime powers to assert dominance over, er...your own base. By the way, you have precisely 4 chances to transform into the great Master Belch. If you find them all, you'll be filled with an overwhelming sense of satisfaction! Probably.",,,,"Transformé en Master Belch, vous serez fort comme cent hommes! Grâce au pouvoir de la dagoue, frayez-vous un chemin dans la base secrète! Il y a en tout quatre occasions de se transformer en Master Belch, trouvez-les tous et vous passerez une belle journée!",???,???,,"¡Nadi puede parar al increíble Master Belch! Sácale el máximo provecho a tu viscosidad para obtener el control de... ¿tu propia base? Dispones de 4 oportunidades para ponerte en el papel de Master Belch. Si las localizas todas, sentirás cómo te inunda una agradable sensacuón... Quizá.",???,???,???,???,,,???,???,,,,
Arcade bunny,2015-12-18,,SMB,Ghost House,Airship,500,Nintendo Badge Arcade,,,Nintendo Badge Arcade,,,???,Nintendo Badge Arcade,,,Nintendo Badge Arcade,???,???,,,???,バッジとれ～るセンター,,,,,"Hey there! Welcome to the Nintendo Badge Arcade! It's the place to be if you want to play crane games and catch badges you can use to jazz up your HOME Menu. ...HUH?! The arcade got turned into a Mario course?! Ooh, I hope the boss approved this, or I'm gonna be in big trouble!",,,,"Bien le bonjour! Bienvenue au centre Nintendo Badge Arcade! Ici, vous pouvez jouer à des attractions qui vous permettent d'obtenir des super badges pour décorer votre menu HOME! HEIN?! Le centre a été transformé en niveau de Mario?! Le patron m'avait pas prévenu qu'il allait faire des travaux...",???,???,,"¡Hola! ¡Te doy la bienvenida a Nintendo Badge Arcade! Un lugar divertidísimo en el que puedes intentar ganar insignias digitales para el menú HOME de Nintendo 3DS. ¡¿QUE QUÉÉÉ?! ¿Esto es un nivel de Mario? ¡Cielos! Espero que esto lo haya autorizado el jefe. Si no, ¡estaré en serios problemas!",???,???,???,???,,,???,???,,,,
Felyne,2015-12-16,,SMB,Ground,Underground,500,Ma Rio Hills,,,,Colline Ma Rio,???,???,Las colinas Ma Rio,,,Colline da Ma Rio,???,???,,,Холмы Ма-Рио,マリ丘,,,,,"As a Felyne warrior, your quest is to face the gigantic monsters that roam the uncharted region of Ma Rio Hills and make it safely from your camp to the target point.
Genre: Mario Hunting Action",,,,"Dans la peau d'un Felyne, vous devrez affronter les monstres géants qui peuplent la colline Ma Rio et survivre de votre camp de base jusqu'au point d'arrivée.
Genre : Chasse sur plateformes",???,???,,"Como guerro Felyne, tu misón es hacer frente a los gigantescos monstruos que publan las colinas Ma Rio, así como lograr llegar a salvo a tu destino desde el campamento.
Género: caza sobre plataformas",???,???,???,???,,,???,???,,,,
GLA,2015-12-10,,SMB,Ground,Underground,500,Mercedes-Benz Jump'n'Drive,,,Mercedes-Benz Jump'n'Drive,,,???,Mercedes-Benz Jump'n'Drive,,,Mercedes-Benz Jump'n'Drive,???,???,,,???,???,,,,,This course was created by a team of Mario fans at Mercedes-Benz. They were inspired by the GLA's appearance in Mario Kart 8 and wanted to build a level in which Mario takes the GLA on a road trip from the city into the mountains. Of course there are a few secrets–can you find the hidden garage and gain access to the underground club?,,,,"Ce niveau est l'œuvre d'employés de Mercedes-Benz fans de Mario. L'apparition de la GLA dans Mario Kart 8 leur a donné envie de créer un niveau dans lequel Mario prend la route, direction la montagne! Le niveau recèle bien sûr quelques secrets, du stationnement à la boîte de nuit!",???,???,,Este nivel es obra un equipo de aficionados de Mario que trabajan en Mercedes-Benz. Se basaron en el aspecto del GLA en Mario Kart 8 para crear un nivel en el Mario viaja de la ciudad a las montañas en él. Obviamente hay varios elementos secretos. ¿Podrás encontrar la cochera secreta y llegar al club subterráneo?,???,???,???,???,,,???,???,,,,
Mario Trio,2015-12-03,,SMB,Ground,Underground,500,Mario & Luigi: Paper Jam,,,,Mario & Luigi: Paper Jam,???,???,,Mario & Luigi: Paper Jam,Mario & Luigi: Paper Jam Bros.,Mario & Luigi: Paper Jam Bros.,???,???,,,???,マリオ＆ルイージRPG ペーパーマリオMIX,,,,,"Mario and Paper Mario have teamed up! (Oh yeah, and Luigi too.) Is any foe capable of withstanding their combined powers?! Thus begins the quirky, fun-filled story of Mario & Luigi: Paper Jam, and now you can play as that unbeatable trio right here in Super Mario Maker too!",,,,"Mario et Mario de papier font équipe! Et bien sûr, Luigi aussi est de la partie. Qui peut résister à cette équipe de choc?! Parcourez ce niveau inspiré du délirant Mario & Luigi: Paper Jam à la tête de ce trio invincible!",???,???,,"¡Mario y Mario de papel se han aliado! (Ah, y Luigi tabién). ¿Habrá oponente capaz de hacer frente a semejante poder? Así comienza la disparatada y divertida historia de Mario & Luigi: Paper Jam. ¡Ahora también puedes asumir el papel de este trío en Super Mario Maker!",???,???,???,???,,,???,???,,,,
Frog Mario,2015-11-27,,SMB,Ground,Underground,300,NES REMIX,,,NES REMIX,,,???,NES REMIX,,,NES REMIX,???,???,,,???,ファミコンリミックス,,,,,"Become the world's greatest NES master! In the NES REMIX series, a variety of classic Nintendo Entertainment System games are given a new lease on life. This course gives you a taste of the Remix Stages from that series, where you can play old games with a new twist! Enjoy rushing ahead with a Super Star or experiencing a course in reverse!",,,,"Devenez le meilleur joueur de jeux NES du monde! Dans la série NES REMIX, les grands classiques du NES se voient offrir une seconde jeunesse. Ce niveau est un condensé des niveaux remix créé avec Super Mario Maker! Amusez-vous à foncer sous l'effet d'une super étoile ou à parcourir un niveau dans le sens inverse!",???,???,,"¡Conviértete en un as de NES! En los jusgos de la serie NES REMIX, le darás una nueva oportunidad a varios juegos clásicos de Nintendo Enternainment System. Este nivel es una muestra de los niveles Remix de dicha serie, que ofrecen nuevas formas de jugar juegos clásicos. ¡Ve a toda velocidad con una superestrella o supera un nivel invertido!",???,???,???,???,,,???,???,,,,
,2015-11-27,,SMW,Ground,Castle,500,PAX West 2015 Omegathon Final Rd,,,,PAX West 2015 - Finale Omegathon,???,???,Omegathon PAX West 2015 (final),,,Pax West 2015 - Finale Omegathon,???,???,,,???,PAXウエスト2015 オメガソン決勝戦コース,,,,,This course was revealed to be the epic final round for the PAX West 2015 Omegathon!,,,,Ce niveau a été révélé pour la ronde finale exitante de l'Omegathon de PAX West 2015!,???,???,,"Este nivel causó sensación al aparecer en la ronda final del torneo Omegathon, dentro del evento PAX West 2015.",???,???,???,???,,,???,???,,,,
Necky,2015-11-12,,SMW,Ghost House,Ghost House,500,Yoshi Is Awesome,,,,Yoshi est trop génial!,Yoshi est trop fort !,???,¡Yoshi es fabuloso!,,,Yoshi è mitico!,???,???,,,Замечательный Йоши!,我らがヨッシー,,,,,"This was the winner of a course-creation contest in Famitsu, a Japanese gaming magazine. Here's a comment from its creator, Vanilla KONDO: ""I combined ideas from courses I've already uploaded and added a few new tricks too. Mario's adorable yet reliable partner Yoshi plays a big role from beginning to end.""",,,,"Voici le gagnant du concours de création de niveau organisé par Famitsu, un magazine japonais de jeux vidéo. Le créateur, Vanilla KONDO, explique : « J'ai combiné différentes idées déjà utilisées dans mes niveaux publiés, en ajoutant quelques surprises. L'adorable Yoshi, toujours aussi dévoué, y joue un rôle central! »",???,???,,"Este nivel resultó ganador del concurso de creación de niveles en Famitsu, una revista japonesa de videojuegos. Obra de Vanilla KONDO, esto es lo que dice sobre él: ""He combinado ideas de niveles que ya había publicado con algunos trucos nuevos. La pieza clave no es otra que Yoshi, ¡el adorable y fiel compañero de Mario!"".",???,???,???,???,,,???,???,,,,
Cat Mario,2015-11-11,,NSMBU,Ground,,500,Cat Mario's Course,,,,Niveau de Mario chat,???,???,,Nivel de Mario felino,Nivel de Mario Felino,Il livello di Mario gatto,???,???,,,Уровень Марио-кота,ネコマリオのコース,,,,,"This course was made by Cat Mario from The Cat Mario Show, a video series available on Nintendo eShop and YouTube. It's a nice classic course, full of the kind of unique features that you would only ever find in Super Mario Maker.",,,,"Ce niveau a été créé par Mario chat, le présentateur de la série « Le Show de Mario chat » visible sur YouTube et sur Nintendo eShop. C'est un niveau agréable et assez classsique, plein d'éléments qu'on ne trouve que dans Super Mario Maker!",???,???,,"Este nivel es obra de Mario felino, estrella de The Cat Mario Show (El Show de Mario felino), una serie de videos disponible en Nintendo eShop y YouTube. Se trata de un nivel estilo clásico lleno del tipo elementos que solo tienen cabida en Super Mario Maker.",???,???,???,???,,,???,???,,,,
Cat Peach,2015-11-11,,NSMBU,Castle,,500,Cat Peach's Course,,,,Niveau de Peach chat,???,???,,Nivel de Peach felina,Nivel de Peach Felina,Il livello di Peach gatto,???,???,,,Уровень Пич-кошки,ネコピーチのコース,,,,,"This course was made by Cat Peach from The Cat Mario Show, a video series available on Nintendo eShop and YouTube. It's a super-difficult course, jam-packed with enemies. But if you keep trying and don't give up, you will surely succeed. ...Eventually!",,,,"Ce niveau a été créé par Peach chat, la présentatrice de la série « Le Show de Mario chat » visible sur YouTube et sur Nintendo eShop. Attention, il s'agit d'un niveau extrêmement complexe et bourré d'ennemis! Mais avec beaucoup de persévérance, vous finirez bien par le terminer... Un jour ou l'autre.",???,???,,"Este nivel es obra de Peach felina, estrella de The Cat Mario Show (El Show de Mario felino), una serie de videos disponible en Nintendo eShop y Youtube. Se trada de un nivel de gran dificultad, repleto de enemigos. Aunque eso no es motivo para desanimarse: es cuestión de ponerle empeño, ¡y acabarás superándolo! Tarde o temprano...",???,???,???,???,,,???,???,,,,
SUPER MARIO KUN,2015-11-06,,NSMBU,Ground,Underground,500,SUPER MARIO KUN 25th Anniversary,,,25 ans de SUPER MARIO KUN,,,???,25 años de SUPER MARIO KUN,,,SUPER MARIO KUN 25° anniversario,???,???,,,25-я годовщина SUPER MARIO KUN,スーパーマリオくん25周年記念コース,,,,,"This course was made by Mr. Yukio Sawada, the creator of the Japanese manga series SUPER MARIO KUN. The first half features an anniversary message, but don't think this will be an easy ride–the second half is packed with enemies! If you reach the goal, you'll earn a SUPER MARIO KUN costume for Mario to wear.",,,,"Ce niveau a été créé par M. Yukio Sawada, l'auteur du manga « SUPER MARIO KUN ». La première partie consiste en un message commémoratif en japonais, mais ne baissez pas votre garde : la deuxième partie regorge d'ennemis! Atteignez l'arrivée pour recevoir le costume SUPER MARIO KUN!",???,???,,"El autor de este nivel es el Sr. Yukio Sawada, creador de la serie japonesa de manga SUPER MARIO KUN. En la premera mitad figura un mensaje conmemorativo en japonés, pero no por ello se trata de un nivel sencillo: ¡la segunda mitad está plagada de enemigos! Si consigues llegar a la meta, obtiendr´s un difraz de SUPER MARIO KUN para Mario.",???,???,???,???,,,???,???,,,,
Totem Link,2015-11-05,,SMB,Underground,,500,Tri Force Heroes,,,Tri Force Heroes,,,???,Tri Force Heroes,,,Tri Force Heroes,???,???,,,Герои Трифорса,ゼルダの伝説 トライフォース３銃士,,,,,"Three heads are better than one! Work together with your fellow heroes, and no puzzle or challenge will stand in your way–that's how things work in The Legend of Zelda: Tri Force Heroes! And now you can experience that world as a Mario course. Form a three-hero totem and head for the goal!",,,,"L'union fait la force! Travailler de concert avec ses amis héros pour venir à bout des énigmes les plus tordues, c'est tout l'esprit de The Legend of Zelda: Tri Force Heroes. À présent, venez découvrir cet univers transposé dans un niveau de Mario : Foncez vers l'arrivée sous la forme d'un totem de trois héros!",???,???,,"Tres cabezas piensan mejor que una. Esa es precisamente la clave del juego The Legend of Zelda: Tri Force Heroes. Si colaboras con otros héroes, ¡Ahora puedes disfrutar del universo de este juego en forma de nivel. ¡Corre hacia la meta con tu tótem de tres héroes!",???,???,???,???,,,???,???,,,,
Arino KACHO,2015-11-05,,SMB,Underground,,500,Arino Maker,,,Arino Maker,,,Arino Maker,Arino Maker,,,Arino Maker,???,???,,,???,アリノメーカー,,,,,"This course was made by Arino KACHO, from the popular Japanese video-game variety-show GAMECENTER CX. Here's a comment from the KACHO himself: ""There's more than one route to the end, so try to find them all. If you mess up on the final path, I call it the Bow-Down Goal!""",,,,"Ce niveau a été créé par Arino KACHO, le présentateur de la célèbre émission de jeux vidéo japonaise « GAMECENTER CX ». Voici le commentaire du KACHO sur son niveau : « Il y a plus d'un chemin qui mène à l'arrivée. Essayez de tous les trouver! Mais attention : une erreur dans la dernière partie et l'arrivée risque de manquer de prestige! »",???,???,,"Este nivel es obra Arino KACHO, del popular programa japonés sobre videojuegos GAMECENTER CX. Esto es lo que KACHO tiene que decir al respecto: ""Existe más de una ruta para llegar a la meta, ¡intenta hallarlas todas! Procura no meter la pata en el último tramo, ¡o acabr´s agachando la cabeza!"".",???,???,???,???,,,???,???,,,,
Arino KACHO,2015-11-05,,SMB,Underwater,,500,Arino Maker Returns,,,,"Arino Maker, le retour",???,???,Arino Maker ataca de nuevo,,,Arino Maker: il ritorno,???,???,,,???,帰ってきた、アリノメーカー,,,,,"This course was made by Arino KACHO, from the popular Japanese video-game variety-show GAMECENTER CX. Here's a comment from the KACHO himself: ""This course came from my desire to take a leisurely swim through an underwater level. In addition to the main path, there's also an easy route–see if you can find it!""",,,,"Ce niveau a été créé par Arino KACHO, le présentateur de la célèbre émission de jeux vidéo japonaise « GAMECENTER CX ». Voici le commentaire du KACHO sur son niveau : « Pour ce niveau, j'avais envie d'une balade agréable dans un décor aquatique. En cherchant un peu, vous trouverez un chemin très facile, en plus du principal. »",???,???,,"Este nivel es obra Arino KACHO, del popular programa japonés sobre videojuegos GAMECENTER CX. Esto es lo que KACHO ha comentado sobre él: ""Este nivel parte de mi deseo de bucear tranquilamente en el mar en nivel submarion. Además de la ruta principal, existe un atajo. ¿Podrás encontrarlo?"".",???,???,???,???,,,???,???,,,,
Arino KACHO,2015-11-05,,SMB,Ground,,500,New! Arino Maker,,,,Nouveau! Arino Maker,???,???,,Super Arino Maker,Nuevo Arino Maker,Nuovo! Arino Maker,???,???,,,???,新！アリノメーカー！！,,,,,"This course was made by Arino KACHO, from the popular Japanese video-game variety-show GAMECENTER CX. Here's a comment from the KACHO himself: ""In this course, I tried to create a Mario experience like you've never seen before. Satisfying action is followed by my own brand of fiendish trickery. I hope you like it!""",,,,"Ce niveau a été créé par Arino KACHO, le présentateur de la célèbre émission de jeux vidéo japonaise « GAMECENTER CX ». Voici le commentaire du KACHO sur son niveau : «J'ai voulu montrer Mario comme on ne l'avait encore jamais vu. Après voir ressenti une grande satisfaction, vous subirez ma terrible fourberie. Amusez-vou bien! »",???,???,,"Este nivel es obra Arino KACHO, del popular programa japonés sobre videojuegos GAMECENTER CX. En palabras del propio KACHO: ""En este nivel buscaba crear una experiencia nunca vista. Hay momentos de gran satisfacción seguidos de otros muy frustrantes, como a mí me gusta. ¡Espero que lo disfruten!"".",???,???,???,???,,,???,???,,,,
,2015-11-05,2016-02-22,SMB,Ground,,500,Super Bakarhythm Land,,,Super Bakarhythm Land,,,???,Super Bakarhythm Land,,,Super Bakarhythm Land,???,???,,,???,スーパーバカリズムランド,,,,,"This course was made by the comedian Bakarythm, who is featured in Japanese TV commercials for Super Mario Maker. Here's a comment from Bakarhythm himself: ""I love Mario and have played tons of Mario games, so I tried to fill this course with all kinds of fun tricks and traps."" (Course available until 2/22/2016)",,,???,,,???,???,,,???,???,???,,,???,???,,,,
,2015-11-05,,SMW,Airship,Ghost House,500,Ship Love,,,Navire d'amour,,,???,El navío del amor,,,La nave dell'amore,???,???,,,???,???,,,,,"This course was selected as the winner of the Super Mario Maker ""Hackathon"" event held at Facebook.",,,,"Voici le gagnant de l'Hackathon, le tournoi de Super Mario Maker qui s'est tenu dans les locaux de Facebook.",???,???,,"Este nivel resultó elegido ganador del evento ""Hackathon"" de Super Mario Maker, que celebró en la sede de Facebook.",???,???,???,???,,,???,???,,,,